Keyword,Intent nguồn,Volume,KD,CPC,ICADO rank,ICADO page,Quyết định,Pillar,Cụm LSI / Search intent,Intent chuẩn hóa,Ưu tiên
phối đồ với quần short nữ,Informational,210,6,0.009999999776482582,0,,Giữ,Athleisure & outfit,Phối đồ / outfit / lookbook,Inspiration,P1
phối đồ với áo polo nam,Informational,140,12,0,0,,Giữ,Athleisure & outfit,Phối đồ / outfit / lookbook,Inspiration,P2
phối đồ với áo polo nữ,Informational,110,9,0,0,,Giữ,Athleisure & outfit,Phối đồ / outfit / lookbook,Inspiration,P2
phối đồ với quần short nam,Informational,90,11,0,0,,Giữ,Athleisure & outfit,Phối đồ / outfit / lookbook,Inspiration,P2
phối đồ đi biển với quần short,Informational,90,7,0,0,,Giữ,Athleisure & outfit,Phối đồ / outfit / lookbook,Inspiration,P2
phối đồ với áo polo,Informational,70,9,0,0,,Giữ,Athleisure & outfit,Phối đồ / outfit / lookbook,Inspiration,P2
phối đồ với áo thun nữ,Informational,70,9,0,0,,Giữ,Athleisure & outfit,Phối đồ / outfit / lookbook,Inspiration,P2
phối đồ với áo thun có cổ nữ,Informational,50,4,0,0,,Giữ,Athleisure & outfit,Phối đồ / outfit / lookbook,Inspiration,P2
phối đồ áo polo nam,Informational,40,9,0,0,,Giữ,Athleisure & outfit,Phối đồ / outfit / lookbook,Inspiration,P2
áo khoác nữ phong cách,Informational,40,22,0,0,,Giữ,Athleisure & outfit,Phối đồ / outfit / lookbook,Inspiration,P2
cách phối đồ với áo ngắn,Informational,30,6,0,0,,Giữ,Athleisure & outfit,Phối đồ / outfit / lookbook,Inspiration,P2
cách phối đồ với áo polo nữ,Informational,30,8,0,0,,Giữ,Athleisure & outfit,Phối đồ / outfit / lookbook,Inspiration,P2
cách phối đồ với áo thun nam,Informational,30,6,0,0,,Giữ,Athleisure & outfit,Phối đồ / outfit / lookbook,Inspiration,P2
phối đồ quần short nam,Informational,30,9,0,0,,Giữ,Athleisure & outfit,Phối đồ / outfit / lookbook,Inspiration,P2
phối đồ với quần short,Informational,30,8,0,0,,Giữ,Athleisure & outfit,Phối đồ / outfit / lookbook,Inspiration,P2
phối đồ với quần sooc da mùa đông,Informational,30,7,0,0,,Giữ,Athleisure & outfit,Phối đồ / outfit / lookbook,Inspiration,P2
phối đồ với áo phông,Informational,30,9,0,0,,Giữ,Athleisure & outfit,Phối đồ / outfit / lookbook,Inspiration,P2
phối đồ với áo phông rộng,Informational,30,8,0,0,,Giữ,Athleisure & outfit,Phối đồ / outfit / lookbook,Inspiration,P2
phối đồ với áo phông rộng nam,Informational,30,9,0,0,,Giữ,Athleisure & outfit,Phối đồ / outfit / lookbook,Inspiration,P2
phối đồ với áo phông trắng nữ,Informational,30,3,0,0,,Giữ,Athleisure & outfit,Phối đồ / outfit / lookbook,Inspiration,P2
phối đồ áo tay dài,Informational,30,-1,0,0,,Giữ,Athleisure & outfit,Phối đồ / outfit / lookbook,Inspiration,P2
phối đồ áo thun nam,Informational,30,6,0,0,,Giữ,Athleisure & outfit,Phối đồ / outfit / lookbook,Inspiration,P2
phối đồ áo thun trắng nam,Informational,30,6,0,0,,Giữ,Athleisure & outfit,Phối đồ / outfit / lookbook,Inspiration,P2
chất vải polo,Informational,30,8,0,0,,Giữ,Công nghệ vải & form,Chất liệu và hiệu suất vải,Informational,P2
chất vải áo phông,Informational,30,10,0,0,,Giữ,Công nghệ vải & form,Chất liệu và hiệu suất vải,Informational,P2
quần dài thể thao vải dù,Informational,30,9,0,0,,Giữ,Công nghệ vải & form,Chất liệu và hiệu suất vải,Informational,P2
quần vải nỉ,Informational,30,11,0,0,,Giữ,Công nghệ vải & form,Chất liệu và hiệu suất vải,Informational,P2
quần vải áo phông,Informational,30,11,0,0,,Giữ,Công nghệ vải & form,Chất liệu và hiệu suất vải,Informational,P2
áo khoác vải nam,Informational,30,49,0.029999999329447746,0,,Giữ,Công nghệ vải & form,Chất liệu và hiệu suất vải,Informational,P2
quần áo tập gym nữ,Commercial,210,18,0.07000000029802322,0,,Giữ,Gym & Training,Chọn đồ nữ,Commercial investigation,P1
set đồ tập gym cho nữ,Informational,140,9,0.03999999910593033,0,,Giữ,Gym & Training,Chọn đồ nữ,Informational,P2
mua quần áo tập gym nữ ở hà nội,Commercial,30,14,0,0,,Giữ,Gym & Training,Chọn đồ nữ,Transactional,P2
quần short tập gym nữ 2 lớp,Informational,30,8,0,0,,Giữ,Gym & Training,Chọn đồ nữ,Informational,P2
training bra,Informational,30,26,0,0,,Giữ,Gym & Training,Chọn đồ nữ,Informational,P2
shape đồ tập gym yoga sport,Transactional,170,29,0,0,,Giữ,Gym & Training,Mặc gì / hướng dẫn chọn đồ,Commercial investigation,P2
quần áo tập gym hà nội,Commercial,30,11,0,0,,Giữ,Gym & Training,Mặc gì / hướng dẫn chọn đồ,Commercial investigation,P2
shop đồ tập gym hà nội,Commercial,30,-1,0,0,,Giữ,Gym & Training,Mặc gì / hướng dẫn chọn đồ,Transactional,P2
đồ tập gym mùa đông,Informational,30,6,0.05999999865889549,0,,Giữ,Gym & Training,Mặc gì / hướng dẫn chọn đồ,Transactional,P2
pickleball clothing,Commercial,50,33,0.5199999809265137,0,,Giữ,Pickleball,Kiến thức Pickleball hỗ trợ chọn đồ,Commercial investigation,P2
quần tennis nam,Informational,12100,13,0.12999999523162842,0,,Giữ,Tennis & Running,Chọn đồ nam,Informational,P0
quần chạy bộ nam,Informational,480,10,0.09000000357627869,0,,Giữ,Tennis & Running,Chọn đồ nam,Comparison,P1
quần áo chạy bộ nam,Informational,170,8,0.10000000149011612,0,,Giữ,Tennis & Running,Chọn đồ nam,Comparison,P2
quần bó cơ chạy bộ nam,Informational,110,5,0.09000000357627869,0,,Giữ,Tennis & Running,Chọn đồ nam,Comparison,P2
quần chạy bộ nam 2 lớp,Informational,90,7,0.07000000029802322,0,,Giữ,Tennis & Running,Chọn đồ nam,Comparison,P2
bộ đồ chạy bộ nam,Informational,40,4,0.07999999821186066,0,,Giữ,Tennis & Running,Chọn đồ nam,Comparison,P2
quần chạy bộ nam ngắn,Informational,30,9,0.07000000029802322,0,,Giữ,Tennis & Running,Chọn đồ nam,Comparison,P2
quần lót chạy bộ nam,Informational,30,6,0.10000000149011612,0,,Giữ,Tennis & Running,Chọn đồ nam,Comparison,P2
quần đùi chạy bộ nam,Informational,30,3,0.07999999821186066,0,,Giữ,Tennis & Running,Chọn đồ nam,Comparison,P2
áo quần chạy bộ nam,Informational,30,7,0.10000000149011612,0,,Giữ,Tennis & Running,Chọn đồ nam,Comparison,P2
quần áo chạy bộ nữ,Informational,210,9,0.09000000357627869,0,,Giữ,Tennis & Running,Chọn đồ nữ,Comparison,P1
áo chạy bộ nữ,Informational,90,8,0.09000000357627869,0,,Giữ,Tennis & Running,Chọn đồ nữ,Comparison,P2
trang phục chạy bộ nữ,Informational,40,9,0.05000000074505806,0,,Giữ,Tennis & Running,Chọn đồ nữ,Comparison,P2
quần chạy bộ,Informational,720,9,0.07999999821186066,0,,Giữ,Tennis & Running,Kiến thức Tennis/Running hỗ trợ chọn đồ,Comparison,P1
áo khoác chạy bộ,Informational,210,15,0.07999999821186066,0,,Giữ,Tennis & Running,Kiến thức Tennis/Running hỗ trợ chọn đồ,Comparison,P1
áo running man,Informational,170,16,0.07000000029802322,0,,Giữ,Tennis & Running,Kiến thức Tennis/Running hỗ trợ chọn đồ,Informational,P2
quần chạy bộ 2 lớp,Informational,90,9,0.11999999731779099,0,,Giữ,Tennis & Running,Kiến thức Tennis/Running hỗ trợ chọn đồ,Comparison,P2
quần đùi chạy bộ,Informational,90,9,0.05999999865889549,0,,Giữ,Tennis & Running,Kiến thức Tennis/Running hỗ trợ chọn đồ,Comparison,P2
quần running,Informational,30,12,0.07999999821186066,0,,Giữ,Tennis & Running,Kiến thức Tennis/Running hỗ trợ chọn đồ,Informational,P2
short running,Informational,30,13,0,0,,Giữ,Tennis & Running,Kiến thức Tennis/Running hỗ trợ chọn đồ,Informational,P2
quần áo chạy bộ,Informational,390,10,0.09000000357627869,0,,Giữ,Tennis & Running,Mặc gì / hướng dẫn chọn đồ,Comparison,P1
quần áo chơi tennis,Informational,30,6,0,0,,Giữ,Tennis & Running,Mặc gì / hướng dẫn chọn đồ,Informational,P2
đồ tập yoga nữ,Informational,170,22,0.05999999865889549,0,,Giữ,Yoga & Pilates,Chọn đồ nữ,Informational,P2
quần tập yoga alibaba,Informational,30,21,0.07000000029802322,0,,Giữ,Yoga & Pilates,Kiến thức Yoga/Pilates hỗ trợ chọn đồ,Informational,P2
đồ tập yoga kín đáo,Informational,170,10,0.05000000074505806,0,,Giữ,Yoga & Pilates,Mặc gì / hướng dẫn chọn đồ,Informational,P2
đồ tập aerobic,Transactional,140,18,0.03999999910593033,0,,Giữ,Yoga & Pilates,Mặc gì / hướng dẫn chọn đồ,Commercial investigation,P2
bộ đồ tập aerobic,Informational,30,12,0,0,,Giữ,Yoga & Pilates,Mặc gì / hướng dẫn chọn đồ,Informational,P2
áo polo nam,Informational,22200,14,0.20000000298023224,0,,Cần review,Athleisure & outfit,Chọn đồ nam,Informational,—
áo khoác nam,Informational,18100,64,0.07000000029802322,0,,Cần review,Athleisure & outfit,Chọn đồ nam,Informational,—
quần short,Informational,5400,19,0.05000000074505806,0,,Cần review,Athleisure & outfit,Chọn đồ nam,Informational,—
quần lót nam,Informational,4400,27,0.10000000149011612,0,,Cần review,Athleisure & outfit,Chọn đồ nam,Informational,—
áo khoác nam cao cấp,Informational,2900,57,0.07999999821186066,0,,Cần review,Athleisure & outfit,Chọn đồ nam,Informational,—
quần sịp nam,Informational,2400,27,0.07999999821186066,0,,Cần review,Athleisure & outfit,Chọn đồ nam,Informational,—
áo phao nam,Informational,2400,14,0.07000000029802322,0,,Cần review,Athleisure & outfit,Chọn đồ nam,Informational,—
quần sooc nam,Informational,1900,22,0.05000000074505806,0,,Cần review,Athleisure & outfit,Chọn đồ nam,Informational,—
áo khoác nam đẹp,Informational,1900,47,0.05999999865889549,0,,Cần review,Athleisure & outfit,Chọn đồ nam,Informational,—
áo gió nam,Informational,1600,12,0.05000000074505806,0,,Cần review,Athleisure & outfit,Chọn đồ nam,Informational,—
áo khoác gió nam,Informational,1600,12,0.07999999821186066,0,,Cần review,Athleisure & outfit,Chọn đồ nam,Informational,—
mẫu áo khoác nam đẹp 2021,Informational,1300,4,0.029999999329447746,0,,Cần review,Athleisure & outfit,Chọn đồ nam,Informational,—
quần thể thao nam,Informational,1300,15,0.07999999821186066,0,,Cần review,Athleisure & outfit,Chọn đồ nam,Informational,—
áo bomber nam,Informational,1300,12,0.03999999910593033,0,,Cần review,Athleisure & outfit,Chọn đồ nam,Informational,—
quần đùi nam cao cấp,Informational,1000,19,0.05000000074505806,0,,Cần review,Athleisure & outfit,Chọn đồ nam,Informational,—
polo nam,Informational,880,16,0.07999999821186066,0,,Cần review,Athleisure & outfit,Chọn đồ nam,Informational,—
quan sot nam,Informational,880,15,0.029999999329447746,0,,Cần review,Athleisure & outfit,Chọn đồ nam,Informational,—
quần nỉ nam,Informational,880,11,0.05999999865889549,0,,Cần review,Athleisure & outfit,Chọn đồ nam,Informational,—
áo khoác bomber nam,Informational,880,9,0.05000000074505806,0,,Cần review,Athleisure & outfit,Chọn đồ nam,Informational,—
áo khoác nam hàng hiệu,Informational,880,53,0.05999999865889549,0,,Cần review,Athleisure & outfit,Chọn đồ nam,Informational,—
quần gió nam,Informational,720,9,0.05999999865889549,0,,Cần review,Athleisure & outfit,Chọn đồ nam,Informational,—
quần lót nam chính hãng,Informational,720,12,0.14000000059604645,0,,Cần review,Athleisure & outfit,Chọn đồ nam,Transactional,—
quần lửng nam,Informational,720,20,0.05999999865889549,0,,Cần review,Athleisure & outfit,Chọn đồ nam,Informational,—
quần xì nam,Informational,720,28,0.07999999821186066,0,,Cần review,Athleisure & outfit,Chọn đồ nam,Informational,—
thương hiệu áo khoác nam cao cấp,Informational,720,14,0.05000000074505806,0,,Cần review,Athleisure & outfit,Chọn đồ nam,Informational,—
áo jacket nam,Informational,720,12,0.05999999865889549,0,,Cần review,Athleisure & outfit,Chọn đồ nam,Informational,—
áo thun polo nam,Informational,720,19,0.10000000149011612,0,,Cần review,Athleisure & outfit,Chọn đồ nam,Informational,—
áo khoác nam chính hãng,Informational,590,59,0.07000000029802322,0,,Cần review,Athleisure & outfit,Chọn đồ nam,Transactional,—
áo khoác nam trung niên,Informational,590,7,0.03999999910593033,0,,Cần review,Athleisure & outfit,Chọn đồ nam,Informational,—
áo nỉ nam,Informational,590,10,0,0,,Cần review,Athleisure & outfit,Chọn đồ nam,Informational,—
quần dài thể thao nam,Informational,480,15,0.07999999821186066,0,,Cần review,Athleisure & outfit,Chọn đồ nam,Informational,—
quần ngố nam,Informational,480,10,0.05000000074505806,0,,Cần review,Athleisure & outfit,Chọn đồ nam,Informational,—
quần áo nam đẹp,Informational,480,16,0.10000000149011612,0,,Cần review,Athleisure & outfit,Chọn đồ nam,Informational,—
quần đùi đen nam,Informational,480,22,0,0,,Cần review,Athleisure & outfit,Chọn đồ nam,Informational,—
áo khoác dù nam,Informational,480,14,0.05000000074505806,0,,Cần review,Athleisure & outfit,Chọn đồ nam,Informational,—
áo khoác nam 2021,Informational,480,16,0.03999999910593033,0,,Cần review,Athleisure & outfit,Chọn đồ nam,Informational,—
áo khoác nam cao cấp nhập khẩu,Informational,480,31,0.05999999865889549,0,,Cần review,Athleisure & outfit,Chọn đồ nam,Informational,—
áo khoác nam mùa đông,Informational,480,60,0,0,,Cần review,Athleisure & outfit,Chọn đồ nam,Transactional,—
áo khoác nam đẹp nhất hiện nay,Informational,480,44,0.05999999865889549,0,,Cần review,Athleisure & outfit,Chọn đồ nam,Informational,—
áo khoác nỉ nam,Informational,480,11,0.029999999329447746,0,,Cần review,Athleisure & outfit,Chọn đồ nam,Informational,—
quần sọt nam cao cấp,Informational,390,15,0.07000000029802322,0,,Cần review,Athleisure & outfit,Chọn đồ nam,Informational,—
shop áo khoác nam hcm,Informational,390,13,0,0,,Cần review,Athleisure & outfit,Chọn đồ nam,Transactional,—
áo khoác nam công sở,Informational,390,9,0.07999999821186066,0,,Cần review,Athleisure & outfit,Chọn đồ nam,Informational,—
áo thu đông nam,Informational,390,12,0,0,,Cần review,Athleisure & outfit,Chọn đồ nam,Informational,—
áo ấm nam,Informational,390,63,0,0,,Cần review,Athleisure & outfit,Chọn đồ nam,Informational,—
mẫu áo khoác nam đẹp 2022,Informational,320,8,0.019999999552965164,0,,Cần review,Athleisure & outfit,Chọn đồ nam,Informational,—
quần lót nam cao cấp,Informational,320,16,0.09000000357627869,0,,Cần review,Athleisure & outfit,Chọn đồ nam,Informational,—
quần lót nam lưới,Informational,320,4,0.11999999731779099,0,,Cần review,Athleisure & outfit,Chọn đồ nam,Informational,—
shop áo khoác nam hàn quốc,Informational,320,16,0.05000000074505806,0,,Cần review,Athleisure & outfit,Chọn đồ nam,Transactional,—
áo khoác jacket nam,Informational,320,13,0.05999999865889549,0,,Cần review,Athleisure & outfit,Chọn đồ nam,Informational,—
áo khoác phao nam,Informational,320,9,0.07999999821186066,0,,Cần review,Athleisure & outfit,Chọn đồ nam,Informational,—
áo khoác thể thao nam,Informational,320,37,0.07999999821186066,0,,Cần review,Athleisure & outfit,Chọn đồ nam,Informational,—
áo phao lông vũ nam,Informational,320,13,0,0,,Cần review,Athleisure & outfit,Chọn đồ nam,Informational,—
áo phao nam hàng hiệu,Informational,320,7,0.07000000029802322,0,,Cần review,Athleisure & outfit,Chọn đồ nam,Informational,—
bộ đồ nam,Informational,260,11,0.05000000074505806,0,,Cần review,Athleisure & outfit,Chọn đồ nam,Informational,—
quần ngắn nam,Informational,260,15,0.05999999865889549,0,,Cần review,Athleisure & outfit,Chọn đồ nam,Informational,—
quần sịp nam cao cấp,Informational,260,24,0.07999999821186066,0,,Cần review,Athleisure & outfit,Chọn đồ nam,Informational,—
quần áo gió nam cao cấp,Informational,260,16,0.03999999910593033,0,,Cần review,Athleisure & outfit,Chọn đồ nam,Informational,—
quần áo thu đông nam hàng hiệu,Informational,260,9,0,0,,Cần review,Athleisure & outfit,Chọn đồ nam,Informational,—
áo gió nam hàng hiệu,Informational,260,13,0,0,,Cần review,Athleisure & outfit,Chọn đồ nam,Informational,—
áo khoác công sở nam,Informational,260,12,0.07999999821186066,0,,Cần review,Athleisure & outfit,Chọn đồ nam,Informational,—
áo khoác lông vũ nam,Informational,260,9,0,0,,Cần review,Athleisure & outfit,Chọn đồ nam,Informational,—
áo lông vũ nam,Informational,260,12,0,0,,Cần review,Athleisure & outfit,Chọn đồ nam,Informational,—
áo phao gile nam,Informational,260,9,0,0,,Cần review,Athleisure & outfit,Chọn đồ nam,Informational,—
áo phao nam cao cấp,Informational,260,13,0,0,,Cần review,Athleisure & outfit,Chọn đồ nam,Informational,—
áo polo nam chính hãng,Informational,260,25,0.07000000029802322,0,,Cần review,Athleisure & outfit,Chọn đồ nam,Transactional,—
áo thun dài tay nam hàng hiệu,Informational,260,8,0.07000000029802322,0,,Cần review,Athleisure & outfit,Chọn đồ nam,Informational,—
áo đồng phục nam,Informational,260,28,0.6499999761581421,0,,Cần review,Athleisure & outfit,Chọn đồ nam,Informational,—
các mẫu áo khoác nam đẹp,Informational,210,46,0.03999999910593033,0,,Cần review,Athleisure & outfit,Chọn đồ nam,Informational,—
quần lót nam hàng hiệu,Informational,210,15,0.09000000357627869,0,,Cần review,Athleisure & outfit,Chọn đồ nam,Informational,—
quần nỉ nam ống suông,Informational,210,16,0.019999999552965164,0,,Cần review,Athleisure & outfit,Chọn đồ nam,Informational,—
quần sooc nam hàng hiệu,Informational,210,14,0.05999999865889549,0,,Cần review,Athleisure & outfit,Chọn đồ nam,Informational,—
quần xà lỏn nam,Informational,210,20,0.03999999910593033,0,,Cần review,Athleisure & outfit,Chọn đồ nam,Informational,—
shop áo khoác nam,Commercial,210,30,0.05999999865889549,0,,Cần review,Athleisure & outfit,Chọn đồ nam,Transactional,—
áo bu dông nam,Informational,210,11,0,0,,Cần review,Athleisure & outfit,Chọn đồ nam,Informational,—
áo lông nam,Informational,210,12,0,0,,Cần review,Athleisure & outfit,Chọn đồ nam,Informational,—
áo lạnh nam,Informational,210,55,0.07999999821186066,0,,Cần review,Athleisure & outfit,Chọn đồ nam,Informational,—
các loại quần short nam,Informational,170,9,0.05999999865889549,0,,Cần review,Athleisure & outfit,Chọn đồ nam,Informational,—
mẫu áo thu đông nam đẹp,Informational,170,8,0,0,,Cần review,Athleisure & outfit,Chọn đồ nam,Informational,—
quần gió nam cao cấp,Informational,170,9,0.03999999910593033,0,,Cần review,Athleisure & outfit,Chọn đồ nam,Informational,—
quần gió nam ống suông,Informational,170,9,0.05000000074505806,0,,Cần review,Athleisure & outfit,Chọn đồ nam,Informational,—
quần mùa đông nam,Informational,170,9,0,0,,Cần review,Athleisure & outfit,Chọn đồ nam,Transactional,—
quần nỉ nam mùa đông,Informational,170,12,0,0,,Cần review,Athleisure & outfit,Chọn đồ nam,Transactional,—
quần nỉ ống rộng nam,Informational,170,9,0.05000000074505806,0,,Cần review,Athleisure & outfit,Chọn đồ nam,Informational,—
quần nỉ ống suông nam,Informational,170,9,0,0,,Cần review,Athleisure & outfit,Chọn đồ nam,Informational,—
quần short đen,Informational,170,9,0,0,,Cần review,Athleisure & outfit,Chọn đồ nam,Informational,—
quần sịp nam đẹp,Informational,170,19,0.07999999821186066,0,,Cần review,Athleisure & outfit,Chọn đồ nam,Informational,—
quần xì nam xịn,"Informational, Transactional",170,11,0,0,,Cần review,Athleisure & outfit,Chọn đồ nam,Commercial investigation,—
áo choàng nam,Informational,170,7,0,0,,Cần review,Athleisure & outfit,Chọn đồ nam,Informational,—
áo khoác nam có mũ,Informational,170,10,0.03999999910593033,0,,Cần review,Athleisure & outfit,Chọn đồ nam,Informational,—
áo khoác nhung nam,Informational,170,12,0,0,,Cần review,Athleisure & outfit,Chọn đồ nam,Informational,—
áo nam thương hiệu,Informational,170,41,0.10999999940395355,0,,Cần review,Athleisure & outfit,Chọn đồ nam,Informational,—
áo phông nam dài tay,Informational,170,8,0,0,,Cần review,Athleisure & outfit,Chọn đồ nam,Informational,—
bộ quần áo gió nam,Informational,140,10,0,0,,Cần review,Athleisure & outfit,Chọn đồ nam,Informational,—
các loại áo khoác nam,Informational,140,12,0,0,,Cần review,Athleisure & outfit,Chọn đồ nam,Informational,—
mẫu áo gió nam đẹp,Informational,140,14,0,0,,Cần review,Athleisure & outfit,Chọn đồ nam,Informational,—
mẫu áo khoác nam,Informational,140,47,0,0,,Cần review,Athleisure & outfit,Chọn đồ nam,Informational,—
quan short nam the thao,Informational,140,8,0.05999999865889549,0,,Cần review,Athleisure & outfit,Chọn đồ nam,Informational,—
quần cộc nam,Informational,140,9,0.029999999329447746,0,,Cần review,Athleisure & outfit,Chọn đồ nam,Informational,—
quần gió thể thao nam,Informational,140,9,0.05000000074505806,0,,Cần review,Athleisure & outfit,Chọn đồ nam,Informational,—
quần sịp đùi nam,Informational,140,17,0.07000000029802322,0,,Cần review,Athleisure & outfit,Chọn đồ nam,Informational,—
quần thể thao nam đẹp,Informational,140,9,0.07000000029802322,0,,Cần review,Athleisure & outfit,Chọn đồ nam,Informational,—
quần áo bộ nam,Informational,140,9,0.11999999731779099,0,,Cần review,Athleisure & outfit,Chọn đồ nam,Informational,—
quần áo mùa đông nam,Informational,140,39,0,0,,Cần review,Athleisure & outfit,Chọn đồ nam,Transactional,—
quần áo thu đông nam,Informational,140,10,0,0,,Cần review,Athleisure & outfit,Chọn đồ nam,Informational,—
short nam,Informational,140,19,0.07000000029802322,0,,Cần review,Athleisure & outfit,Chọn đồ nam,Informational,—
áo gile phao nam,Informational,140,11,0,0,,Cần review,Athleisure & outfit,Chọn đồ nam,Informational,—
áo gió nam đẹp,Informational,140,9,0,0,,Cần review,Athleisure & outfit,Chọn đồ nam,Informational,—
áo jacket nam hàng hiệu,Informational,140,50,0,0,,Cần review,Athleisure & outfit,Chọn đồ nam,Informational,—
áo khoác gió nam cao cấp,Informational,140,16,0.09000000357627869,0,,Cần review,Athleisure & outfit,Chọn đồ nam,Informational,—
áo khoác lót lông nam,Informational,140,16,0,0,,Cần review,Athleisure & outfit,Chọn đồ nam,Informational,—
áo khoác nam công sở cao cấp,Informational,140,11,0,0,,Cần review,Athleisure & outfit,Chọn đồ nam,Informational,—
áo khoác nam trung niên hàng hiệu,Informational,140,4,0,0,,Cần review,Athleisure & outfit,Chọn đồ nam,Informational,—
áo khoác trần bông nam,Informational,140,11,0,0,,Cần review,Athleisure & outfit,Chọn đồ nam,Informational,—
áo khoác đen nam,Informational,140,31,0,0,,Cần review,Athleisure & outfit,Chọn đồ nam,Informational,—
áo khoác đẹp cho nam,Informational,140,53,0.07999999821186066,0,,Cần review,Athleisure & outfit,Chọn đồ nam,Informational,—
áo phao nam đẹp,Informational,140,10,0,0,,Cần review,Athleisure & outfit,Chọn đồ nam,Informational,—
áo phông polo nam,Informational,140,20,0.07000000029802322,0,,Cần review,Athleisure & outfit,Chọn đồ nam,Informational,—
áo polo việt nam,Informational,140,18,0.25999999046325684,0,,Cần review,Athleisure & outfit,Chọn đồ nam,Informational,—
áo rét nam,Informational,140,59,0,0,,Cần review,Athleisure & outfit,Chọn đồ nam,Informational,—
ao khoac nam gia re,Informational,110,33,0.019999999552965164,0,,Cần review,Athleisure & outfit,Chọn đồ nam,Transactional,—
băng đô thể thao nam,Informational,110,6,0.05999999865889549,0,,Cần review,Athleisure & outfit,Chọn đồ nam,Informational,—
bộ quần áo gió nam cao cấp,Informational,110,9,0,0,,Cần review,Athleisure & outfit,Chọn đồ nam,Informational,—
bộ quần áo nỉ nam mùa đông,Informational,110,9,0,0,,Cần review,Athleisure & outfit,Chọn đồ nam,Transactional,—
các kiểu áo thun nam tay dài đẹp,Informational,110,10,0.05999999865889549,0,,Cần review,Athleisure & outfit,Chọn đồ nam,Informational,—
các loại áo khoác mùa đông cho nam,Informational,110,58,0,0,,Cần review,Athleisure & outfit,Chọn đồ nam,Transactional,—
mua áo khoác nam,Informational,110,54,0.11999999731779099,0,,Cần review,Athleisure & outfit,Chọn đồ nam,Transactional,—
quần lót giấy nam,Informational,110,8,0.019999999552965164,0,,Cần review,Athleisure & outfit,Chọn đồ nam,Informational,—
quần short trắng nam,Informational,110,11,0.03999999910593033,0,,Cần review,Athleisure & outfit,Chọn đồ nam,Informational,—
quần sọc nam,Informational,110,18,0.05999999865889549,0,,Cần review,Athleisure & outfit,Chọn đồ nam,Informational,—
quần áo nam mùa đông,Informational,110,18,0,0,,Cần review,Athleisure & outfit,Chọn đồ nam,Transactional,—
quần đùi trắng nam,Informational,110,10,0.05000000074505806,0,,Cần review,Athleisure & outfit,Chọn đồ nam,Informational,—
shop quần lót nam,Commercial,110,20,0.6100000143051147,0,,Cần review,Athleisure & outfit,Chọn đồ nam,Transactional,—
xem áo khoác nam,Informational,110,57,0.019999999552965164,0,,Cần review,Athleisure & outfit,Chọn đồ nam,Informational,—
áo khoác 2 lớp nam,Informational,110,13,0,0,,Cần review,Athleisure & outfit,Chọn đồ nam,Informational,—
áo khoác gió nam đẹp,Informational,110,15,0.15000000596046448,0,,Cần review,Athleisure & outfit,Chọn đồ nam,Informational,—
áo khoác mỏng nam,Informational,110,13,0.05000000074505806,0,,Cần review,Athleisure & outfit,Chọn đồ nam,Informational,—
áo khoác nam 2 lớp,Informational,110,9,0,0,,Cần review,Athleisure & outfit,Chọn đồ nam,Informational,—
áo khoác nam lông vũ,Informational,110,9,0,0,,Cần review,Athleisure & outfit,Chọn đồ nam,Informational,—
áo khoác nam thời trang,Informational,110,41,0.07000000029802322,0,,Cần review,Athleisure & outfit,Chọn đồ nam,Informational,—
áo khoác nam trẻ trung,Informational,110,48,0,0,,Cần review,Athleisure & outfit,Chọn đồ nam,Informational,—
áo khoác nam đà nẵng,Commercial,110,14,0.05999999865889549,0,,Cần review,Athleisure & outfit,Chọn đồ nam,Commercial investigation,—
áo khoác nỉ nam cao cấp,Informational,110,15,0,0,,Cần review,Athleisure & outfit,Chọn đồ nam,Informational,—
áo khoác nỉ nam có mũ,Informational,110,13,0,0,,Cần review,Athleisure & outfit,Chọn đồ nam,Informational,—
áo khoác thu đông nam,Informational,110,33,0,0,,Cần review,Athleisure & outfit,Chọn đồ nam,Informational,—
áo khoác thun nam,Informational,110,44,0.05000000074505806,0,,Cần review,Athleisure & outfit,Chọn đồ nam,Informational,—
áo khoác trung niên nam,Informational,110,10,0,0,,Cần review,Athleisure & outfit,Chọn đồ nam,Informational,—
áo khoác việt nam,Informational,110,8,0,0,,Cần review,Athleisure & outfit,Chọn đồ nam,Informational,—
áo nhung nam,Informational,110,14,0,0,,Cần review,Athleisure & outfit,Chọn đồ nam,Informational,—
áo phao dài nam,Informational,110,16,0,0,,Cần review,Athleisure & outfit,Chọn đồ nam,Informational,—
áo phao mùa đông nam,Informational,110,8,0,0,,Cần review,Athleisure & outfit,Chọn đồ nam,Transactional,—
áo phông dài tay nam,Informational,110,8,0.029999999329447746,0,,Cần review,Athleisure & outfit,Chọn đồ nam,Informational,—
bộ quần áo nỉ nam,Informational,90,9,0,0,,Cần review,Athleisure & outfit,Chọn đồ nam,Informational,—
mẫu áo khoác nam đẹp,Informational,90,44,0,0,,Cần review,Athleisure & outfit,Chọn đồ nam,Informational,—
mẫu áo khoác đẹp nam,Informational,90,47,0,0,,Cần review,Athleisure & outfit,Chọn đồ nam,Informational,—
những mẫu áo khoác nam đẹp,Informational,90,42,0,0,,Cần review,Athleisure & outfit,Chọn đồ nam,Informational,—
quần lót lông nam,Informational,90,12,0,0,,Cần review,Athleisure & outfit,Chọn đồ nam,Informational,—
quần lót đùi nam,Informational,90,33,0.12999999523162842,0,,Cần review,Athleisure & outfit,Chọn đồ nam,Informational,—
quần nỉ nam đẹp,Informational,90,10,0.05000000074505806,0,,Cần review,Athleisure & outfit,Chọn đồ nam,Informational,—
quần short phối áo sơ mi nam,Informational,90,8,0,0,,Cần review,Athleisure & outfit,Chọn đồ nam,Informational,—
quần sooc nam cao cấp,Informational,90,9,0.05000000074505806,0,,Cần review,Athleisure & outfit,Chọn đồ nam,Informational,—
quần sooc nam trắng,Informational,90,11,0.029999999329447746,0,,Cần review,Athleisure & outfit,Chọn đồ nam,Informational,—
quần sooc nam đẹp,Informational,90,18,0.03999999910593033,0,,Cần review,Athleisure & outfit,Chọn đồ nam,Informational,—
quần thu đông nam,Informational,90,8,0,0,,Cần review,Athleisure & outfit,Chọn đồ nam,Informational,—
quần xi líp nam,Informational,90,22,0.09000000357627869,0,,Cần review,Athleisure & outfit,Chọn đồ nam,Informational,—
quần áo gió thể thao nam,Informational,90,9,0,0,,Cần review,Athleisure & outfit,Chọn đồ nam,Informational,—
quần áo mùa hè nam,Informational,90,9,0.03999999910593033,0,,Cần review,Athleisure & outfit,Chọn đồ nam,Transactional,—
quần áo nam mùa hè,Informational,90,9,0.05000000074505806,0,,Cần review,Athleisure & outfit,Chọn đồ nam,Transactional,—
quần áo nỉ nam,Informational,90,10,0,0,,Cần review,Athleisure & outfit,Chọn đồ nam,Informational,—
quần áo thu đông nam hàn quốc,Informational,90,9,0,0,,Cần review,Athleisure & outfit,Chọn đồ nam,Informational,—
áo bomber nam chính hãng,Informational,90,12,0,0,,Cần review,Athleisure & outfit,Chọn đồ nam,Transactional,—
áo gió lót lông nam,Informational,90,13,0,0,,Cần review,Athleisure & outfit,Chọn đồ nam,Informational,—
áo giữ nhiệt thể thao nam,Informational,90,6,0,0,,Cần review,Athleisure & outfit,Chọn đồ nam,Informational,—
áo khoác bóng chày nam,Informational,90,8,0,0,,Cần review,Athleisure & outfit,Chọn đồ nam,Comparison,—
áo khoác bông nam,Informational,90,15,0,0,,Cần review,Athleisure & outfit,Chọn đồ nam,Informational,—
áo khoác cho nam,Informational,90,49,0.10000000149011612,0,,Cần review,Athleisure & outfit,Chọn đồ nam,Informational,—
áo khoác hành chính nam,Informational,90,8,0.09000000357627869,0,,Cần review,Athleisure & outfit,Chọn đồ nam,Informational,—
áo khoác len nam hàng hiệu,Informational,90,8,0,0,,Cần review,Athleisure & outfit,Chọn đồ nam,Informational,—
áo khoác nam mỏng,Informational,90,52,0.03999999910593033,0,,Cần review,Athleisure & outfit,Chọn đồ nam,Informational,—
áo khoác nam trung quốc cao cấp,Informational,90,16,0,0,,Cần review,Athleisure & outfit,Chọn đồ nam,Informational,—
áo khoác polo nam,Informational,90,11,0,0,,Cần review,Athleisure & outfit,Chọn đồ nam,Informational,—
áo khoác thời trang nam,Informational,90,51,0.10000000149011612,0,,Cần review,Athleisure & outfit,Chọn đồ nam,Informational,—
áo khoác đông nam,Informational,90,58,0,0,,Cần review,Athleisure & outfit,Chọn đồ nam,Informational,—
áo khoác ấm nam,Informational,90,56,0,0,,Cần review,Athleisure & outfit,Chọn đồ nam,Informational,—
áo lông cừu nam,Informational,90,9,0,0,,Cần review,Athleisure & outfit,Chọn đồ nam,Informational,—
áo phao có mũ nam,Informational,90,7,0,0,,Cần review,Athleisure & outfit,Chọn đồ nam,Informational,—
áo phao nam lông vũ,Informational,90,9,0,0,,Cần review,Athleisure & outfit,Chọn đồ nam,Informational,—
áo pilot nam,Informational,90,9,0,0,,Cần review,Athleisure & outfit,Chọn đồ nam,Informational,—
áo ấm cho nam,Informational,90,55,0,0,,Cần review,Athleisure & outfit,Chọn đồ nam,Informational,—
áo ấm nam đẹp,Informational,90,57,0,0,,Cần review,Athleisure & outfit,Chọn đồ nam,Informational,—
mẫu áo bomber nam,Informational,70,10,0,0,,Cần review,Athleisure & outfit,Chọn đồ nam,Informational,—
quan the thao nam cao cap,Informational,70,9,0.03999999910593033,0,,Cần review,Athleisure & outfit,Chọn đồ nam,Informational,—
quần nỉ nam cao cấp,Informational,70,9,0,0,,Cần review,Athleisure & outfit,Chọn đồ nam,Informational,—
quần áo bộ nam mùa đông,Informational,70,12,0,0,,Cần review,Athleisure & outfit,Chọn đồ nam,Transactional,—
quần áo gió nam,Informational,70,9,0,0,,Cần review,Athleisure & outfit,Chọn đồ nam,Informational,—
quần đùi nam hà nội,Informational,70,8,0.019999999552965164,0,,Cần review,Athleisure & outfit,Chọn đồ nam,Informational,—
shop áo bomber nam,Informational,70,15,0,0,,Cần review,Athleisure & outfit,Chọn đồ nam,Transactional,—
áo bomber nam đẹp,Informational,70,10,0,0,,Cần review,Athleisure & outfit,Chọn đồ nam,Informational,—
áo bông nam,Informational,70,10,0,0,,Cần review,Athleisure & outfit,Chọn đồ nam,Informational,—
áo gió nam mỏng,Informational,70,12,0.05999999865889549,0,,Cần review,Athleisure & outfit,Chọn đồ nam,Informational,—
áo gió thể thao nam,Informational,70,7,0.05999999865889549,0,,Cần review,Athleisure & outfit,Chọn đồ nam,Informational,—
áo jacket nam cao cấp,Informational,70,13,0,0,,Cần review,Athleisure & outfit,Chọn đồ nam,Informational,—
áo khoác 3 lớp nam,Informational,70,5,0,0,,Cần review,Athleisure & outfit,Chọn đồ nam,Informational,—
áo khoác bomber nam cao cấp,Informational,70,9,0,0,,Cần review,Athleisure & outfit,Chọn đồ nam,Informational,—
áo khoác gió lót lông nam,Informational,70,12,0,0,,Cần review,Athleisure & outfit,Chọn đồ nam,Informational,—
áo khoác hàng hiệu nam,Informational,70,56,0,0,,Cần review,Athleisure & outfit,Chọn đồ nam,Informational,—
áo khoác nam chống nước,Informational,70,9,0.029999999329447746,0,,Cần review,Athleisure & outfit,Chọn đồ nam,Informational,—
áo khoác nam jacket,Informational,70,13,0.07000000029802322,0,,Cần review,Athleisure & outfit,Chọn đồ nam,Informational,—
áo khoác nam màu trắng,Informational,70,12,0,0,,Cần review,Athleisure & outfit,Chọn đồ nam,Informational,—
áo khoác nam mùa hè,Informational,70,29,0.05000000074505806,0,,Cần review,Athleisure & outfit,Chọn đồ nam,Transactional,—
áo khoác nam trung quốc,Informational,70,5,0,0,,Cần review,Athleisure & outfit,Chọn đồ nam,Informational,—
áo khoác nam trắng,Informational,70,21,0,0,,Cần review,Athleisure & outfit,Chọn đồ nam,Informational,—
áo khoác nam đen,Informational,70,34,0,0,,Cần review,Athleisure & outfit,Chọn đồ nam,Informational,—
áo khoác nhung tăm nam,Informational,70,11,0,0,,Cần review,Athleisure & outfit,Chọn đồ nam,Informational,—
áo khoác nỉ nam hàng hiệu,Informational,70,13,0,0,,Cần review,Athleisure & outfit,Chọn đồ nam,Informational,—
áo khoác trắng nam,Informational,70,12,0,0,,Cần review,Athleisure & outfit,Chọn đồ nam,Informational,—
áo khoác đẹp nam,Informational,70,42,0.07000000029802322,0,,Cần review,Athleisure & outfit,Chọn đồ nam,Informational,—
áo mùa đông cho nam,Informational,70,29,0,0,,Cần review,Athleisure & outfit,Chọn đồ nam,Transactional,—
áo nam thu đông,Informational,70,8,0,0,,Cần review,Athleisure & outfit,Chọn đồ nam,Informational,—
áo nỉ nam có mũ,Informational,70,17,0,0,,Cần review,Athleisure & outfit,Chọn đồ nam,Informational,—
áo phao lông vũ nam chính hãng,Informational,70,8,0,0,,Cần review,Athleisure & outfit,Chọn đồ nam,Transactional,—
áo phao nam chính hãng,Commercial,70,14,0,0,,Cần review,Athleisure & outfit,Chọn đồ nam,Transactional,—
bộ đồ nỉ nam,Informational,50,13,0,0,,Cần review,Athleisure & outfit,Chọn đồ nam,Informational,—
cách buộc dây quần nam,Informational,50,9,0,0,,Cần review,Athleisure & outfit,Chọn đồ nam,Informational,—
quần chíp nam,Informational,50,11,0.07999999821186066,0,,Cần review,Athleisure & outfit,Chọn đồ nam,Informational,—
quần dạ nam,Informational,50,18,0,0,,Cần review,Athleisure & outfit,Chọn đồ nam,Informational,—
quần lót nỉ nam,Informational,50,12,0,0,,Cần review,Athleisure & outfit,Chọn đồ nam,Informational,—
quần nam mùa hè,Informational,50,9,0.03999999910593033,0,,Cần review,Athleisure & outfit,Chọn đồ nam,Transactional,—
quần nhung nam cao cấp,Informational,50,9,0,0,,Cần review,Athleisure & outfit,Chọn đồ nam,Informational,—
quần short nam trắng,Informational,50,9,0.07000000029802322,0,,Cần review,Athleisure & outfit,Chọn đồ nam,Informational,—
quần short nỉ nam,Informational,50,10,0.05000000074505806,0,,Cần review,Athleisure & outfit,Chọn đồ nam,Informational,—
áo gió nam trung niên,Informational,50,3,0,0,,Cần review,Athleisure & outfit,Chọn đồ nam,Informational,—
áo khoác chần bông nam,Informational,50,10,0,0,,Cần review,Athleisure & outfit,Chọn đồ nam,Informational,—
áo khoác lông cừu nam chính hãng,Informational,50,16,0,0,,Cần review,Athleisure & outfit,Chọn đồ nam,Transactional,—
áo khoác mùa đông cho nam,Informational,50,57,0,0,,Cần review,Athleisure & outfit,Chọn đồ nam,Transactional,—
áo khoác nam calvin klein,Informational,50,6,0,0,,Cần review,Athleisure & outfit,Chọn đồ nam,Informational,—
áo khoác nam cho người 50 tuổi,Informational,50,4,0,0,,Cần review,Athleisure & outfit,Chọn đồ nam,Informational,—
áo khoác nam hà nội,Commercial,50,10,0,0,,Cần review,Athleisure & outfit,Chọn đồ nam,Commercial investigation,—
áo khoác nam lông cừu,Informational,50,15,0,0,,Cần review,Athleisure & outfit,Chọn đồ nam,Informational,—
áo khoác nam nỉ,Informational,50,9,0,0,,Cần review,Athleisure & outfit,Chọn đồ nam,Informational,—
áo khoác nam siêu ấm,Informational,50,14,0,0,,Cần review,Athleisure & outfit,Chọn đồ nam,Informational,—
áo khoác new balance nam,Informational,50,9,0,0,,Cần review,Athleisure & outfit,Chọn đồ nam,Informational,—
áo khoác nhung nam cao cấp,Informational,50,33,0,0,,Cần review,Athleisure & outfit,Chọn đồ nam,Informational,—
áo lạnh nam cao cấp,Informational,50,50,0.05999999865889549,0,,Cần review,Athleisure & outfit,Chọn đồ nam,Informational,—
áo nỉ nam cao cấp,Informational,50,9,0,0,,Cần review,Athleisure & outfit,Chọn đồ nam,Informational,—
áo phao gile nam có mũ,Informational,50,8,0,0,,Cần review,Athleisure & outfit,Chọn đồ nam,Informational,—
áo phao nam siêu nhẹ,Informational,50,9,0,0,,Cần review,Athleisure & outfit,Chọn đồ nam,Informational,—
áo phao siêu nhẹ nam,Informational,50,9,0.05000000074505806,0,,Cần review,Athleisure & outfit,Chọn đồ nam,Informational,—
áo rét nam đẹp,Informational,50,51,0,0,,Cần review,Athleisure & outfit,Chọn đồ nam,Informational,—
áo thể thao việt nam,Informational,50,14,0.07000000029802322,0,,Cần review,Athleisure & outfit,Chọn đồ nam,Informational,—
áo ấm nam mùa đông,Informational,50,56,0,0,,Cần review,Athleisure & outfit,Chọn đồ nam,Transactional,—
ao phat nam dep,Informational,40,45,0,0,,Cần review,Athleisure & outfit,Chọn đồ nam,Informational,—
bộ đồ thu đông nam,Informational,40,9,0,0,,Cần review,Athleisure & outfit,Chọn đồ nam,Informational,—
giá quần lót nam,Informational,40,39,0,0,,Cần review,Athleisure & outfit,Chọn đồ nam,Transactional,—
quần dài nam thể thao,Informational,40,11,0,0,,Cần review,Athleisure & outfit,Chọn đồ nam,Informational,—
quần lót nam bản to,Informational,40,8,0,0,,Cần review,Athleisure & outfit,Chọn đồ nam,Transactional,—
quần lót nam ren,Informational,40,9,0.029999999329447746,0,,Cần review,Athleisure & outfit,Chọn đồ nam,Informational,—
quần nỉ lót lông nam,Informational,40,12,0,0,,Cần review,Athleisure & outfit,Chọn đồ nam,Informational,—
áo khoác hàn quốc nam chính hãng,Informational,40,34,0,0,,Cần review,Athleisure & outfit,Chọn đồ nam,Transactional,—
áo khoác nam cho học sinh,Informational,40,31,0,0,,Cần review,Athleisure & outfit,Chọn đồ nam,Informational,—
áo khoác nam có cổ,Informational,40,28,0,0,,Cần review,Athleisure & outfit,Chọn đồ nam,Informational,—
áo khoác nam hugo boss,Informational,40,-1,0,0,,Cần review,Athleisure & outfit,Chọn đồ nam,Informational,—
áo khoác nam mỏng nhẹ,Informational,40,30,0.05999999865889549,0,,Cần review,Athleisure & outfit,Chọn đồ nam,Informational,—
áo khoác nam nhẹ,Informational,40,53,0.029999999329447746,0,,Cần review,Athleisure & outfit,Chọn đồ nam,Informational,—
áo khoác nam siêu mỏng,Informational,40,30,0,0,,Cần review,Athleisure & outfit,Chọn đồ nam,Informational,—
áo khoác nam tuổi teen,Informational,40,8,0,0,,Cần review,Athleisure & outfit,Chọn đồ nam,Informational,—
áo khoác nam ấm,Informational,40,57,0,0,,Cần review,Athleisure & outfit,Chọn đồ nam,Informational,—
áo khoác north face nam,Informational,40,15,0,0,,Cần review,Athleisure & outfit,Chọn đồ nam,Informational,—
áo khoác nỉ nam hàn quốc,Informational,40,33,0,0,,Cần review,Athleisure & outfit,Chọn đồ nam,Informational,—
áo lót lông nam,Informational,40,13,0,0,,Cần review,Athleisure & outfit,Chọn đồ nam,Informational,—
áo lông đức nam,Informational,40,9,0,0,,Cần review,Athleisure & outfit,Chọn đồ nam,Informational,—
áo nỉ nam cổ tròn,Informational,40,16,0,0,,Cần review,Athleisure & outfit,Chọn đồ nam,Informational,—
áo phao lót lông nam,Informational,40,6,0,0,,Cần review,Athleisure & outfit,Chọn đồ nam,Informational,—
áo phao lông vũ nam cao cấp,Informational,40,8,0,0,,Cần review,Athleisure & outfit,Chọn đồ nam,Informational,—
áo phao nam có mũ,Informational,40,6,0,0,,Cần review,Athleisure & outfit,Chọn đồ nam,Informational,—
áo phao nam sale,Informational,40,11,0,0,,Cần review,Athleisure & outfit,Chọn đồ nam,Informational,—
áo ấm nam cao cấp,Informational,40,51,0,0,,Cần review,Athleisure & outfit,Chọn đồ nam,Informational,—
áo ấm nam hàng hiệu,Informational,40,53,0,0,,Cần review,Athleisure & outfit,Chọn đồ nam,Informational,—
ao khiac nam,Informational,30,54,0,0,,Cần review,Athleisure & outfit,Chọn đồ nam,Informational,—
ao phat nam,Informational,30,34,0.029999999329447746,0,,Cần review,Athleisure & outfit,Chọn đồ nam,Informational,—
ao thun hieu polo nam,Informational,30,20,0,0,,Cần review,Athleisure & outfit,Chọn đồ nam,Informational,—
ao thun tai dai nam,Informational,30,6,0,0,,Cần review,Athleisure & outfit,Chọn đồ nam,Informational,—
bo quan ao thu dong nam,Informational,30,6,0,0,,Cần review,Athleisure & outfit,Chọn đồ nam,Informational,—
bán quần xì nam,Informational,30,14,0,0,,Cần review,Athleisure & outfit,Chọn đồ nam,Transactional,—
bộ quần áo hè nam,Informational,30,6,0,0,,Cần review,Athleisure & outfit,Chọn đồ nam,Informational,—
bộ quần áo thể thao nam mùa đông,Informational,30,10,0,0,,Cần review,Athleisure & outfit,Chọn đồ nam,Transactional,—
bộ quần áo thể thao việt nam,Informational,30,16,0,0,,Cần review,Athleisure & outfit,Chọn đồ nam,Informational,—
bộ áo liền quần nam,Informational,30,9,0,0,,Cần review,Athleisure & outfit,Chọn đồ nam,Informational,—
bộ đồ gió nam,Informational,30,9,0,0,,Cần review,Athleisure & outfit,Chọn đồ nam,Informational,—
bộ đồ nam mùa đông,Informational,30,9,0,0,,Cần review,Athleisure & outfit,Chọn đồ nam,Transactional,—
combo quần short nam,Informational,30,18,0,0,,Cần review,Athleisure & outfit,Chọn đồ nam,Informational,—
combo quần sịp nam,Informational,30,9,0,0,,Cần review,Athleisure & outfit,Chọn đồ nam,Informational,—
các kiểu áo thun nam,Informational,30,18,0,0,,Cần review,Athleisure & outfit,Chọn đồ nam,Informational,—
các loại áo khoác nam đẹp,Informational,30,8,0.03999999910593033,0,,Cần review,Athleisure & outfit,Chọn đồ nam,Informational,—
các thương hiệu áo thun nam nổi tiếng,Informational,30,9,0,0,,Cần review,Athleisure & outfit,Chọn đồ nam,Informational,—
cách phối áo thun trắng nam,Informational,30,-1,0,0,,Cần review,Athleisure & outfit,Chọn đồ nam,Informational,—
cách sơ vin áo phông nam,Informational,30,11,0,0,,Cần review,Athleisure & outfit,Chọn đồ nam,Informational,—
cách xắn quần tây nam,Informational,30,5,0,0,,Cần review,Athleisure & outfit,Chọn đồ nam,Informational,—
công ty sản xuất quần lót nam,Informational,30,5,0,0,,Cần review,Athleisure & outfit,Chọn đồ nam,Informational,—
cửa hàng bán áo khoác nam tại hà nội,Transactional,30,12,0,0,,Cần review,Athleisure & outfit,Chọn đồ nam,Transactional,—
hãng áo khoác nam,Informational,30,13,0,0,,Cần review,Athleisure & outfit,Chọn đồ nam,Informational,—
khăn quấn trán nam,Informational,30,9,0,0,,Cần review,Athleisure & outfit,Chọn đồ nam,Informational,—
kiểu áo khoác nam đẹp,Informational,30,41,0,0,,Cần review,Athleisure & outfit,Chọn đồ nam,Informational,—
mix đồ với quần short cạp cao,Informational,30,4,0,0,,Cần review,Athleisure & outfit,Chọn đồ nam,Informational,—
mua quần sịp nam đẹp ở hà nội,Informational,30,6,0.09000000357627869,0,,Cần review,Athleisure & outfit,Chọn đồ nam,Transactional,—
mua quần sịp nam ở đâu,Commercial,30,12,0,0,,Cần review,Athleisure & outfit,Chọn đồ nam,Transactional,—
mua quần thể thao nam,Informational,30,16,0.07000000029802322,0,,Cần review,Athleisure & outfit,Chọn đồ nam,Transactional,—
mua áo bomber nam,Informational,30,8,0,0,,Cần review,Athleisure & outfit,Chọn đồ nam,Transactional,—
mua áo khoác gió nam,Informational,30,14,0.05999999865889549,0,,Cần review,Athleisure & outfit,Chọn đồ nam,Transactional,—
mua áo phông nam hãng nào đẹp,Informational,30,12,0,0,,Cần review,Athleisure & outfit,Chọn đồ nam,Transactional,—
mẫu quần gió thể thao nam,Informational,30,7,0,0,,Cần review,Athleisure & outfit,Chọn đồ nam,Informational,—
người mẫu áo dài nam,"Informational, Transactional",30,15,0,0,,Cần review,Athleisure & outfit,Chọn đồ nam,Commercial investigation,—
những mẫu áo khoác đẹp cho nam,Informational,30,46,0,0,,Cần review,Athleisure & outfit,Chọn đồ nam,Informational,—
phối quần short nam,Informational,30,8,0,0,,Cần review,Athleisure & outfit,Chọn đồ nam,Informational,—
phối sơ mi và quần short,Informational,30,7,0,0,,Cần review,Athleisure & outfit,Chọn đồ nam,Informational,—
phối áo polo nam,Informational,30,9,0,0,,Cần review,Athleisure & outfit,Chọn đồ nam,Informational,—
quần bó sát nam thể thao,Informational,30,9,0,0,,Cần review,Athleisure & outfit,Chọn đồ nam,Informational,—
quần gió lót nỉ nam,Informational,30,12,0,0,,Cần review,Athleisure & outfit,Chọn đồ nam,Informational,—
quần gió nam giá rẻ,Informational,30,8,0,0,,Cần review,Athleisure & outfit,Chọn đồ nam,Transactional,—
quần gió nam màu trắng,Informational,30,8,0,0,,Cần review,Athleisure & outfit,Chọn đồ nam,Informational,—
quần gió nam đẹp,Informational,30,9,0,0,,Cần review,Athleisure & outfit,Chọn đồ nam,Informational,—
quần lót hàn quốc nam,Informational,30,10,0,0,,Cần review,Athleisure & outfit,Chọn đồ nam,Informational,—
quần lót lưới nam,Informational,30,9,0.03999999910593033,0,,Cần review,Athleisure & outfit,Chọn đồ nam,Informational,—
quần lót nam 2 dây,Informational,30,28,0,0,,Cần review,Athleisure & outfit,Chọn đồ nam,Informational,—
quần lót nam dành cho tuổi 17,Informational,30,7,0,0,,Cần review,Athleisure & outfit,Chọn đồ nam,Informational,—
quần lót nam dây,Informational,30,13,0,0,,Cần review,Athleisure & outfit,Chọn đồ nam,Informational,—
quần lót nam nhật,Informational,30,11,0.09000000357627869,0,,Cần review,Athleisure & outfit,Chọn đồ nam,Informational,—
quần lót nam siêu nhỏ,Informational,30,10,0,0,,Cần review,Athleisure & outfit,Chọn đồ nam,Informational,—
quần lót rung cho nam giới,Informational,30,2,0.05000000074505806,0,,Cần review,Athleisure & outfit,Chọn đồ nam,Informational,—
quần lót thông hơi nam,Informational,30,21,0,0,,Cần review,Athleisure & outfit,Chọn đồ nam,Informational,—
quần lửng nam hàng hiệu,Informational,30,9,0.05000000074505806,0,,Cần review,Athleisure & outfit,Chọn đồ nam,Informational,—
quần lửng nam thể thao,Informational,30,7,0,0,,Cần review,Athleisure & outfit,Chọn đồ nam,Informational,—
quần mặc mùa đông nam,Informational,30,9,0,0,,Cần review,Athleisure & outfit,Chọn đồ nam,Transactional,—
quần nam thể thao,Informational,30,11,0.05999999865889549,0,,Cần review,Athleisure & outfit,Chọn đồ nam,Informational,—
quần ngang đầu gối nam,Informational,30,8,0,0,,Cần review,Athleisure & outfit,Chọn đồ nam,Informational,—
quần ngố nam dài,Informational,30,9,0,0,,Cần review,Athleisure & outfit,Chọn đồ nam,Informational,—
quần nỉ mùa đông cho nam,Informational,30,9,0,0,,Cần review,Athleisure & outfit,Chọn đồ nam,Transactional,—
quần short có sịp,Informational,30,17,0,0,,Cần review,Athleisure & outfit,Chọn đồ nam,Informational,—
quần short cạp cao mặc với áo gì,Informational,30,8,0,0,,Cần review,Athleisure & outfit,Chọn đồ nam,Informational,—
quần short lính,Informational,30,-1,0,0,,Cần review,Athleisure & outfit,Chọn đồ nam,Informational,—
quần short nam chính hãng,Informational,30,8,0.07999999821186066,0,,Cần review,Athleisure & outfit,Chọn đồ nam,Transactional,—
quần short nam chất,Informational,30,12,0,0,,Cần review,Athleisure & outfit,Chọn đồ nam,Informational,—
quần short nam hàn quốc,Informational,30,9,0,0,,Cần review,Athleisure & outfit,Chọn đồ nam,Informational,—
quần short nam màu,Informational,30,18,0,0,,Cần review,Athleisure & outfit,Chọn đồ nam,Informational,—
quần short nam màu đen,Informational,30,8,0,0,,Cần review,Athleisure & outfit,Chọn đồ nam,Informational,—
quần short nam thể thao cao cấp,Informational,30,7,0,0,,Cần review,Athleisure & outfit,Chọn đồ nam,Informational,—
quần short áo croptop,Informational,30,11,0,0,,Cần review,Athleisure & outfit,Chọn đồ nam,Informational,—
quần short âu,Informational,30,7,0,0,,Cần review,Athleisure & outfit,Chọn đồ nam,Informational,—
quần short đẹp,Informational,30,22,0.029999999329447746,0,,Cần review,Athleisure & outfit,Chọn đồ nam,Informational,—
quần sooc đũi nam,Informational,30,9,0.019999999552965164,0,,Cần review,Athleisure & outfit,Chọn đồ nam,Informational,—
quần sịp bơi nam,Informational,30,6,0,0,,Cần review,Athleisure & outfit,Chọn đồ nam,Informational,—
quần sịp cho nam,Informational,30,14,0,0,,Cần review,Athleisure & outfit,Chọn đồ nam,Informational,—
quần sịp lưới nam,Informational,30,3,0.009999999776482582,0,,Cần review,Athleisure & outfit,Chọn đồ nam,Informational,—
quần sịp nam mặc 1 lần,Informational,30,9,0,0,,Cần review,Athleisure & outfit,Chọn đồ nam,Informational,—
quần sịp nam đẹp nhất,Informational,30,8,0,0,,Cần review,Athleisure & outfit,Chọn đồ nam,Informational,—
quần sịp đúc nam,Informational,30,11,0,0,,Cần review,Athleisure & outfit,Chọn đồ nam,Informational,—
quần sọc trắng đen nam,Informational,30,6,0,0,,Cần review,Athleisure & outfit,Chọn đồ nam,Informational,—
quần sọt rin nam,Informational,30,10,0.019999999552965164,0,,Cần review,Athleisure & outfit,Chọn đồ nam,Informational,—
quần thể thao nam mùa hè,Informational,30,10,0,0,,Cần review,Athleisure & outfit,Chọn đồ nam,Transactional,—
quần tây áo thun nam,Informational,30,8,0,0,,Cần review,Athleisure & outfit,Chọn đồ nam,Informational,—
quần xếp ly nam,Informational,30,9,0.05999999865889549,0,,Cần review,Athleisure & outfit,Chọn đồ nam,Informational,—
quần áo gió nam đẹp,Informational,30,-1,0,0,,Cần review,Athleisure & outfit,Chọn đồ nam,Informational,—
quần áo hè nam,Informational,30,7,0.05000000074505806,0,,Cần review,Athleisure & outfit,Chọn đồ nam,Informational,—
quần áo mùa thu nam,Informational,30,9,0,0,,Cần review,Athleisure & outfit,Chọn đồ nam,Transactional,—
quần áo mùa đông cho nam,Informational,30,12,0.019999999552965164,0,,Cần review,Athleisure & outfit,Chọn đồ nam,Transactional,—
quần áo nam mùa đông đẹp,Informational,30,16,0,0,,Cần review,Athleisure & outfit,Chọn đồ nam,Transactional,—
quần áo nam online,Informational,30,-1,0,0,,Cần review,Athleisure & outfit,Chọn đồ nam,Informational,—
quần áo nam đẹp mùa đông,Informational,30,13,0,0,,Cần review,Athleisure & outfit,Chọn đồ nam,Transactional,—
quần áo nỉ nam mùa đông,Informational,30,8,0.05000000074505806,0,,Cần review,Athleisure & outfit,Chọn đồ nam,Transactional,—
quần áo thể thao nam thu đông,Informational,30,7,0,0,,Cần review,Athleisure & outfit,Chọn đồ nam,Informational,—
quần áo thể thao thu đông nam,Informational,30,7,0,0,,Cần review,Athleisure & outfit,Chọn đồ nam,Informational,—
rập quần lót nam,"Informational, Transactional",30,7,0,0,,Cần review,Athleisure & outfit,Chọn đồ nam,Commercial investigation,—
shop bán áo khoác nam đẹp ở hà nội,Informational,30,-1,0,0,,Cần review,Athleisure & outfit,Chọn đồ nam,Transactional,—
shop quần sịp nam,Informational,30,-1,0.10000000149011612,0,,Cần review,Athleisure & outfit,Chọn đồ nam,Transactional,—
shop áo khoác nam trung niên hà nội,Informational,30,9,0,0,,Cần review,Athleisure & outfit,Chọn đồ nam,Transactional,—
shop áo khoác thể thao nam,Informational,30,7,0,0,,Cần review,Athleisure & outfit,Chọn đồ nam,Transactional,—
short trắng nam,Informational,30,10,0,0,,Cần review,Athleisure & outfit,Chọn đồ nam,Informational,—
thương hiệu áo phông nam nổi tiếng,Informational,30,9,0,0,,Cần review,Athleisure & outfit,Chọn đồ nam,Informational,—
trang phục mùa đông nam,Informational,30,9,0,0,,Cần review,Athleisure & outfit,Chọn đồ nam,Transactional,—
áo gió nam cao cấp,Informational,30,11,0.03999999910593033,0,,Cần review,Athleisure & outfit,Chọn đồ nam,Informational,—
áo khoác gió nam hàng hiệu,Informational,30,51,0.05000000074505806,0,,Cần review,Athleisure & outfit,Chọn đồ nam,Informational,—
áo khoác gió thể thao nam,Informational,30,6,0.05999999865889549,0,,Cần review,Athleisure & outfit,Chọn đồ nam,Informational,—
áo khoác nam under armour,Informational,30,9,0.03999999910593033,0,,Cần review,Athleisure & outfit,Chọn đồ nam,Informational,—
áo khoác nam xuất khẩu,Informational,30,2,0.05000000074505806,0,,Cần review,Athleisure & outfit,Chọn đồ nam,Informational,—
áo lạnh cho nam,Informational,30,54,0.029999999329447746,0,,Cần review,Athleisure & outfit,Chọn đồ nam,Informational,—
áo polo nam trơn,Informational,30,10,0.07000000029802322,0,,Cần review,Athleisure & outfit,Chọn đồ nam,Informational,—
áo thu đông nam trung niên,Informational,30,3,0.03999999910593033,0,,Cần review,Athleisure & outfit,Chọn đồ nam,Informational,—
áo thun thu đông nam,Informational,30,5,0.029999999329447746,0,,Cần review,Athleisure & outfit,Chọn đồ nam,Informational,—
đồ thể thao việt nam,Informational,30,52,0.14000000059604645,0,,Cần review,Athleisure & outfit,Chọn đồ nam,Informational,—
áo polo nữ,Informational,27100,20,0.18000000715255737,0,,Cần review,Athleisure & outfit,Chọn đồ nữ,Informational,—
áo khoác nữ,Informational,8100,25,0.07000000029802322,0,,Cần review,Athleisure & outfit,Chọn đồ nữ,Informational,—
quần áo nữ,Commercial,5400,38,0.10000000149011612,0,,Cần review,Athleisure & outfit,Chọn đồ nữ,Commercial investigation,—
quần đùi nữ,Informational,1600,17,0.03999999910593033,0,,Cần review,Athleisure & outfit,Chọn đồ nữ,Informational,—
quần sooc nữ,Informational,1300,19,0.05000000074505806,0,,Cần review,Athleisure & outfit,Chọn đồ nữ,Informational,—
áo khoác nữ đẹp,Informational,1000,22,0.03999999910593033,0,,Cần review,Athleisure & outfit,Chọn đồ nữ,Informational,—
quần ngắn nữ,Informational,720,16,0.05999999865889549,0,,Cần review,Athleisure & outfit,Chọn đồ nữ,Informational,—
áo gile nữ,Informational,720,13,0.05000000074505806,0,,Cần review,Athleisure & outfit,Chọn đồ nữ,Informational,—
áo gió nữ đẹp,Informational,720,11,0.07000000029802322,0,,Cần review,Athleisure & outfit,Chọn đồ nữ,Informational,—
áo khoác gió nữ,Informational,720,11,0.07000000029802322,0,,Cần review,Athleisure & outfit,Chọn đồ nữ,Informational,—
ao thu dong nu,Informational,590,8,0.07999999821186066,0,,Cần review,Athleisure & outfit,Chọn đồ nữ,Informational,—
áo ghi lê nữ,Informational,590,13,0.07999999821186066,0,,Cần review,Athleisure & outfit,Chọn đồ nữ,Informational,—
áo gió nữ,Informational,590,12,0.03999999910593033,0,,Cần review,Athleisure & outfit,Chọn đồ nữ,Informational,—
quần dài nữ,Informational,480,12,0.05999999865889549,0,,Cần review,Athleisure & outfit,Chọn đồ nữ,Informational,—
quần legging dài,Informational,480,9,0,0,,Cần review,Athleisure & outfit,Chọn đồ nữ,Informational,—
quần short nữ cao cấp,Informational,480,17,0.05000000074505806,0,,Cần review,Athleisure & outfit,Chọn đồ nữ,Informational,—
áo khoác nữ cao cấp,Informational,480,23,0.05999999865889549,0,,Cần review,Athleisure & outfit,Chọn đồ nữ,Informational,—
quần nỉ nữ,Informational,390,13,0.029999999329447746,0,,Cần review,Athleisure & outfit,Chọn đồ nữ,Informational,—
áo bơi nữ,Informational,390,11,0.03999999910593033,0,,Cần review,Athleisure & outfit,Chọn đồ nữ,Informational,—
quần bó sát nữ,Informational,320,14,0,0,,Cần review,Athleisure & outfit,Chọn đồ nữ,Informational,—
shop áo khoác nữ,Informational,320,23,0,0,,Cần review,Athleisure & outfit,Chọn đồ nữ,Transactional,—
áo khoác nỉ nữ,Informational,320,12,0.029999999329447746,0,,Cần review,Athleisure & outfit,Chọn đồ nữ,Informational,—
áo polo nữ đẹp,Informational,320,14,0.10000000149011612,0,,Cần review,Athleisure & outfit,Chọn đồ nữ,Informational,—
mẫu áo phao lông vũ nữ đẹp,Informational,260,10,0,0,,Cần review,Athleisure & outfit,Chọn đồ nữ,Informational,—
mẫu áo thu đông nữ đẹp 2022,Informational,260,17,0.05000000074505806,0,,Cần review,Athleisure & outfit,Chọn đồ nữ,Informational,—
quần áo bộ thu đông nữ đẹp,Informational,260,11,0,0,,Cần review,Athleisure & outfit,Chọn đồ nữ,Informational,—
áo khoác nữ trung niên,Informational,260,8,0.029999999329447746,0,,Cần review,Athleisure & outfit,Chọn đồ nữ,Informational,—
áo khoác nữ trung niên cao cấp,Informational,260,6,0.029999999329447746,0,,Cần review,Athleisure & outfit,Chọn đồ nữ,Informational,—
bộ đồ nữ thu đông cao cấp,Informational,210,10,0,0,,Cần review,Athleisure & outfit,Chọn đồ nữ,Informational,—
bộ đồ thể thao nữ,Informational,210,16,0.07000000029802322,0,,Cần review,Athleisure & outfit,Chọn đồ nữ,Informational,—
quần áo thu đông nữ,Informational,210,9,0,0,,Cần review,Athleisure & outfit,Chọn đồ nữ,Informational,—
áo khoác mùa đông nữ,Informational,210,11,0,0,,Cần review,Athleisure & outfit,Chọn đồ nữ,Transactional,—
áo lông nữ,Informational,210,18,0,0,,Cần review,Athleisure & outfit,Chọn đồ nữ,Informational,—
áo mùa đông nữ,Informational,210,18,0,0,,Cần review,Athleisure & outfit,Chọn đồ nữ,Transactional,—
áo ấm nữ,Informational,210,21,0.05000000074505806,0,,Cần review,Athleisure & outfit,Chọn đồ nữ,Informational,—
bộ đồ bơi nữ,Informational,170,3,0.05000000074505806,0,,Cần review,Athleisure & outfit,Chọn đồ nữ,Informational,—
quần short nữ tới đầu gối,Informational,170,13,0.029999999329447746,0,,Cần review,Athleisure & outfit,Chọn đồ nữ,Informational,—
quần áo bơi nữ,Informational,170,9,0.05000000074505806,0,,Cần review,Athleisure & outfit,Chọn đồ nữ,Informational,—
quần áo mùa đông nữ đẹp,Informational,170,12,0,0,,Cần review,Athleisure & outfit,Chọn đồ nữ,Transactional,—
áo khoác gió nữ hàn quốc,Informational,170,15,0,0,,Cần review,Athleisure & outfit,Chọn đồ nữ,Informational,—
áo khoác trung niên nữ,Informational,170,7,0,0,,Cần review,Athleisure & outfit,Chọn đồ nữ,Informational,—
áo lông vũ nữ,Informational,170,10,0,0,,Cần review,Athleisure & outfit,Chọn đồ nữ,Informational,—
áo polo nữ chính hãng,Informational,170,18,0.12999999523162842,0,,Cần review,Athleisure & outfit,Chọn đồ nữ,Transactional,—
áo t shirt nữ,Informational,170,9,0.07000000029802322,0,,Cần review,Athleisure & outfit,Chọn đồ nữ,Informational,—
mẫu áo khoác lửng nữ đẹp,Informational,140,10,0,0,,Cần review,Athleisure & outfit,Chọn đồ nữ,Informational,—
quần short nữ mặc nhà,Informational,140,9,0.029999999329447746,0,,Cần review,Athleisure & outfit,Chọn đồ nữ,Informational,—
quần sooc nữ đẹp,Informational,140,17,0.03999999910593033,0,,Cần review,Athleisure & outfit,Chọn đồ nữ,Informational,—
quần sọt nữ,Informational,140,18,0.029999999329447746,0,,Cần review,Athleisure & outfit,Chọn đồ nữ,Informational,—
quần đũi nữ ngắn,Informational,140,15,0.029999999329447746,0,,Cần review,Athleisure & outfit,Chọn đồ nữ,Informational,—
váy thể thao nữ,Informational,140,8,0.09000000357627869,0,,Cần review,Athleisure & outfit,Chọn đồ nữ,Informational,—
xem áo khoác nữ,Informational,140,24,0.029999999329447746,0,,Cần review,Athleisure & outfit,Chọn đồ nữ,Informational,—
áo jacket nữ,Informational,140,13,0.05000000074505806,0,,Cần review,Athleisure & outfit,Chọn đồ nữ,Informational,—
áo khoác gile nữ,Informational,140,8,0,0,,Cần review,Athleisure & outfit,Chọn đồ nữ,Informational,—
áo khoác mùa đông nữ cao cấp,Informational,140,11,0.07000000029802322,0,,Cần review,Athleisure & outfit,Chọn đồ nữ,Transactional,—
áo khoác mỏng nữ,Informational,140,17,0.05000000074505806,0,,Cần review,Athleisure & outfit,Chọn đồ nữ,Informational,—
áo khoác nữ đi học,Informational,140,10,0,0,,Cần review,Athleisure & outfit,Chọn đồ nữ,Informational,—
quần cộc nữ,Informational,110,17,0.019999999552965164,0,,Cần review,Athleisure & outfit,Chọn đồ nữ,Informational,—
quần nỉ nữ mùa đông,Informational,110,15,0,0,,Cần review,Athleisure & outfit,Chọn đồ nữ,Transactional,—
quần sọc nữ,Informational,110,20,0.03999999910593033,0,,Cần review,Athleisure & outfit,Chọn đồ nữ,Informational,—
quần áo hàng hiệu nữ,Informational,110,21,0.07000000029802322,0,,Cần review,Athleisure & outfit,Chọn đồ nữ,Informational,—
quần áo phụ nữ,Informational,110,22,0.12999999523162842,0,,Cần review,Athleisure & outfit,Chọn đồ nữ,Informational,—
áo gile nữ đẹp,Informational,110,9,0,0,,Cần review,Athleisure & outfit,Chọn đồ nữ,Informational,—
áo khoác cho nữ,Informational,110,25,0,0,,Cần review,Athleisure & outfit,Chọn đồ nữ,Informational,—
áo khoác nhung nữ cao cấp,Informational,110,10,0,0,,Cần review,Athleisure & outfit,Chọn đồ nữ,Informational,—
áo khoác thu đông nữ,Informational,110,10,0,0,,Cần review,Athleisure & outfit,Chọn đồ nữ,Informational,—
áo khoác đen nữ,Informational,110,14,0,0,,Cần review,Athleisure & outfit,Chọn đồ nữ,Informational,—
áo lạnh nữ,Informational,110,24,0.09000000357627869,0,,Cần review,Athleisure & outfit,Chọn đồ nữ,Informational,—
áo nữ mùa đông,Informational,110,11,0,0,,Cần review,Athleisure & outfit,Chọn đồ nữ,Transactional,—
mẫu áo khoác nữ,Informational,90,9,0,0,,Cần review,Athleisure & outfit,Chọn đồ nữ,Informational,—
phối áo phông với chân váy,Informational,90,9,0,0,,Cần review,Athleisure & outfit,Chọn đồ nữ,Informational,—
quần short đen nữ,Informational,90,13,0.05999999865889549,0,,Cần review,Athleisure & outfit,Chọn đồ nữ,Informational,—
quần áo nữ mùa đông,Informational,90,10,0,0,,Cần review,Athleisure & outfit,Chọn đồ nữ,Transactional,—
áo gió nữ hàng hiệu,Informational,90,9,0,0,,Cần review,Athleisure & outfit,Chọn đồ nữ,Informational,—
áo khoác hàn quốc nữ,Informational,90,9,0.029999999329447746,0,,Cần review,Athleisure & outfit,Chọn đồ nữ,Informational,—
áo khoác nam nữ,Informational,90,14,0.029999999329447746,0,,Cần review,Athleisure & outfit,Chọn đồ nữ,Informational,—
áo khoác nhung nữ,Informational,90,13,0,0,,Cần review,Athleisure & outfit,Chọn đồ nữ,Informational,—
áo khoác nữ màu trắng,Informational,90,10,0,0,,Cần review,Athleisure & outfit,Chọn đồ nữ,Informational,—
áo khoác đẹp nữ,Informational,90,22,0,0,,Cần review,Athleisure & outfit,Chọn đồ nữ,Informational,—
áo phao lông vũ nữ dáng ngắn,Informational,90,9,0,0,,Cần review,Athleisure & outfit,Chọn đồ nữ,Informational,—
bộ quần áo gió nữ đẹp,Informational,70,9,0,0,,Cần review,Athleisure & outfit,Chọn đồ nữ,Informational,—
bộ đồ nỉ nữ mùa đông,Informational,70,19,0.029999999329447746,0,,Cần review,Athleisure & outfit,Chọn đồ nữ,Transactional,—
các mẫu áo khoác nữ,Informational,70,22,0,0,,Cần review,Athleisure & outfit,Chọn đồ nữ,Informational,—
quần sooc trắng nữ,Informational,70,12,0.03999999910593033,0,,Cần review,Athleisure & outfit,Chọn đồ nữ,Informational,—
áo gile bò nữ,Informational,70,12,0,0,,Cần review,Athleisure & outfit,Chọn đồ nữ,Informational,—
áo khoác lông vũ nữ,Informational,70,9,0,0,,Cần review,Athleisure & outfit,Chọn đồ nữ,Informational,—
áo khoác nỉ nữ hàn quốc,Informational,70,10,0,0,,Cần review,Athleisure & outfit,Chọn đồ nữ,Informational,—
áo khoác đông nữ,Informational,70,14,0,0,,Cần review,Athleisure & outfit,Chọn đồ nữ,Informational,—
áo thu đông nữ đẹp,Informational,70,8,0,0,,Cần review,Athleisure & outfit,Chọn đồ nữ,Informational,—
bộ quần áo nỉ nữ,Informational,50,16,0,0,,Cần review,Athleisure & outfit,Chọn đồ nữ,Informational,—
mẫu áo khoác nữ mới nhất,Informational,50,22,0,0,,Cần review,Athleisure & outfit,Chọn đồ nữ,Informational,—
quần mùa đông nữ,Informational,50,11,0,0,,Cần review,Athleisure & outfit,Chọn đồ nữ,Transactional,—
quần short trắng nữ mặc với áo gì,Informational,50,8,0,0,,Cần review,Athleisure & outfit,Chọn đồ nữ,Informational,—
áo khoác gió nữ đẹp,Informational,50,9,0,0,,Cần review,Athleisure & outfit,Chọn đồ nữ,Informational,—
áo khoác nữ nhật bản,Informational,50,15,0.07000000029802322,0,,Cần review,Athleisure & outfit,Chọn đồ nữ,Informational,—
áo khoác ấm nữ,Informational,50,14,0,0,,Cần review,Athleisure & outfit,Chọn đồ nữ,Informational,—
áo mùa đông cho nữ,Informational,50,10,0,0,,Cần review,Athleisure & outfit,Chọn đồ nữ,Transactional,—
áo nỉ nữ cổ tròn,Informational,50,10,0,0,,Cần review,Athleisure & outfit,Chọn đồ nữ,Informational,—
áo đông nữ,Informational,50,13,0,0,,Cần review,Athleisure & outfit,Chọn đồ nữ,Informational,—
mẫu áo khoác thun nữ đẹp,Informational,40,15,0,0,,Cần review,Athleisure & outfit,Chọn đồ nữ,Informational,—
quần short nữ cá tính,Informational,40,16,0,0,,Cần review,Athleisure & outfit,Chọn đồ nữ,Informational,—
quần short áo sơ mi nữ,Informational,40,8,0,0,,Cần review,Athleisure & outfit,Chọn đồ nữ,Informational,—
quần áo mùa đông cho nữ,Informational,40,10,0,0,,Cần review,Athleisure & outfit,Chọn đồ nữ,Transactional,—
quần áo thể thao nữ hà nội,Commercial,40,16,0,0,,Cần review,Athleisure & outfit,Chọn đồ nữ,Commercial investigation,—
shop bán áo gile nữ đẹp,Informational,40,15,0,0,,Cần review,Athleisure & outfit,Chọn đồ nữ,Transactional,—
áo gile lông nữ,Informational,40,16,0,0,,Cần review,Athleisure & outfit,Chọn đồ nữ,Informational,—
áo khoác bông nữ,Informational,40,9,0,0,,Cần review,Athleisure & outfit,Chọn đồ nữ,Informational,—
áo khoác nữ chống nước,Informational,40,9,0.03999999910593033,0,,Cần review,Athleisure & outfit,Chọn đồ nữ,Informational,—
áo khoác nữ đẹp ở hà nội,Informational,40,9,0,0,,Cần review,Athleisure & outfit,Chọn đồ nữ,Informational,—
áo lính nữ,Informational,40,13,0,0,,Cần review,Athleisure & outfit,Chọn đồ nữ,Informational,—
áo phao lót lông nữ,Informational,40,10,0,0,,Cần review,Athleisure & outfit,Chọn đồ nữ,Informational,—
áo phao lông cừu nữ,Informational,40,15,0,0,,Cần review,Athleisure & outfit,Chọn đồ nữ,Informational,—
áo phao nữ lông vũ,Informational,40,11,0,0,,Cần review,Athleisure & outfit,Chọn đồ nữ,Informational,—
ao khoac kieu nu,Informational,30,19,0,0,,Cần review,Athleisure & outfit,Chọn đồ nữ,Informational,—
bo quan ao thu dong nu,Informational,30,8,0,0,,Cần review,Athleisure & outfit,Chọn đồ nữ,Informational,—
bộ quần áo thể thao nữ mùa hè,Informational,30,3,0,0,,Cần review,Athleisure & outfit,Chọn đồ nữ,Transactional,—
bộ quần áo thể thao nữ thu đông,Informational,30,9,0,0,,Cần review,Athleisure & outfit,Chọn đồ nữ,Informational,—
bộ đồ thể thao mùa đông nữ,Informational,30,11,0,0,,Cần review,Athleisure & outfit,Chọn đồ nữ,Transactional,—
bộ đồ thể thao nữ đẹp,Informational,30,13,0.05999999865889549,0,,Cần review,Athleisure & outfit,Chọn đồ nữ,Informational,—
chân váy mặc với áo phông có cổ,Informational,30,9,0,0,,Cần review,Athleisure & outfit,Chọn đồ nữ,Informational,—
chân váy thể thao dài,Informational,30,9,0,0,,Cần review,Athleisure & outfit,Chọn đồ nữ,Informational,—
các hãng áo thun nữ nổi tiếng,Informational,30,9,0,0,,Cần review,Athleisure & outfit,Chọn đồ nữ,Informational,—
cách mix áo polo nữ,Informational,30,8,0,0,,Cần review,Athleisure & outfit,Chọn đồ nữ,Informational,—
cách thiết kế quần short nữ,"Informational, Transactional",30,25,0,0,,Cần review,Athleisure & outfit,Chọn đồ nữ,Informational,—
legging sport,Informational,30,18,0,0,,Cần review,Athleisure & outfit,Chọn đồ nữ,Informational,—
mau ao khoac nu moi nhat hien nay,Informational,30,19,0,0,,Cần review,Athleisure & outfit,Chọn đồ nữ,Informational,—
mua ao khoac nu,Informational,30,20,0,0,,Cần review,Athleisure & outfit,Chọn đồ nữ,Transactional,—
mua quần legging ở đâu,Informational,30,14,0,0,,Cần review,Athleisure & outfit,Chọn đồ nữ,Transactional,—
mua sắm quần áo nữ,Commercial,30,29,0.12999999523162842,0,,Cần review,Athleisure & outfit,Chọn đồ nữ,Transactional,—
mua áo gió nữ ở đâu,Informational,30,15,0,0,,Cần review,Athleisure & outfit,Chọn đồ nữ,Transactional,—
phối quần jogger nữ,Informational,30,9,0,0,,Cần review,Athleisure & outfit,Chọn đồ nữ,Informational,—
phối áo ba lỗ nữ,Informational,30,9,0,0,,Cần review,Athleisure & outfit,Chọn đồ nữ,Informational,—
phối áo polo nữ,Informational,30,9,0,0,,Cần review,Athleisure & outfit,Chọn đồ nữ,Informational,—
quan legging nu,Informational,30,9,0,0,,Cần review,Athleisure & outfit,Chọn đồ nữ,Informational,—
quan short nu,Informational,30,16,0.05999999865889549,0,,Cần review,Athleisure & outfit,Chọn đồ nữ,Informational,—
quần bó cơ nữ,Informational,30,5,0.07000000029802322,0,,Cần review,Athleisure & outfit,Chọn đồ nữ,Informational,—
quần bơi cho nữ,Informational,30,8,0,0,,Cần review,Athleisure & outfit,Chọn đồ nữ,Informational,—
quần bơi nữ cạp cao,Informational,30,2,0,0,,Cần review,Athleisure & outfit,Chọn đồ nữ,Informational,—
quần dài nữ đẹp,Informational,30,12,0,0,,Cần review,Athleisure & outfit,Chọn đồ nữ,Informational,—
quần kaki nữ kết hợp với áo gì,Informational,30,6,0,0,,Cần review,Athleisure & outfit,Chọn đồ nữ,Informational,—
quần legging nữ cao cấp,Informational,30,7,0,0,,Cần review,Athleisure & outfit,Chọn đồ nữ,Informational,—
quần short da nữ kết hợp với áo gì,Informational,30,16,0,0,,Cần review,Athleisure & outfit,Chọn đồ nữ,Informational,—
quần short nữ kết hợp với áo gì,Informational,30,7,0,0,,Cần review,Athleisure & outfit,Chọn đồ nữ,Informational,—
quần short nữ áo thun,Informational,30,11,0,0,,Cần review,Athleisure & outfit,Chọn đồ nữ,Informational,—
quần sooc dạ nữ mùa đông,Informational,30,9,0,0,,Cần review,Athleisure & outfit,Chọn đồ nữ,Transactional,—
quần sooc nhung nữ,Informational,30,14,0,0,,Cần review,Athleisure & outfit,Chọn đồ nữ,Informational,—
quần sooc nữ kết hợp với áo gì,Informational,30,6,0,0,,Cần review,Athleisure & outfit,Chọn đồ nữ,Informational,—
quần sooc nữ mặc với áo gì,Informational,30,9,0,0,,Cần review,Athleisure & outfit,Chọn đồ nữ,Informational,—
quần sooc nữ ngắn,Informational,30,15,0,0,,Cần review,Athleisure & outfit,Chọn đồ nữ,Informational,—
quần thu đông nữ,Informational,30,9,0,0,,Cần review,Athleisure & outfit,Chọn đồ nữ,Informational,—
quần áo nữ thu đông,Informational,30,9,0,0,,Cần review,Athleisure & outfit,Chọn đồ nữ,Informational,—
quần áo thể thao nữ thu đông,Informational,30,9,0,0,,Cần review,Athleisure & outfit,Chọn đồ nữ,Informational,—
quần đùi dài nữ,Informational,30,15,0,0,,Cần review,Athleisure & outfit,Chọn đồ nữ,Informational,—
shop quần áo nữ hà đông,Commercial,30,13,0,0,,Cần review,Athleisure & outfit,Chọn đồ nữ,Transactional,—
shop áo khoác nữ đẹp,Informational,30,17,0,0,,Cần review,Athleisure & outfit,Chọn đồ nữ,Transactional,—
áo bơi nữ đẹp,Informational,30,40,0.05000000074505806,0,,Cần review,Athleisure & outfit,Chọn đồ nữ,Informational,—
áo khoác có túi trong nữ,Informational,30,20,0.019999999552965164,0,,Cần review,Athleisure & outfit,Chọn đồ nữ,Informational,—
áo khoác nhật bản nữ,Informational,30,19,0.07000000029802322,0,,Cần review,Athleisure & outfit,Chọn đồ nữ,Transactional,—
áo khoác nữ thể thao,Informational,30,5,0.07000000029802322,0,,Cần review,Athleisure & outfit,Chọn đồ nữ,Informational,—
đầm thể thao,Informational,30,13,0.03999999910593033,0,,Cần review,Athleisure & outfit,Chọn đồ nữ,Informational,—
áo khoác nam form rộng,Informational,30,6,0.05000000074505806,0,,Cần review,Athleisure & outfit,Form dáng / công nghệ may,Informational,—
quần áo bơi,Informational,590,36,0.03999999910593033,0,,Cần review,Athleisure & outfit,Mặc gì / hướng dẫn chọn đồ,Informational,—
cách gấp quần áo,"Informational, Transactional",480,13,0,0,,Cần review,Athleisure & outfit,Mặc gì / hướng dẫn chọn đồ,Informational,—
gấp quần áo,"Informational, Transactional",390,14,0,0,,Cần review,Athleisure & outfit,Mặc gì / hướng dẫn chọn đồ,Commercial investigation,—
quan ao thu dong,Informational,320,9,0.10000000149011612,0,,Cần review,Athleisure & outfit,Mặc gì / hướng dẫn chọn đồ,Informational,—
quần áo mùa hè,Informational,320,10,0.05999999865889549,0,,Cần review,Athleisure & outfit,Mặc gì / hướng dẫn chọn đồ,Transactional,—
trang phục thể thao,Informational,320,15,0.10000000149011612,0,,Cần review,Athleisure & outfit,Mặc gì / hướng dẫn chọn đồ,Informational,—
cách gấp quần áo gọn,"Informational, Transactional",260,13,0,0,,Cần review,Athleisure & outfit,Mặc gì / hướng dẫn chọn đồ,Informational,—
quần áo thể thao trẻ em,Informational,260,9,0.07000000029802322,0,,Cần review,Athleisure & outfit,Mặc gì / hướng dẫn chọn đồ,Informational,—
xep quan ao,"Informational, Transactional",260,12,0,0,,Cần review,Athleisure & outfit,Mặc gì / hướng dẫn chọn đồ,Commercial investigation,—
cách gấp quần áo cuộn tròn,"Informational, Transactional",210,16,0,0,,Cần review,Athleisure & outfit,Mặc gì / hướng dẫn chọn đồ,Informational,—
cách xếp quần áo cúng chúng sinh,Informational,170,9,0,0,,Cần review,Athleisure & outfit,Mặc gì / hướng dẫn chọn đồ,Informational,—
bộ quần áo gió,Informational,140,10,0,0,,Cần review,Athleisure & outfit,Mặc gì / hướng dẫn chọn đồ,Informational,—
cách xếp quần áo,"Informational, Transactional",140,12,0,0,,Cần review,Athleisure & outfit,Mặc gì / hướng dẫn chọn đồ,Informational,—
mẹo gấp quần áo gọn,"Informational, Transactional",140,26,0,0,,Cần review,Athleisure & outfit,Mặc gì / hướng dẫn chọn đồ,Commercial investigation,—
cách gấp quần áo gọn gàng,"Informational, Transactional",110,11,0,0,,Cần review,Athleisure & outfit,Mặc gì / hướng dẫn chọn đồ,Informational,—
cách gấp quần áo thông minh,"Informational, Transactional",110,10,0,0,,Cần review,Athleisure & outfit,Mặc gì / hướng dẫn chọn đồ,Informational,—
quan ao the thao hang hieu,Informational,110,9,0.10000000149011612,0,,Cần review,Athleisure & outfit,Mặc gì / hướng dẫn chọn đồ,Informational,—
quần áo nỉ,Informational,110,10,0,0,,Cần review,Athleisure & outfit,Mặc gì / hướng dẫn chọn đồ,Informational,—
quần áo thể thao chính hãng,Commercial,110,55,0.07999999821186066,0,,Cần review,Athleisure & outfit,Mặc gì / hướng dẫn chọn đồ,Transactional,—
quần áo thể thao mùa đông,Informational,110,9,0,0,,Cần review,Athleisure & outfit,Mặc gì / hướng dẫn chọn đồ,Transactional,—
bộ quần áo nỉ,Informational,90,9,0,0,,Cần review,Athleisure & outfit,Mặc gì / hướng dẫn chọn đồ,Informational,—
cách gấp quần áo không bị nhăn,"Informational, Transactional",90,10,0,0,,Cần review,Athleisure & outfit,Mặc gì / hướng dẫn chọn đồ,Informational,—
quần áo hè,Informational,90,11,0.07999999821186066,0,,Cần review,Athleisure & outfit,Mặc gì / hướng dẫn chọn đồ,Informational,—
trang phuc thu dong,Informational,90,11,0,0,,Cần review,Athleisure & outfit,Mặc gì / hướng dẫn chọn đồ,Informational,—
cách gấp quần áo đi du lịch không bị nhăn,"Informational, Transactional",70,10,0,0,,Cần review,Athleisure & outfit,Mặc gì / hướng dẫn chọn đồ,Informational,—
cách xếp quần áo chúng sinh,"Informational, Transactional",70,10,0,0,,Cần review,Athleisure & outfit,Mặc gì / hướng dẫn chọn đồ,Informational,—
quan ao mua dong,Informational,70,9,0.07999999821186066,0,,Cần review,Athleisure & outfit,Mặc gì / hướng dẫn chọn đồ,Transactional,—
quần áo gió,Informational,70,9,0,0,,Cần review,Athleisure & outfit,Mặc gì / hướng dẫn chọn đồ,Informational,—
bộ quần áo thu đông,Informational,50,9,0,0,,Cần review,Athleisure & outfit,Mặc gì / hướng dẫn chọn đồ,Informational,—
quần áo đông,Commercial,50,16,0,0,,Cần review,Athleisure & outfit,Mặc gì / hướng dẫn chọn đồ,Commercial investigation,—
cách gấp quần áo nhanh gọn và hiệu quả,Informational,40,21,0,0,,Cần review,Athleisure & outfit,Mặc gì / hướng dẫn chọn đồ,Informational,—
quần áo mùa thu,Informational,40,12,0,0,,Cần review,Athleisure & outfit,Mặc gì / hướng dẫn chọn đồ,Transactional,—
quần áo thu đông giá rẻ,Informational,40,7,0,0,,Cần review,Athleisure & outfit,Mặc gì / hướng dẫn chọn đồ,Transactional,—
shop quần áo mùa đông,Commercial,40,14,0,0,,Cần review,Athleisure & outfit,Mặc gì / hướng dẫn chọn đồ,Transactional,—
cach gap quan ao dep,"Informational, Transactional",30,9,0,0,,Cần review,Athleisure & outfit,Mặc gì / hướng dẫn chọn đồ,Informational,—
cách buộc dây phơi quần áo,Informational,30,25,0,0,,Cần review,Athleisure & outfit,Mặc gì / hướng dẫn chọn đồ,Informational,—
cách gấp quần áo quân đội,"Informational, Transactional",30,14,0,0,,Cần review,Athleisure & outfit,Mặc gì / hướng dẫn chọn đồ,Informational,—
cách gấp quần áo thể thao,"Informational, Transactional",30,10,0,0,,Cần review,Athleisure & outfit,Mặc gì / hướng dẫn chọn đồ,Informational,—
cách gập quần áo không bị nhàu,Informational,30,9,0,0,,Cần review,Athleisure & outfit,Mặc gì / hướng dẫn chọn đồ,Informational,—
cách xếp quần áo gọn,"Informational, Transactional",30,10,0,0,,Cần review,Athleisure & outfit,Mặc gì / hướng dẫn chọn đồ,Informational,—
cách xếp quần áo gọn gàng,"Informational, Transactional",30,10,0,0,,Cần review,Athleisure & outfit,Mặc gì / hướng dẫn chọn đồ,Informational,—
cách xếp quần áo gọn nhất,"Informational, Transactional",30,10,0,0,,Cần review,Athleisure & outfit,Mặc gì / hướng dẫn chọn đồ,Informational,—
dung cu gap quan ao,"Informational, Transactional",30,9,0,0,,Cần review,Athleisure & outfit,Mặc gì / hướng dẫn chọn đồ,Commercial investigation,—
quan ao mac mua dong,Informational,30,15,0,0,,Cần review,Athleisure & outfit,Mặc gì / hướng dẫn chọn đồ,Transactional,—
quần áo bộ thu đông,Informational,30,11,0.05000000074505806,0,,Cần review,Athleisure & outfit,Mặc gì / hướng dẫn chọn đồ,Informational,—
quần áo bộ thể thao,Informational,30,21,0.05999999865889549,0,,Cần review,Athleisure & outfit,Mặc gì / hướng dẫn chọn đồ,Informational,—
quần áo gió đẹp,Informational,30,14,0,0,,Cần review,Athleisure & outfit,Mặc gì / hướng dẫn chọn đồ,Informational,—
quần áo thể thao cho trẻ em,Informational,30,9,0,0,,Cần review,Athleisure & outfit,Mặc gì / hướng dẫn chọn đồ,Informational,—
quần áo thể thao nỉ,Informational,30,8,0,0,,Cần review,Athleisure & outfit,Mặc gì / hướng dẫn chọn đồ,Informational,—
quần áo thể thao thu đông,Informational,30,5,0.05000000074505806,0,,Cần review,Athleisure & outfit,Mặc gì / hướng dẫn chọn đồ,Informational,—
thương hiệu quần áo thể thao,Informational,30,6,0,0,,Cần review,Athleisure & outfit,Mặc gì / hướng dẫn chọn đồ,Informational,—
trang phục thu đông đẹp,Informational,30,9,0,0,,Cần review,Athleisure & outfit,Mặc gì / hướng dẫn chọn đồ,Informational,—
đồ tập bơi,Transactional,30,11,0.05000000074505806,0,,Cần review,Athleisure & outfit,Mặc gì / hướng dẫn chọn đồ,Commercial investigation,—
xắn quần hay xắn quần,Informational,320,10,0,0,,Cần review,Athleisure & outfit,So sánh lựa chọn,Comparison,—
áo khoác,Informational,22200,41,0.07999999821186066,0,,Cần review,Athleisure & outfit,Trang phục thể thao ứng dụng,Informational,—
áo gile,Informational,4400,24,0.05999999865889549,0,,Cần review,Athleisure & outfit,Trang phục thể thao ứng dụng,Informational,—
quần nỉ,Informational,2400,16,0.07000000029802322,0,,Cần review,Athleisure & outfit,Trang phục thể thao ứng dụng,Informational,—
quần sooc,Informational,1900,17,0.05999999865889549,0,,Cần review,Athleisure & outfit,Trang phục thể thao ứng dụng,Informational,—
áo gió,Informational,1900,12,0.07999999821186066,0,,Cần review,Athleisure & outfit,Trang phục thể thao ứng dụng,Informational,—
áo nỉ,Informational,1900,12,0.05000000074505806,0,,Cần review,Athleisure & outfit,Trang phục thể thao ứng dụng,Informational,—
quần sịp,Informational,1600,18,0.10999999940395355,0,,Cần review,Athleisure & outfit,Trang phục thể thao ứng dụng,Informational,—
áo lông,Informational,1600,19,0,0,,Cần review,Athleisure & outfit,Trang phục thể thao ứng dụng,Informational,—
áo phông giấu quần,Informational,1600,12,0,0,,Cần review,Athleisure & outfit,Trang phục thể thao ứng dụng,Informational,—
áo t shirt,Informational,1600,15,0.12999999523162842,0,,Cần review,Athleisure & outfit,Trang phục thể thao ứng dụng,Informational,—
áo jacket,Informational,1300,14,0.07000000029802322,0,,Cần review,Athleisure & outfit,Trang phục thể thao ứng dụng,Informational,—
áo khoác lông,Informational,1300,19,0,0,,Cần review,Athleisure & outfit,Trang phục thể thao ứng dụng,Informational,—
áo khoác nỉ,Informational,1300,14,0.05000000074505806,0,,Cần review,Athleisure & outfit,Trang phục thể thao ứng dụng,Informational,—
áo lông vũ,Informational,1300,22,0.03999999910593033,0,,Cần review,Athleisure & outfit,Trang phục thể thao ứng dụng,Informational,—
áo phao lông vũ,Informational,1300,13,0.07000000029802322,0,,Cần review,Athleisure & outfit,Trang phục thể thao ứng dụng,Informational,—
cách buộc dây quần,"Informational, Transactional",1000,12,0.009999999776482582,0,,Cần review,Athleisure & outfit,Trang phục thể thao ứng dụng,Informational,—
áo khoác phao,Informational,1000,14,0.07000000029802322,0,,Cần review,Athleisure & outfit,Trang phục thể thao ứng dụng,Informational,—
cách thắt dây quần,"Informational, Transactional",880,28,0.009999999776482582,0,,Cần review,Athleisure & outfit,Trang phục thể thao ứng dụng,Informational,—
áo khoác đẹp,Informational,880,47,0.05999999865889549,0,,Cần review,Athleisure & outfit,Trang phục thể thao ứng dụng,Informational,—
quần xì rách,"Informational, Transactional",720,13,0,0,,Cần review,Athleisure & outfit,Trang phục thể thao ứng dụng,Commercial investigation,—
áo dài tay,Informational,720,11,0.05000000074505806,0,,Cần review,Athleisure & outfit,Trang phục thể thao ứng dụng,Informational,—
áo khoác lông vũ,Informational,720,19,0,0,,Cần review,Athleisure & outfit,Trang phục thể thao ứng dụng,Informational,—
áo khoác mùa đông,Informational,720,59,0.09000000357627869,0,,Cần review,Athleisure & outfit,Trang phục thể thao ứng dụng,Transactional,—
áo thu đông,Informational,720,9,0.07000000029802322,0,,Cần review,Athleisure & outfit,Trang phục thể thao ứng dụng,Informational,—
aos polo,Informational,590,16,0.10999999940395355,0,,Cần review,Athleisure & outfit,Trang phục thể thao ứng dụng,Informational,—
quần gió,Informational,590,12,0.05000000074505806,0,,Cần review,Athleisure & outfit,Trang phục thể thao ứng dụng,Informational,—
váy liền thân,Informational,590,9,0.03999999910593033,0,,Cần review,Athleisure & outfit,Trang phục thể thao ứng dụng,Informational,—
áo bơi,Commercial,590,15,0.05999999865889549,0,,Cần review,Athleisure & outfit,Trang phục thể thao ứng dụng,Commercial investigation,—
áo khoác đen,Informational,590,13,0.05999999865889549,0,,Cần review,Athleisure & outfit,Trang phục thể thao ứng dụng,Informational,—
gấp chăn quân đội,Informational,480,24,0,0,,Cần review,Athleisure & outfit,Trang phục thể thao ứng dụng,Informational,—
quần chạy,Informational,480,9,0.10999999940395355,0,,Cần review,Athleisure & outfit,Trang phục thể thao ứng dụng,Informational,—
quần nỉ ống rộng,Informational,480,26,0.019999999552965164,0,,Cần review,Athleisure & outfit,Trang phục thể thao ứng dụng,Informational,—
quần sọc,Informational,480,11,0.029999999329447746,0,,Cần review,Athleisure & outfit,Trang phục thể thao ứng dụng,Informational,—
quần sọt,Informational,480,20,0.03999999910593033,0,,Cần review,Athleisure & outfit,Trang phục thể thao ứng dụng,Informational,—
quần xi líp,"Informational, Transactional",480,28,0,0,,Cần review,Athleisure & outfit,Trang phục thể thao ứng dụng,Commercial investigation,—
xắn quần,Informational,480,11,0,0,,Cần review,Athleisure & outfit,Trang phục thể thao ứng dụng,Informational,—
đũng quần là gì,Informational,480,12,0,0,,Cần review,Athleisure & outfit,Trang phục thể thao ứng dụng,Informational,—
áo khoác hành chính,Informational,390,10,0.09000000357627869,0,,Cần review,Athleisure & outfit,Trang phục thể thao ứng dụng,Informational,—
áo phông là gì,Informational,390,10,0.15000000596046448,0,,Cần review,Athleisure & outfit,Trang phục thể thao ứng dụng,Informational,—
quần dài thể thao,Informational,320,12,0.09000000357627869,0,,Cần review,Athleisure & outfit,Trang phục thể thao ứng dụng,Informational,—
áo khoác cổ cao,Informational,320,21,0,0,,Cần review,Athleisure & outfit,Trang phục thể thao ứng dụng,Informational,—
áo khoác jacket,Informational,320,9,0.18000000715255737,0,,Cần review,Athleisure & outfit,Trang phục thể thao ứng dụng,Informational,—
áo phao lông vũ nhật chính hãng,Informational,320,22,0,0,,Cần review,Athleisure & outfit,Trang phục thể thao ứng dụng,Transactional,—
bộ đồ bơi,Informational,260,20,0.03999999910593033,0,,Cần review,Athleisure & outfit,Trang phục thể thao ứng dụng,Informational,—
cách gấp quần,"Informational, Transactional",260,13,0,0,,Cần review,Athleisure & outfit,Trang phục thể thao ứng dụng,Informational,—
cách thắt dây quần đẹp,Informational,260,19,0,0,,Cần review,Athleisure & outfit,Trang phục thể thao ứng dụng,Informational,—
polo là gì,Informational,260,14,0.019999999552965164,0,,Cần review,Athleisure & outfit,Trang phục thể thao ứng dụng,Informational,—
quần lót từ tính,Informational,260,9,0.15000000596046448,0,,Cần review,Athleisure & outfit,Trang phục thể thao ứng dụng,Informational,—
áo khoác bóng đá,Informational,260,54,0.05999999865889549,0,,Cần review,Athleisure & outfit,Trang phục thể thao ứng dụng,Informational,—
áo khoác ngoài,Informational,260,12,0,0,,Cần review,Athleisure & outfit,Trang phục thể thao ứng dụng,Informational,—
áo khoác quân đội,Informational,260,9,0,0,,Cần review,Athleisure & outfit,Trang phục thể thao ứng dụng,Informational,—
áo khoác trắng,Informational,260,17,0,0,,Cần review,Athleisure & outfit,Trang phục thể thao ứng dụng,Informational,—
áo phông là áo gì,Informational,260,10,0,0,,Cần review,Athleisure & outfit,Trang phục thể thao ứng dụng,Informational,—
áo polo hàng hiệu,Informational,260,11,0.07000000029802322,0,,Cần review,Athleisure & outfit,Trang phục thể thao ứng dụng,Informational,—
đỉa quần,"Informational, Transactional",260,28,0,0,,Cần review,Athleisure & outfit,Trang phục thể thao ứng dụng,Commercial investigation,—
ao cầu,Informational,210,9,0,0,,Cần review,Athleisure & outfit,Trang phục thể thao ứng dụng,Informational,—
ao t,Informational,210,9,0,0,,Cần review,Athleisure & outfit,Trang phục thể thao ứng dụng,Informational,—
các loại quần,Informational,210,11,0,0,,Cần review,Athleisure & outfit,Trang phục thể thao ứng dụng,Informational,—
cách buộc dây rút quần,"Informational, Transactional",210,18,0,0,,Cần review,Athleisure & outfit,Trang phục thể thao ứng dụng,Informational,—
cách cột dây quần,"Informational, Transactional",210,11,0,0,,Cần review,Athleisure & outfit,Trang phục thể thao ứng dụng,Informational,—
cách gấp áo,"Informational, Transactional",210,13,0.009999999776482582,0,,Cần review,Athleisure & outfit,Trang phục thể thao ứng dụng,Informational,—
cách thắt nút dây quần,Informational,210,19,0,0,,Cần review,Athleisure & outfit,Trang phục thể thao ứng dụng,Informational,—
cách xếp áo thun,"Informational, Transactional",210,12,0.009999999776482582,0,,Cần review,Athleisure & outfit,Trang phục thể thao ứng dụng,Informational,—
quần sịp sắt,Informational,210,16,0,0,,Cần review,Athleisure & outfit,Trang phục thể thao ứng dụng,Informational,—
quần đùi tiếng anh,Informational,210,16,0,0,,Cần review,Athleisure & outfit,Trang phục thể thao ứng dụng,Informational,—
shirt là áo gì,Informational,210,18,0,0,,Cần review,Athleisure & outfit,Trang phục thể thao ứng dụng,Informational,—
t shirt là áo gì,Informational,210,11,0,0,,Cần review,Athleisure & outfit,Trang phục thể thao ứng dụng,Informational,—
áo khoác jordan,Informational,210,39,0,0,,Cần review,Athleisure & outfit,Trang phục thể thao ứng dụng,Informational,—
áo phông tiếng anh là gì,Informational,210,20,0,0,,Cần review,Athleisure & outfit,Trang phục thể thao ứng dụng,Informational,—
áo polo là áo gì,Informational,210,11,0.029999999329447746,0,,Cần review,Athleisure & outfit,Trang phục thể thao ứng dụng,Informational,—
áo t shirt là gì,Informational,210,8,0,0,,Cần review,Athleisure & outfit,Trang phục thể thao ứng dụng,Informational,—
áo thu đông quân đội,Informational,210,9,0,0,,Cần review,Athleisure & outfit,Trang phục thể thao ứng dụng,Informational,—
áo tập,Informational,210,26,0.10999999940395355,0,,Cần review,Athleisure & outfit,Trang phục thể thao ứng dụng,Informational,—
ao khoac gio,Informational,170,10,0.09000000357627869,0,,Cần review,Athleisure & outfit,Trang phục thể thao ứng dụng,Informational,—
buộc dây quần,"Informational, Transactional",170,9,0,0,,Cần review,Athleisure & outfit,Trang phục thể thao ứng dụng,Commercial investigation,—
cách gấp áo phông,"Informational, Transactional",170,12,0.009999999776482582,0,,Cần review,Athleisure & outfit,Trang phục thể thao ứng dụng,Informational,—
cách gấp áo thun nhanh,"Informational, Transactional",170,11,0,0,,Cần review,Athleisure & outfit,Trang phục thể thao ứng dụng,Informational,—
cách xếp áo,"Informational, Transactional",170,13,0,0,,Cần review,Athleisure & outfit,Trang phục thể thao ứng dụng,Informational,—
quần ngắn tiếng anh là gì,Informational,170,27,0,0,,Cần review,Athleisure & outfit,Trang phục thể thao ứng dụng,Informational,—
quần nỉ ống suông,Informational,170,9,0.03999999910593033,0,,Cần review,Athleisure & outfit,Trang phục thể thao ứng dụng,Informational,—
thương hiệu polo,Informational,170,15,0.029999999329447746,0,,Cần review,Athleisure & outfit,Trang phục thể thao ứng dụng,Informational,—
váy bơi,Informational,170,5,0.03999999910593033,0,,Cần review,Athleisure & outfit,Trang phục thể thao ứng dụng,Informational,—
váy thể thao,Informational,170,9,0.09000000357627869,0,,Cần review,Athleisure & outfit,Trang phục thể thao ứng dụng,Informational,—
áo bomber jacket,Informational,170,14,0,0,,Cần review,Athleisure & outfit,Trang phục thể thao ứng dụng,Informational,—
áo coat,Informational,170,21,0,0,,Cần review,Athleisure & outfit,Trang phục thể thao ứng dụng,Informational,—
áo khoác bông,Informational,170,12,0,0,,Cần review,Athleisure & outfit,Trang phục thể thao ứng dụng,Informational,—
áo khoác cao cấp,Informational,170,53,0.12999999523162842,0,,Cần review,Athleisure & outfit,Trang phục thể thao ứng dụng,Informational,—
áo khoác philipp plein,Informational,170,11,0,0,,Cần review,Athleisure & outfit,Trang phục thể thao ứng dụng,Informational,—
áo khoác đông,Informational,170,45,0,0,,Cần review,Athleisure & outfit,Trang phục thể thao ứng dụng,Informational,—
áo liner,Informational,170,6,0.10999999940395355,0,,Cần review,Athleisure & outfit,Trang phục thể thao ứng dụng,Informational,—
áo polo cao cấp,Informational,170,22,0.10999999940395355,0,,Cần review,Athleisure & outfit,Trang phục thể thao ứng dụng,Informational,—
áo rét,Informational,170,5,0,0,,Cần review,Athleisure & outfit,Trang phục thể thao ứng dụng,Informational,—
áo thu,Informational,170,8,0,0,,Cần review,Athleisure & outfit,Trang phục thể thao ứng dụng,Informational,—
ao dong,Informational,140,14,0,0,,Cần review,Athleisure & outfit,Trang phục thể thao ứng dụng,Informational,—
cách buộc chun quần,Informational,140,19,0,0,,Cần review,Athleisure & outfit,Trang phục thể thao ứng dụng,Informational,—
cách buộc dây quần đẹp,"Informational, Transactional",140,18,0.009999999776482582,0,,Cần review,Athleisure & outfit,Trang phục thể thao ứng dụng,Informational,—
cách gấp quần jean,"Informational, Transactional",140,12,0,0,,Cần review,Athleisure & outfit,Trang phục thể thao ứng dụng,Informational,—
cách gấp áo thun,"Informational, Transactional",140,12,0,0,,Cần review,Athleisure & outfit,Trang phục thể thao ứng dụng,Informational,—
cách sếp áo,Informational,140,12,0,0,,Cần review,Athleisure & outfit,Trang phục thể thao ứng dụng,Informational,—
cách thắt dây rút quần,"Informational, Transactional",140,18,0,0,,Cần review,Athleisure & outfit,Trang phục thể thao ứng dụng,Informational,—
dép polo,Informational,140,14,0.05999999865889549,0,,Cần review,Athleisure & outfit,Trang phục thể thao ứng dụng,Informational,—
mẫu áo khoác đẹp,Informational,140,33,0,0,,Cần review,Athleisure & outfit,Trang phục thể thao ứng dụng,Informational,—
phối áo polo,Informational,140,9,0.23000000417232513,0,,Cần review,Athleisure & outfit,Trang phục thể thao ứng dụng,Informational,—
quần lót lông,Informational,140,16,0,0,,Cần review,Athleisure & outfit,Trang phục thể thao ứng dụng,Informational,—
quần lót sắt,Informational,140,14,0,0,,Cần review,Athleisure & outfit,Trang phục thể thao ứng dụng,Informational,—
quần đùi gió,Informational,140,9,0.07000000029802322,0,,Cần review,Athleisure & outfit,Trang phục thể thao ứng dụng,Informational,—
thắt dây quần,"Informational, Transactional",140,22,0,0,,Cần review,Athleisure & outfit,Trang phục thể thao ứng dụng,Commercial investigation,—
váy lông,Informational,140,22,0,0,,Cần review,Athleisure & outfit,Trang phục thể thao ứng dụng,Informational,—
áo ba lỗ đen,Informational,140,9,0,0,,Cần review,Athleisure & outfit,Trang phục thể thao ứng dụng,Informational,—
áo gile lông,Informational,140,17,0,0,,Cần review,Athleisure & outfit,Trang phục thể thao ứng dụng,Informational,—
áo gió thể thao,Informational,140,9,0.07999999821186066,0,,Cần review,Athleisure & outfit,Trang phục thể thao ứng dụng,Informational,—
áo gió đẹp,Informational,140,17,0,0,,Cần review,Athleisure & outfit,Trang phục thể thao ứng dụng,Informational,—
áo khoác chính hãng,Informational,140,60,0,0,,Cần review,Athleisure & outfit,Trang phục thể thao ứng dụng,Transactional,—
áo khoác cổ đứng,Informational,140,18,0,0,,Cần review,Athleisure & outfit,Trang phục thể thao ứng dụng,Informational,—
áo khoác gió thể thao,Informational,140,8,0.09000000357627869,0,,Cần review,Athleisure & outfit,Trang phục thể thao ứng dụng,Informational,—
áo khoác hiệu,Informational,140,23,0.10000000149011612,0,,Cần review,Athleisure & outfit,Trang phục thể thao ứng dụng,Informational,—
áo khoác hàng hiệu,Informational,140,25,0.03999999910593033,0,,Cần review,Athleisure & outfit,Trang phục thể thao ứng dụng,Informational,—
áo khoác nhẹ,Informational,140,15,0.05000000074505806,0,,Cần review,Athleisure & outfit,Trang phục thể thao ứng dụng,Informational,—
áo khoác reebok,Informational,140,4,0.10000000149011612,0,,Cần review,Athleisure & outfit,Trang phục thể thao ứng dụng,Informational,—
áo khoác thu đông,Informational,140,15,0,0,,Cần review,Athleisure & outfit,Trang phục thể thao ứng dụng,Informational,—
áo lông cao,Informational,140,16,0,0,,Cần review,Athleisure & outfit,Trang phục thể thao ứng dụng,Informational,—
áo pick,Informational,140,12,0.07000000029802322,0,,Cần review,Athleisure & outfit,Trang phục thể thao ứng dụng,Informational,—
áo thu đông bộ đội,Informational,140,9,0,0,,Cần review,Athleisure & outfit,Trang phục thể thao ứng dụng,Informational,—
cách gấp quần lót,"Informational, Transactional",110,12,0,0,,Cần review,Athleisure & outfit,Trang phục thể thao ứng dụng,Informational,—
cách gấp áo dài không bị nhăn,"Informational, Transactional",110,9,0,0,,Cần review,Athleisure & outfit,Trang phục thể thao ứng dụng,Informational,—
cách luồn dây quần,"Informational, Transactional",110,27,0,0,,Cần review,Athleisure & outfit,Trang phục thể thao ứng dụng,Informational,—
cách xếp quần jean,"Informational, Transactional",110,18,0,0,,Cần review,Athleisure & outfit,Trang phục thể thao ứng dụng,Informational,—
dây quần,"Informational, Transactional",110,7,0,0,,Cần review,Athleisure & outfit,Trang phục thể thao ứng dụng,Commercial investigation,—
dây rút quần,Informational,110,22,0.029999999329447746,0,,Cần review,Athleisure & outfit,Trang phục thể thao ứng dụng,Informational,—
gấp áo,"Informational, Transactional",110,12,0,0,,Cần review,Athleisure & outfit,Trang phục thể thao ứng dụng,Commercial investigation,—
li quần,Informational,110,11,0,0,,Cần review,Athleisure & outfit,Trang phục thể thao ứng dụng,Informational,—
mua ao khoac,Informational,110,53,0.11999999731779099,0,,Cần review,Athleisure & outfit,Trang phục thể thao ứng dụng,Transactional,—
mẫu áo khoác,Informational,110,22,0,0,,Cần review,Athleisure & outfit,Trang phục thể thao ứng dụng,Informational,—
polo là môn thể thao gì,Informational,110,12,0,0,,Cần review,Athleisure & outfit,Trang phục thể thao ứng dụng,Informational,—
polo áo,Informational,110,19,0.05999999865889549,0,,Cần review,Athleisure & outfit,Trang phục thể thao ứng dụng,Informational,—
quan si,Informational,110,7,0,0,,Cần review,Athleisure & outfit,Trang phục thể thao ứng dụng,Informational,—
quan the thao,Informational,110,12,0.09000000357627869,0,,Cần review,Athleisure & outfit,Trang phục thể thao ứng dụng,Informational,—
quần nỉ thể thao,Informational,110,11,0,0,,Cần review,Athleisure & outfit,Trang phục thể thao ứng dụng,Informational,—
quần nỉ trắng,Informational,110,4,0,0,,Cần review,Athleisure & outfit,Trang phục thể thao ứng dụng,Informational,—
quần sooc tiếng anh là gì,Informational,110,30,0,0,,Cần review,Athleisure & outfit,Trang phục thể thao ứng dụng,Informational,—
quần thu đông,Informational,110,8,0,0,,Cần review,Athleisure & outfit,Trang phục thể thao ứng dụng,Informational,—
quần thể thao dài,Informational,110,12,0.09000000357627869,0,,Cần review,Athleisure & outfit,Trang phục thể thao ứng dụng,Informational,—
quần xì sắt,Informational,110,16,0,0,,Cần review,Athleisure & outfit,Trang phục thể thao ứng dụng,Informational,—
quần xì trum,Informational,110,15,0,0,,Cần review,Athleisure & outfit,Trang phục thể thao ứng dụng,Informational,—
áo butterfly,Informational,110,3,0.07000000029802322,0,,Cần review,Athleisure & outfit,Trang phục thể thao ứng dụng,Informational,—
áo cầu vồng,Informational,110,16,0,0,,Cần review,Athleisure & outfit,Trang phục thể thao ứng dụng,Informational,—
áo di chuyển bóng đá,Informational,110,5,0.10999999940395355,0,,Cần review,Athleisure & outfit,Trang phục thể thao ứng dụng,Informational,—
áo gì,Informational,110,11,0,0,,Cần review,Athleisure & outfit,Trang phục thể thao ứng dụng,Informational,—
áo khoác có cổ,Informational,110,10,0,0,,Cần review,Athleisure & outfit,Trang phục thể thao ứng dụng,Informational,—
áo khoác gió đẹp,Informational,110,16,0,0,,Cần review,Athleisure & outfit,Trang phục thể thao ứng dụng,Informational,—
áo khoác jordan chính hãng,Informational,110,40,0,0,,Cần review,Athleisure & outfit,Trang phục thể thao ứng dụng,Transactional,—
áo khoác kiểu,Informational,110,15,0,0,,Cần review,Athleisure & outfit,Trang phục thể thao ứng dụng,Informational,—
áo khoác lính,Informational,110,59,0,0,,Cần review,Athleisure & outfit,Trang phục thể thao ứng dụng,Informational,—
áo khoác lông vũ anta,"Informational, Transactional",110,12,0,0,,Cần review,Athleisure & outfit,Trang phục thể thao ứng dụng,Commercial investigation,—
áo khoác ninja,Informational,110,13,0,0,,Cần review,Athleisure & outfit,Trang phục thể thao ứng dụng,Informational,—
áo khoác pilot,Informational,110,10,0,0,,Cần review,Athleisure & outfit,Trang phục thể thao ứng dụng,Informational,—
áo khoác samsung,Informational,110,7,0,0,,Cần review,Athleisure & outfit,Trang phục thể thao ứng dụng,Informational,—
áo khoác teen,Informational,110,13,0,0,,Cần review,Athleisure & outfit,Trang phục thể thao ứng dụng,Informational,—
áo khoác thời trang,Informational,110,41,0.09000000357627869,0,,Cần review,Athleisure & outfit,Trang phục thể thao ứng dụng,Informational,—
áo khoác trắng đen,Informational,110,16,0,0,,Cần review,Athleisure & outfit,Trang phục thể thao ứng dụng,Informational,—
áo nỉ bé trai,Informational,110,9,0,0,,Cần review,Athleisure & outfit,Trang phục thể thao ứng dụng,Informational,—
áo phao cao cấp,Informational,110,13,0,0,,Cần review,Athleisure & outfit,Trang phục thể thao ứng dụng,Informational,—
áo phông polo,Informational,110,18,0.09000000357627869,0,,Cần review,Athleisure & outfit,Trang phục thể thao ứng dụng,Informational,—
áo polo mặc với quần gì,Informational,110,9,0.019999999552965164,0,,Cần review,Athleisure & outfit,Trang phục thể thao ứng dụng,Informational,—
áo thun polo chính hãng,Informational,110,11,0.07000000029802322,0,,Cần review,Athleisure & outfit,Trang phục thể thao ứng dụng,Transactional,—
áo thun t shirt,Informational,110,15,0,0,,Cần review,Athleisure & outfit,Trang phục thể thao ứng dụng,Informational,—
áo thể thao tay dài,Informational,110,8,0.10000000149011612,0,,Cần review,Athleisure & outfit,Trang phục thể thao ứng dụng,Informational,—
đồ thể thao trẻ em,Informational,110,10,0.07999999821186066,0,,Cần review,Athleisure & outfit,Trang phục thể thao ứng dụng,Informational,—
ao tay dai,Informational,90,12,0,0,,Cần review,Athleisure & outfit,Trang phục thể thao ứng dụng,Informational,—
bộ đồ thu đông,Informational,90,9,0,0,,Cần review,Athleisure & outfit,Trang phục thể thao ứng dụng,Informational,—
cách gấp chăn màn quân đội,Informational,90,22,0,0,,Cần review,Athleisure & outfit,Trang phục thể thao ứng dụng,Informational,—
cách gấp áo thun có cổ,"Informational, Transactional",90,10,0,0,,Cần review,Athleisure & outfit,Trang phục thể thao ứng dụng,Informational,—
gấp chăn màn quân đội,Informational,90,22,0,0,,Cần review,Athleisure & outfit,Trang phục thể thao ứng dụng,Informational,—
polo shirt là gì,Informational,90,12,0,0,,Cần review,Athleisure & outfit,Trang phục thể thao ứng dụng,Informational,—
quần gió thể thao,Informational,90,9,0.07000000029802322,0,,Cần review,Athleisure & outfit,Trang phục thể thao ứng dụng,Informational,—
quần nơ,Informational,90,9,0,0,,Cần review,Athleisure & outfit,Trang phục thể thao ứng dụng,Informational,—
quần silip,Informational,90,49,0,0,,Cần review,Athleisure & outfit,Trang phục thể thao ứng dụng,Informational,—
quần sắt,Informational,90,9,0,0,,Cần review,Athleisure & outfit,Trang phục thể thao ứng dụng,Informational,—
quần sịp bằng sắt,Informational,90,15,0,0,,Cần review,Athleisure & outfit,Trang phục thể thao ứng dụng,Informational,—
quần xì lót,Informational,90,10,0,0,,Cần review,Athleisure & outfit,Trang phục thể thao ứng dụng,Informational,—
áo chữ t,Informational,90,9,0,0,,Cần review,Athleisure & outfit,Trang phục thể thao ứng dụng,Informational,—
áo khoác hàn,Informational,90,31,0,0,,Cần review,Athleisure & outfit,Trang phục thể thao ứng dụng,Informational,—
áo khoác màu trắng,Informational,90,16,0,0,,Cần review,Athleisure & outfit,Trang phục thể thao ứng dụng,Informational,—
áo khoác nhật bản,Informational,90,17,0,0,,Cần review,Athleisure & outfit,Trang phục thể thao ứng dụng,Informational,—
áo khoác rằn ri,Informational,90,15,0,0,,Cần review,Athleisure & outfit,Trang phục thể thao ứng dụng,Informational,—
áo lông đức,Informational,90,16,0,0,,Cần review,Athleisure & outfit,Trang phục thể thao ứng dụng,Informational,—
áo mùa thu,Informational,90,13,0,0,,Cần review,Athleisure & outfit,Trang phục thể thao ứng dụng,Transactional,—
áo nato xịn,Informational,90,11,0,0,,Cần review,Athleisure & outfit,Trang phục thể thao ứng dụng,Informational,—
áo nỉ tiếng anh là gì,Informational,90,18,0,0,,Cần review,Athleisure & outfit,Trang phục thể thao ứng dụng,Informational,—
áo phông rộng mặc với quần gì,Informational,90,9,0,0,,Cần review,Athleisure & outfit,Trang phục thể thao ứng dụng,Informational,—
áo polo hiệu,Informational,90,9,0.07000000029802322,0,,Cần review,Athleisure & outfit,Trang phục thể thao ứng dụng,Informational,—
ao ni su ri,Informational,70,16,0,0,,Cần review,Athleisure & outfit,Trang phục thể thao ứng dụng,Informational,—
quần le,"Informational, Transactional",70,10,0,0,,Cần review,Athleisure & outfit,Trang phục thể thao ứng dụng,Commercial investigation,—
quần mùa đông,Informational,70,12,0,0,,Cần review,Athleisure & outfit,Trang phục thể thao ứng dụng,Transactional,—
áo gió tiếng anh là gì,Informational,70,19,0,0,,Cần review,Athleisure & outfit,Trang phục thể thao ứng dụng,Informational,—
áo khoác 3 lớp,Informational,70,8,0,0,,Cần review,Athleisure & outfit,Trang phục thể thao ứng dụng,Informational,—
áo khoác chiến thuật,Informational,70,2,0,0,,Cần review,Athleisure & outfit,Trang phục thể thao ứng dụng,Informational,—
áo khoác hugo boss,Informational,70,16,0,0,,Cần review,Athleisure & outfit,Trang phục thể thao ứng dụng,Informational,—
áo khoác outdoor,Informational,70,6,0,0,,Cần review,Athleisure & outfit,Trang phục thể thao ứng dụng,Informational,—
áo khoác trung quốc,Informational,70,7,0,0,,Cần review,Athleisure & outfit,Trang phục thể thao ứng dụng,Informational,—
áo lót nỉ,"Informational, Transactional",70,12,0,0,,Cần review,Athleisure & outfit,Trang phục thể thao ứng dụng,Commercial investigation,—
áo lông gile,Informational,70,9,0,0,,Cần review,Athleisure & outfit,Trang phục thể thao ứng dụng,Informational,—
áo lông vũ anta,"Informational, Navigational",70,12,0,0,,Cần review,Athleisure & outfit,Trang phục thể thao ứng dụng,Informational,—
áo nỉ lót lông,Informational,70,8,0,0,,Cần review,Athleisure & outfit,Trang phục thể thao ứng dụng,Informational,—
áo phao cổ lông,Informational,70,14,0,0,,Cần review,Athleisure & outfit,Trang phục thể thao ứng dụng,Informational,—
áo phao hàng hiệu,Informational,70,9,0,0,,Cần review,Athleisure & outfit,Trang phục thể thao ứng dụng,Informational,—
áo phông phối màu,Informational,70,9,0.05000000074505806,0,,Cần review,Athleisure & outfit,Trang phục thể thao ứng dụng,Informational,—
áo shirt,Informational,70,10,0,0,,Cần review,Athleisure & outfit,Trang phục thể thao ứng dụng,Informational,—
áo thun mùa đông,Informational,70,9,0,0,,Cần review,Athleisure & outfit,Trang phục thể thao ứng dụng,Transactional,—
áo thun thể thao tay dài,Informational,70,9,0.07999999821186066,0,,Cần review,Athleisure & outfit,Trang phục thể thao ứng dụng,Informational,—
bộ đồ nỉ,Informational,50,10,0,0,,Cần review,Athleisure & outfit,Trang phục thể thao ứng dụng,Informational,—
môn thể thao polo,Informational,50,17,0,0,,Cần review,Athleisure & outfit,Trang phục thể thao ứng dụng,Informational,—
polo nghĩa là gì,Informational,50,14,0,0,,Cần review,Athleisure & outfit,Trang phục thể thao ứng dụng,Informational,—
thiết kế áo khoác,Informational,50,7,0.3700000047683716,0,,Cần review,Athleisure & outfit,Trang phục thể thao ứng dụng,Informational,—
áo khoác cao bồi,Informational,50,16,0,0,,Cần review,Athleisure & outfit,Trang phục thể thao ứng dụng,Informational,—
áo khoác gió bomber,Informational,50,9,0,0,,Cần review,Athleisure & outfit,Trang phục thể thao ứng dụng,Informational,—
áo khoác hoạ tiết,Informational,50,10,0,0,,Cần review,Athleisure & outfit,Trang phục thể thao ứng dụng,Informational,—
áo khoác nga,Informational,50,21,0,0,,Cần review,Athleisure & outfit,Trang phục thể thao ứng dụng,Informational,—
áo khoác old navy,"Informational, Transactional",50,11,0.029999999329447746,0,,Cần review,Athleisure & outfit,Trang phục thể thao ứng dụng,Commercial investigation,—
áo lông chim,Informational,50,16,0,0,,Cần review,Athleisure & outfit,Trang phục thể thao ứng dụng,Informational,—
áo lông màu hồng,Informational,50,10,0,0,,Cần review,Athleisure & outfit,Trang phục thể thao ứng dụng,Informational,—
áo lông vũ canifa,Transactional,50,10,0,0,,Cần review,Athleisure & outfit,Trang phục thể thao ứng dụng,Commercial investigation,—
áo lông vũ the north face,Informational,50,8,0,0,,Cần review,Athleisure & outfit,Trang phục thể thao ứng dụng,Informational,—
áo phao format,"Informational, Transactional",50,26,0,0,,Cần review,Athleisure & outfit,Trang phục thể thao ứng dụng,Commercial investigation,—
áo phao lót lông,Informational,50,12,0,0,,Cần review,Athleisure & outfit,Trang phục thể thao ứng dụng,Informational,—
áo phao lông,Informational,50,10,0,0,,Cần review,Athleisure & outfit,Trang phục thể thao ứng dụng,Informational,—
áo phọt dài mặc với quần ôm,Informational,50,8,0,0,,Cần review,Athleisure & outfit,Trang phục thể thao ứng dụng,Informational,—
áo polo là áo như thế nào,Informational,50,10,0.019999999552965164,0,,Cần review,Athleisure & outfit,Trang phục thể thao ứng dụng,Informational,—
ảo vọng là gì,Informational,50,20,0,0,,Cần review,Athleisure & outfit,Trang phục thể thao ứng dụng,Informational,—
ao khoac gia re,Informational,40,34,0,0,,Cần review,Athleisure & outfit,Trang phục thể thao ứng dụng,Transactional,—
bộ đồ thu đông đẹp,Informational,40,9,0,0,,Cần review,Athleisure & outfit,Trang phục thể thao ứng dụng,Informational,—
cách làm phẳng áo thun,Informational,40,17,0,0,,Cần review,Athleisure & outfit,Trang phục thể thao ứng dụng,Informational,—
cách phối áo polo,Informational,40,7,0,0,,Cần review,Athleisure & outfit,Trang phục thể thao ứng dụng,Informational,—
giá áo phao lông vũ,Informational,40,9,0,0,,Cần review,Athleisure & outfit,Trang phục thể thao ứng dụng,Transactional,—
quần jean ngố mặc với áo gì,Informational,40,9,0,0,,Cần review,Athleisure & outfit,Trang phục thể thao ứng dụng,Informational,—
quần tứ giác,Informational,40,8,0,0,,Cần review,Athleisure & outfit,Trang phục thể thao ứng dụng,Informational,—
xem áo khoác,"Informational, Transactional",40,14,0.029999999329447746,0,,Cần review,Athleisure & outfit,Trang phục thể thao ứng dụng,Commercial investigation,—
áo gió cao cấp,Informational,40,12,0,0,,Cần review,Athleisure & outfit,Trang phục thể thao ứng dụng,Informational,—
áo khoác gaming,Informational,40,2,0,0,,Cần review,Athleisure & outfit,Trang phục thể thao ứng dụng,Informational,—
áo khoác mũ lông,Informational,40,4,0,0,,Cần review,Athleisure & outfit,Trang phục thể thao ứng dụng,Informational,—
áo khoác under armour,Informational,40,9,0.05000000074505806,0,,Cần review,Athleisure & outfit,Trang phục thể thao ứng dụng,Informational,—
áo lông ngỗng,Informational,40,11,0,0,,Cần review,Athleisure & outfit,Trang phục thể thao ứng dụng,Informational,—
áo nỉ len,Informational,40,11,0,0,,Cần review,Athleisure & outfit,Trang phục thể thao ứng dụng,Informational,—
áo phao lông vũ dáng ngắn,Informational,40,15,0,0,,Cần review,Athleisure & outfit,Trang phục thể thao ứng dụng,Informational,—
áo phông mặc với quần gì,Informational,40,9,0,0,,Cần review,Athleisure & outfit,Trang phục thể thao ứng dụng,Informational,—
áo phông với quần âu,Informational,40,9,0,0,,Cần review,Athleisure & outfit,Trang phục thể thao ứng dụng,Informational,—
áo tắm liền thân,Informational,40,7,0.05999999865889549,0,,Cần review,Athleisure & outfit,Trang phục thể thao ứng dụng,Informational,—
áo venom,Informational,40,4,0,0,,Cần review,Athleisure & outfit,Trang phục thể thao ứng dụng,Informational,—
ao khoac co long,Informational,30,6,0,0,,Cần review,Athleisure & outfit,Trang phục thể thao ứng dụng,Informational,—
ao khoac du the thao,Informational,30,14,0,0,,Cần review,Athleisure & outfit,Trang phục thể thao ứng dụng,Informational,—
ao khoac ha noi,Informational,30,12,0,0,,Cần review,Athleisure & outfit,Trang phục thể thao ứng dụng,Informational,—
ao lanh,"Informational, Transactional",30,12,0,0,,Cần review,Athleisure & outfit,Trang phục thể thao ứng dụng,Commercial investigation,—
ao ninger,"Informational, Transactional",30,26,0,0,,Cần review,Athleisure & outfit,Trang phục thể thao ứng dụng,Commercial investigation,—
ao quan boi,Informational,30,3,0,0,,Cần review,Athleisure & outfit,Trang phục thể thao ứng dụng,Informational,—
bộ áo khoác thể thao,Informational,30,9,0,0,,Cần review,Athleisure & outfit,Trang phục thể thao ứng dụng,Informational,—
bộ áo thu đông,Informational,30,7,0,0,,Cần review,Athleisure & outfit,Trang phục thể thao ứng dụng,Informational,—
bộ đồ bơi liền,Informational,30,2,0,0,,Cần review,Athleisure & outfit,Trang phục thể thao ứng dụng,Informational,—
bộ đồ nỉ đôi mùa đông,Informational,30,10,0,0,,Cần review,Athleisure & outfit,Trang phục thể thao ứng dụng,Transactional,—
bộ đồ thể thao mùa hè,Informational,30,14,0,0,,Cần review,Athleisure & outfit,Trang phục thể thao ứng dụng,Transactional,—
chỗ bán áo khoác đẹp,Commercial,30,-1,0,0,,Cần review,Athleisure & outfit,Trang phục thể thao ứng dụng,Transactional,—
các loại áo phông,Informational,30,11,0,0,,Cần review,Athleisure & outfit,Trang phục thể thao ứng dụng,Informational,—
các mẫu áo polo đẹp,Informational,30,8,0,0,,Cần review,Athleisure & outfit,Trang phục thể thao ứng dụng,Informational,—
cách buộc dây quần jogger,"Informational, Transactional",30,25,0,0,,Cần review,Athleisure & outfit,Trang phục thể thao ứng dụng,Informational,—
cách buộc dây thun quần,"Informational, Transactional",30,17,0,0,,Cần review,Athleisure & outfit,Trang phục thể thao ứng dụng,Informational,—
cách gấp quần gọn,"Informational, Transactional",30,13,0,0,,Cần review,Athleisure & outfit,Trang phục thể thao ứng dụng,Informational,—
cách gấp quần tây,"Informational, Transactional",30,11,0,0,,Cần review,Athleisure & outfit,Trang phục thể thao ứng dụng,Informational,—
cách gấp quần đùi gọn,"Informational, Transactional",30,9,0,0,,Cần review,Athleisure & outfit,Trang phục thể thao ứng dụng,Informational,—
cách gấp váy gọn,Informational,30,20,0,0,,Cần review,Athleisure & outfit,Trang phục thể thao ứng dụng,Informational,—
cách gấp váy không bị nhăn,"Informational, Transactional",30,9,0,0,,Cần review,Athleisure & outfit,Trang phục thể thao ứng dụng,Informational,—
cách gấp áo khoác jean,"Informational, Transactional",30,9,0,0,,Cần review,Athleisure & outfit,Trang phục thể thao ứng dụng,Informational,—
cách gấp áo nhanh nhất,"Informational, Transactional",30,10,0,0,,Cần review,Athleisure & outfit,Trang phục thể thao ứng dụng,Informational,—
cách gấp áo phông nhanh,Informational,30,18,0,0,,Cần review,Athleisure & outfit,Trang phục thể thao ứng dụng,Informational,—
cách gấp áo polo,"Informational, Transactional",30,9,0,0,,Cần review,Athleisure & outfit,Trang phục thể thao ứng dụng,Informational,—
cách gấp áo thun gọn,"Informational, Transactional",30,10,0,0,,Cần review,Athleisure & outfit,Trang phục thể thao ứng dụng,Informational,—
cách gấp áo thun đẹp,Informational,30,10,0,0,,Cần review,Athleisure & outfit,Trang phục thể thao ứng dụng,Informational,—
cách gập quần bò,"Informational, Transactional",30,9,0,0,,Cần review,Athleisure & outfit,Trang phục thể thao ứng dụng,Informational,—
cách luồn dây quần nhanh nhất,"Informational, Transactional",30,25,0,0,,Cần review,Athleisure & outfit,Trang phục thể thao ứng dụng,Informational,—
cách luồn dây thun quần,"Informational, Transactional",30,25,0,0,,Cần review,Athleisure & outfit,Trang phục thể thao ứng dụng,Informational,—
cách là áo phông,Informational,30,9,0,0,,Cần review,Athleisure & outfit,Trang phục thể thao ứng dụng,Informational,—
cách mặc áo gió đẹp,Informational,30,9,0,0,,Cần review,Athleisure & outfit,Trang phục thể thao ứng dụng,Informational,—
cách mặc áo thun,"Informational, Transactional",30,9,0,0,,Cần review,Athleisure & outfit,Trang phục thể thao ứng dụng,Informational,—
cách thắt chun quần,"Informational, Transactional",30,25,0,0,,Cần review,Athleisure & outfit,Trang phục thể thao ứng dụng,Informational,—
cách thắt dây quần jogger,"Informational, Transactional",30,25,0,0,,Cần review,Athleisure & outfit,Trang phục thể thao ứng dụng,Informational,—
cách xắn quần,"Informational, Transactional",30,9,0,0,,Cần review,Athleisure & outfit,Trang phục thể thao ứng dụng,Informational,—
cách xắn quần đẹp,"Informational, Transactional",30,9,0,0,,Cần review,Athleisure & outfit,Trang phục thể thao ứng dụng,Informational,—
cách xếp quần lót cuộn tròn,"Informational, Transactional",30,17,0,0,,Cần review,Athleisure & outfit,Trang phục thể thao ứng dụng,Informational,—
cách xếp quần tây không bị nhăn,"Informational, Transactional",30,8,0,0,,Cần review,Athleisure & outfit,Trang phục thể thao ứng dụng,Informational,—
cách xếp áo dài không nhăn,"Informational, Transactional",30,9,0,0,,Cần review,Athleisure & outfit,Trang phục thể thao ứng dụng,Informational,—
cách xếp áo thun cuộn tròn,Informational,30,9,0,0,,Cần review,Athleisure & outfit,Trang phục thể thao ứng dụng,Informational,—
cách xếp áo thun không nhăn,Informational,30,15,0,0,,Cần review,Athleisure & outfit,Trang phục thể thao ứng dụng,Informational,—
cách xỏ dây quần,"Informational, Transactional",30,25,0,0,,Cần review,Athleisure & outfit,Trang phục thể thao ứng dụng,Informational,—
cách xỏ dây thun quần,Informational,30,25,0,0,,Cần review,Athleisure & outfit,Trang phục thể thao ứng dụng,Informational,—
cột dây quần,"Informational, Transactional",30,18,0,0,,Cần review,Athleisure & outfit,Trang phục thể thao ứng dụng,Commercial investigation,—
dây buộc quần,"Informational, Transactional",30,9,0,0,,Cần review,Athleisure & outfit,Trang phục thể thao ứng dụng,Commercial investigation,—
giầy trắng mặc quần gì,Informational,30,7,0,0,,Cần review,Athleisure & outfit,Trang phục thể thao ứng dụng,Informational,—
gấp chăn kiểu quân đội,"Informational, Transactional",30,9,0,0,,Cần review,Athleisure & outfit,Trang phục thể thao ứng dụng,Commercial investigation,—
gấp chăn mùa đông quân đội,Informational,30,25,0,0,,Cần review,Athleisure & outfit,Trang phục thể thao ứng dụng,Transactional,—
gấp chăn trong quân đội,Informational,30,21,0,0,,Cần review,Athleisure & outfit,Trang phục thể thao ứng dụng,Informational,—
gấp quần,"Informational, Transactional",30,11,0,0,,Cần review,Athleisure & outfit,Trang phục thể thao ứng dụng,Commercial investigation,—
hãng áo gió nổi tiếng,Informational,30,12,0,0,,Cần review,Athleisure & outfit,Trang phục thể thao ứng dụng,Informational,—
hãng áo phông nổi tiếng,Informational,30,9,0,0,,Cần review,Athleisure & outfit,Trang phục thể thao ứng dụng,Informational,—
hướng dẫn gấp chăn quân đội,"Informational, Transactional",30,10,0,0,,Cần review,Athleisure & outfit,Trang phục thể thao ứng dụng,Commercial investigation,—
jacket áo,Informational,30,9,0,0,,Cần review,Athleisure & outfit,Trang phục thể thao ứng dụng,Informational,—
luồn dây quần,"Informational, Transactional",30,26,0,0,,Cần review,Athleisure & outfit,Trang phục thể thao ứng dụng,Commercial investigation,—
mix polo,"Informational, Transactional",30,12,0,0,,Cần review,Athleisure & outfit,Trang phục thể thao ứng dụng,Commercial investigation,—
mix quần sooc da,Informational,30,9,0,0,,Cần review,Athleisure & outfit,Trang phục thể thao ứng dụng,Informational,—
mix đồ với áo phông rộng,Informational,30,8,0,0,,Cần review,Athleisure & outfit,Trang phục thể thao ứng dụng,Informational,—
mua quần sịp,Informational,30,11,0.3700000047683716,0,,Cần review,Athleisure & outfit,Trang phục thể thao ứng dụng,Transactional,—
môn thể thao polo là gì,Informational,30,12,0,0,,Cần review,Athleisure & outfit,Trang phục thể thao ứng dụng,Informational,—
mẫu áo gió,"Informational, Transactional",30,9,0,0,,Cần review,Athleisure & outfit,Trang phục thể thao ứng dụng,Commercial investigation,—
mẫu áo lông,Informational,30,9,0,0,,Cần review,Athleisure & outfit,Trang phục thể thao ứng dụng,Informational,—
mặc quần alibaba với áo gì,Informational,30,18,0,0,,Cần review,Athleisure & outfit,Trang phục thể thao ứng dụng,Informational,—
mặc áo thun sao cho đẹp,Informational,30,9,0,0,,Cần review,Athleisure & outfit,Trang phục thể thao ứng dụng,Informational,—
những hãng áo thun nổi tiếng,Informational,30,11,0,0,,Cần review,Athleisure & outfit,Trang phục thể thao ứng dụng,Informational,—
nơi bán áo khoác đẹp,Informational,30,16,0,0,,Cần review,Athleisure & outfit,Trang phục thể thao ứng dụng,Transactional,—
phối áo thun,Informational,30,10,0,0,,Cần review,Athleisure & outfit,Trang phục thể thao ứng dụng,Informational,—
polo chính hãng,Informational,30,11,0.05000000074505806,0,,Cần review,Athleisure & outfit,Trang phục thể thao ứng dụng,Transactional,—
polo là ai,Informational,30,23,0,0,,Cần review,Athleisure & outfit,Trang phục thể thao ứng dụng,Informational,—
polo vietnam,Commercial,30,19,0,0,,Cần review,Athleisure & outfit,Trang phục thể thao ứng dụng,Commercial investigation,—
quan trang mac ao gi dep,Informational,30,8,0,0,,Cần review,Athleisure & outfit,Trang phục thể thao ứng dụng,Informational,—
quần buộc nơ,"Informational, Transactional",30,9,0,0,,Cần review,Athleisure & outfit,Trang phục thể thao ứng dụng,Commercial investigation,—
quần bò ngố kết hợp với áo gì,Informational,30,11,0,0,,Cần review,Athleisure & outfit,Trang phục thể thao ứng dụng,Informational,—
quần bông dài,Informational,30,12,0,0,,Cần review,Athleisure & outfit,Trang phục thể thao ứng dụng,Informational,—
quần bơi cao cấp,Informational,30,11,0.07000000029802322,0,,Cần review,Athleisure & outfit,Trang phục thể thao ứng dụng,Informational,—
quần gió mùa hè,Informational,30,11,0,0,,Cần review,Athleisure & outfit,Trang phục thể thao ứng dụng,Transactional,—
quần gì ngắn nhất,Informational,30,20,0,0,,Cần review,Athleisure & outfit,Trang phục thể thao ứng dụng,Informational,—
quần jean xắn lai,Informational,30,9,0,0,,Cần review,Athleisure & outfit,Trang phục thể thao ứng dụng,Informational,—
quần jean áo phông,Informational,30,15,0,0,,Cần review,Athleisure & outfit,Trang phục thể thao ứng dụng,Informational,—
quần lót xuất khẩu,Informational,30,11,0,0,,Cần review,Athleisure & outfit,Trang phục thể thao ứng dụng,Informational,—
quần lót đen,Informational,30,16,0,0,,Cần review,Athleisure & outfit,Trang phục thể thao ứng dụng,Informational,—
quần lửng ôm mặc với áo gì,Informational,30,9,0,0,,Cần review,Athleisure & outfit,Trang phục thể thao ứng dụng,Informational,—
quần mặc với áo thun,Informational,30,11,0,0,,Cần review,Athleisure & outfit,Trang phục thể thao ứng dụng,Informational,—
quần sneaker,Informational,30,-1,0,0,,Cần review,Athleisure & outfit,Trang phục thể thao ứng dụng,Informational,—
quần sooc là gì,Informational,30,11,0,0,,Cần review,Athleisure & outfit,Trang phục thể thao ứng dụng,Informational,—
quần sì líp,Informational,30,19,0,0,,Cần review,Athleisure & outfit,Trang phục thể thao ứng dụng,Informational,—
quần sịp hiệu,Informational,30,9,0,0,,Cần review,Athleisure & outfit,Trang phục thể thao ứng dụng,Informational,—
quần sịp trong suốt,Informational,30,9,0,0,,Cần review,Athleisure & outfit,Trang phục thể thao ứng dụng,Informational,—
quần thụng thể thao,Informational,30,21,0,0,,Cần review,Athleisure & outfit,Trang phục thể thao ứng dụng,Informational,—
quần vans,Informational,30,9,0,0,,Cần review,Athleisure & outfit,Trang phục thể thao ứng dụng,Informational,—
quần ôm thể thao,Informational,30,11,0,0,,Cần review,Athleisure & outfit,Trang phục thể thao ứng dụng,Informational,—
quần đùi chữ v,Informational,30,6,0,0,,Cần review,Athleisure & outfit,Trang phục thể thao ứng dụng,Informational,—
quần đùi trong tiếng anh,Informational,30,13,0,0,,Cần review,Athleisure & outfit,Trang phục thể thao ứng dụng,Informational,—
set đồ bộ thể thao,Informational,30,5,0,0,,Cần review,Athleisure & outfit,Trang phục thể thao ứng dụng,Informational,—
short nỉ,Informational,30,9,0,0,,Cần review,Athleisure & outfit,Trang phục thể thao ứng dụng,Informational,—
style áo thun quần tây,Informational,30,9,0,0,,Cần review,Athleisure & outfit,Trang phục thể thao ứng dụng,Informational,—
tee là áo gì,Informational,30,8,0,0,,Cần review,Athleisure & outfit,Trang phục thể thao ứng dụng,Informational,—
thương hiệu polo của nước nào,Informational,30,11,0,0,,Cần review,Athleisure & outfit,Trang phục thể thao ứng dụng,Informational,—
áo khoác gió liverpool,Informational,30,8,0.019999999552965164,0,,Cần review,Athleisure & outfit,Trang phục thể thao ứng dụng,Informational,—
áo khoác thể thao bóng đá,Informational,30,52,0.05999999865889549,0,,Cần review,Athleisure & outfit,Trang phục thể thao ứng dụng,Informational,—
áo nỉ gap,Informational,30,22,0.029999999329447746,0,,Cần review,Athleisure & outfit,Trang phục thể thao ứng dụng,Informational,—
áo quần mùa đông,Informational,30,11,0.019999999552965164,0,,Cần review,Athleisure & outfit,Trang phục thể thao ứng dụng,Transactional,—
bộ tập gym nữ,Informational,40,9,0.029999999329447746,0,,Cần review,Gym & Training,Chọn đồ nữ,Informational,—
thời trang gym nữ,Informational,30,7,0,0,,Cần review,Gym & Training,Chọn đồ nữ,Informational,—
đồ gym,Commercial,590,19,0.10000000149011612,0,,Cần review,Gym & Training,Kiến thức Gym hỗ trợ chọn đồ,Commercial investigation,—
fitness shop,Commercial,70,35,0,0,,Cần review,Gym & Training,Kiến thức Gym hỗ trợ chọn đồ,Commercial investigation,—
luật chơi pickleball,Informational,4400,11,0.009999999776482582,0,,Cần review,Pickleball,Kiến thức Pickleball hỗ trợ chọn đồ,Informational,—
luật pickleball,"Commercial, Informational",2900,13,0.009999999776482582,0,,Cần review,Pickleball,Kiến thức Pickleball hỗ trợ chọn đồ,Commercial investigation,—
pickleball set,Informational,110,15,0.10999999940395355,0,,Cần review,Pickleball,Kiến thức Pickleball hỗ trợ chọn đồ,Informational,—
đồ chạy bộ nam,Informational,110,16,0.10000000149011612,0,,Cần review,Tennis & Running,Chọn đồ nam,Comparison,—
đồ chạy bộ nữ,Informational,170,9,0.10999999940395355,0,,Cần review,Tennis & Running,Chọn đồ nữ,Comparison,—
tennis là gì,Informational,720,17,0,0,,Cần review,Tennis & Running,Kiến thức Tennis/Running hỗ trợ chọn đồ,Informational,—
chơi tennis,Informational,590,15,0,0,,Cần review,Tennis & Running,Kiến thức Tennis/Running hỗ trợ chọn đồ,Informational,—
luật tennis,Informational,320,49,0.009999999776482582,0,,Cần review,Tennis & Running,Kiến thức Tennis/Running hỗ trợ chọn đồ,Informational,—
mũ chạy bộ,Informational,260,12,0.05999999865889549,0,,Cần review,Tennis & Running,Kiến thức Tennis/Running hỗ trợ chọn đồ,Comparison,—
cách tính điểm tennis,Informational,210,44,0.009999999776482582,0,,Cần review,Tennis & Running,Kiến thức Tennis/Running hỗ trợ chọn đồ,Informational,—
luật chơi tennis,Informational,210,27,0.009999999776482582,0,,Cần review,Tennis & Running,Kiến thức Tennis/Running hỗ trợ chọn đồ,Informational,—
môn tennis,Informational,140,44,0,0,,Cần review,Tennis & Running,Kiến thức Tennis/Running hỗ trợ chọn đồ,Informational,—
băng đầu chạy bộ,Informational,110,12,0,0,,Cần review,Tennis & Running,Kiến thức Tennis/Running hỗ trợ chọn đồ,Comparison,—
tennis nghĩa là gì,Informational,110,22,0,0,,Cần review,Tennis & Running,Kiến thức Tennis/Running hỗ trợ chọn đồ,Informational,—
set tennis,Informational,50,40,0,0,,Cần review,Tennis & Running,Kiến thức Tennis/Running hỗ trợ chọn đồ,Informational,—
cách chơi tennis,Informational,40,10,0,0,,Cần review,Tennis & Running,Kiến thức Tennis/Running hỗ trợ chọn đồ,Informational,—
kỹ thuật tennis hiện đại,Informational,40,5,0,0,,Cần review,Tennis & Running,Kiến thức Tennis/Running hỗ trợ chọn đồ,Informational,—
ad trong tennis nghĩa là gì,Informational,30,13,0,0,,Cần review,Tennis & Running,Kiến thức Tennis/Running hỗ trợ chọn đồ,Informational,—
cách đánh tennis mạnh,Informational,30,12,0,0,,Cần review,Tennis & Running,Kiến thức Tennis/Running hỗ trợ chọn đồ,Informational,—
khăn tennis,Informational,30,5,0,0,,Cần review,Tennis & Running,Kiến thức Tennis/Running hỗ trợ chọn đồ,Informational,—
luật chơi tennis cách tính điểm,Informational,30,9,0,0,,Cần review,Tennis & Running,Kiến thức Tennis/Running hỗ trợ chọn đồ,Informational,—
luật tennis đánh đôi,Informational,30,6,0,0,,Cần review,Tennis & Running,Kiến thức Tennis/Running hỗ trợ chọn đồ,Informational,—
lợi ích của việc chơi tennis,Informational,30,9,0,0,,Cần review,Tennis & Running,Kiến thức Tennis/Running hỗ trợ chọn đồ,Informational,—
người chơi tennis gọi là gì,Informational,30,16,0,0,,Cần review,Tennis & Running,Kiến thức Tennis/Running hỗ trợ chọn đồ,Informational,—
smash trong tennis,Informational,30,9,0,0,,Cần review,Tennis & Running,Kiến thức Tennis/Running hỗ trợ chọn đồ,Informational,—
tất tennis,Informational,30,4,0.07000000029802322,0,,Cần review,Tennis & Running,Phụ kiện trang phục,Informational,—
đồ aerobic,Informational,110,6,0,0,,Cần review,Yoga & Pilates,Kiến thức Yoga/Pilates hỗ trợ chọn đồ,Informational,—
may yoga,Transactional,30,31,0,0,,Cần review,Yoga & Pilates,Kiến thức Yoga/Pilates hỗ trợ chọn đồ,Commercial investigation,—
áo lining nam,"Informational, Transactional",320,10,0.05999999865889549,0,,Loại,Athleisure & outfit,Chọn đồ nam,Commercial investigation,—
áo bóng chuyền nam,Informational,260,4,0.09000000357627869,0,,Loại,Athleisure & outfit,Chọn đồ nam,Informational,—
áo khoác lining nam,Informational,260,10,0.05999999865889549,0,,Loại,Athleisure & outfit,Chọn đồ nam,Informational,—
áo cầu lông nam,Informational,170,9,0.05999999865889549,0,,Loại,Athleisure & outfit,Chọn đồ nam,Informational,—
quần short lining,"Navigational, Transactional",140,9,0.05999999865889549,0,,Loại,Athleisure & outfit,Chọn đồ nam,Commercial investigation,—
áo khoác gió lining nam,Informational,140,9,0.03999999910593033,0,,Loại,Athleisure & outfit,Chọn đồ nam,Informational,—
áo khoác nam lining,Informational,140,12,0,0,,Loại,Athleisure & outfit,Chọn đồ nam,Informational,—
bộ quần áo adidas nam mùa đông,"Informational, Transactional",110,66,0,0,,Loại,Athleisure & outfit,Chọn đồ nam,Transactional,—
mẫu áo bóng chuyền nam,Informational,110,7,0.10999999940395355,0,,Loại,Athleisure & outfit,Chọn đồ nam,Informational,—
quần lining nam,"Navigational, Transactional",110,11,0.05000000074505806,0,,Loại,Athleisure & outfit,Chọn đồ nam,Commercial investigation,—
áo khoác nam nike chính hãng,Informational,110,14,0.03999999910593033,0,,Loại,Athleisure & outfit,Chọn đồ nam,Transactional,—
áo khoác nike nam,Informational,110,14,0.05000000074505806,0,,Loại,Athleisure & outfit,Chọn đồ nam,Informational,—
quần gió nam uniqlo,"Informational, Transactional",90,28,0.11999999731779099,0,,Loại,Athleisure & outfit,Chọn đồ nam,Commercial investigation,—
quần áo cầu lông nam,Informational,90,8,0.07000000029802322,0,,Loại,Athleisure & outfit,Chọn đồ nam,Informational,—
áo gió lining nam,"Informational, Transactional",90,9,0.10000000149011612,0,,Loại,Athleisure & outfit,Chọn đồ nam,Commercial investigation,—
áo phao lining nam,Informational,90,9,0,0,,Loại,Athleisure & outfit,Chọn đồ nam,Informational,—
bộ quần áo nỉ nam lining,Informational,70,8,0,0,,Loại,Athleisure & outfit,Chọn đồ nam,Informational,—
quần áo lining nam chính hãng,Informational,70,8,1.7300000190734863,0,,Loại,Athleisure & outfit,Chọn đồ nam,Transactional,—
áo khoác nike nam chính hãng,Informational,70,8,0,0,,Loại,Athleisure & outfit,Chọn đồ nam,Transactional,—
áo gió nike nam chính hãng,Informational,50,16,0,0,,Loại,Athleisure & outfit,Chọn đồ nam,Transactional,—
áo khoác nam lining chính hãng,Informational,50,8,0,0,,Loại,Athleisure & outfit,Chọn đồ nam,Transactional,—
áo lông vũ lining nam,Transactional,50,8,0,0,,Loại,Athleisure & outfit,Chọn đồ nam,Commercial investigation,—
áo nỉ adidas nam,"Informational, Transactional",50,17,0,0,,Loại,Athleisure & outfit,Chọn đồ nam,Commercial investigation,—
áo phao lông vũ nam adidas,"Informational, Transactional",50,17,0,0,,Loại,Athleisure & outfit,Chọn đồ nam,Commercial investigation,—
cách phối quần jean nam với giày thể thao,Informational,40,6,0,0,,Loại,Athleisure & outfit,Chọn đồ nam,Informational,—
áo gile lông vũ uniqlo nam,Informational,40,27,0,0,,Loại,Athleisure & outfit,Chọn đồ nam,Informational,—
áo khoác fila nam,Informational,40,11,0,0,,Loại,Athleisure & outfit,Chọn đồ nam,Informational,—
bộ quần áo thu đông nam adidas,"Informational, Transactional",30,63,0,0,,Loại,Athleisure & outfit,Chọn đồ nam,Commercial investigation,—
bộ quần áo thể thao nam mùa đông nike,Informational,30,10,0,0,,Loại,Athleisure & outfit,Chọn đồ nam,Transactional,—
bộ đồ nỉ nam adidas,"Informational, Transactional",30,16,0,0,,Loại,Athleisure & outfit,Chọn đồ nam,Commercial investigation,—
cách phối màu quần áo với giày cho nam,Informational,30,3,0,0,,Loại,Athleisure & outfit,Chọn đồ nam,Informational,—
giày thể thao mang với quần tây nam,Informational,30,5,0,0,,Loại,Athleisure & outfit,Chọn đồ nam,Informational,—
luật quần vợt việt nam,Informational,30,11,0,0,,Loại,Athleisure & outfit,Chọn đồ nam,Informational,—
phối giày thể thao với quần jean nam,Informational,30,5,0,0,,Loại,Athleisure & outfit,Chọn đồ nam,Informational,—
phối màu giày với quần áo nam,Informational,30,6,0,0,,Loại,Athleisure & outfit,Chọn đồ nam,Informational,—
quần áo bóng chuyền nam,Informational,30,2,0.07999999821186066,0,,Loại,Athleisure & outfit,Chọn đồ nam,Informational,—
quần áo bóng rổ nam,Informational,30,12,0.09000000357627869,0,,Loại,Athleisure & outfit,Chọn đồ nam,Informational,—
quần áo đánh cầu lông nam,Informational,30,6,0.07000000029802322,0,,Loại,Athleisure & outfit,Chọn đồ nam,Informational,—
áo thể thao lining nam,"Informational, Transactional",30,8,0.05999999865889549,0,,Loại,Athleisure & outfit,Chọn đồ nam,Commercial investigation,—
áo cầu lông nữ,Informational,260,9,0.05000000074505806,0,,Loại,Athleisure & outfit,Chọn đồ nữ,Informational,—
mẫu áo bóng chuyền nữ mới nhất,Informational,170,10,0.10000000149011612,0,,Loại,Athleisure & outfit,Chọn đồ nữ,Informational,—
quần áo cầu lông nữ,Informational,140,7,0.05999999865889549,0,,Loại,Athleisure & outfit,Chọn đồ nữ,Informational,—
trang phục đánh cầu lông nữ,Informational,140,13,0.05000000074505806,0,,Loại,Athleisure & outfit,Chọn đồ nữ,Informational,—
áo bóng chuyền nữ,Informational,140,4,0.07000000029802322,0,,Loại,Athleisure & outfit,Chọn đồ nữ,Informational,—
áo khoác lining nữ,Informational,140,9,0.05000000074505806,0,,Loại,Athleisure & outfit,Chọn đồ nữ,Informational,—
mẫu áo bóng chuyền nữ đẹp,Informational,110,6,0.10999999940395355,0,,Loại,Athleisure & outfit,Chọn đồ nữ,Informational,—
quần cầu lông nữ,Informational,110,7,0.03999999910593033,0,,Loại,Athleisure & outfit,Chọn đồ nữ,Informational,—
áo khoác nike nữ,Informational,110,16,0.03999999910593033,0,,Loại,Athleisure & outfit,Chọn đồ nữ,Informational,—
áo khoác nữ adidas,Informational,110,19,0.05000000074505806,0,,Loại,Athleisure & outfit,Chọn đồ nữ,Informational,—
áo khoác nike nữ chính hãng,Informational,90,9,0.029999999329447746,0,,Loại,Athleisure & outfit,Chọn đồ nữ,Transactional,—
cách phối màu quần áo với giày cho nữ,Informational,50,8,0,0,,Loại,Athleisure & outfit,Chọn đồ nữ,Informational,—
áo phao lining nữ,"Informational, Transactional",50,8,0,0,,Loại,Athleisure & outfit,Chọn đồ nữ,Commercial investigation,—
quần áo bóng chuyền nữ,Informational,40,5,0.05999999865889549,0,,Loại,Athleisure & outfit,Chọn đồ nữ,Informational,—
áo gió nữ lining chính hãng,Transactional,40,8,0,0,,Loại,Athleisure & outfit,Chọn đồ nữ,Transactional,—
áo khoác gió lining nữ,Informational,40,8,0.09000000357627869,0,,Loại,Athleisure & outfit,Chọn đồ nữ,Informational,—
adidas áo khoác nữ,"Informational, Transactional",30,32,0.03999999910593033,0,,Loại,Athleisure & outfit,Chọn đồ nữ,Commercial investigation,—
bộ quần áo gió lining nữ,"Informational, Transactional",30,8,0,0,,Loại,Athleisure & outfit,Chọn đồ nữ,Commercial investigation,—
bộ đồ cầu lông nữ,Informational,30,4,0.05999999865889549,0,,Loại,Athleisure & outfit,Chọn đồ nữ,Informational,—
cách phối quần legging với giày thể thao,Informational,30,5,0,0,,Loại,Athleisure & outfit,Chọn đồ nữ,Informational,—
giày polo nữ chính hãng,Informational,30,10,0,0,,Loại,Athleisure & outfit,Chọn đồ nữ,Transactional,—
giày thể thao nữ kết hợp với quần áo,Informational,30,9,0,0,,Loại,Athleisure & outfit,Chọn đồ nữ,Informational,—
legging bóng rổ,Informational,30,9,0,0,,Loại,Athleisure & outfit,Chọn đồ nữ,Informational,—
quần gió lining nữ,Informational,30,8,0,0,,Loại,Athleisure & outfit,Chọn đồ nữ,Informational,—
quần áo bóng bàn nữ,Informational,30,25,0.05000000074505806,0,,Loại,Athleisure & outfit,Chọn đồ nữ,Transactional,—
quần áo bóng chuyền nữ đẹp,Informational,30,2,0,0,,Loại,Athleisure & outfit,Chọn đồ nữ,Informational,—
quần áo thể thao nữ lining,"Navigational, Transactional",30,7,0.029999999329447746,0,,Loại,Athleisure & outfit,Chọn đồ nữ,Commercial investigation,—
quần áo đánh cầu lông nữ,Informational,30,4,0.05999999865889549,0,,Loại,Athleisure & outfit,Chọn đồ nữ,Informational,—
áo gió lining nữ,"Informational, Transactional",30,8,0.05000000074505806,0,,Loại,Athleisure & outfit,Chọn đồ nữ,Commercial investigation,—
áo gió nữ adidas,Informational,30,16,0.05000000074505806,0,,Loại,Athleisure & outfit,Chọn đồ nữ,Informational,—
áo gió nữ lining,Informational,30,8,0.05999999865889549,0,,Loại,Athleisure & outfit,Chọn đồ nữ,Informational,—
áo khoác gió nữ adidas,"Informational, Transactional",30,15,0.05999999865889549,0,,Loại,Athleisure & outfit,Chọn đồ nữ,Commercial investigation,—
áo khoác nữ adidas chính hãng,Informational,30,32,0.03999999910593033,0,,Loại,Athleisure & outfit,Chọn đồ nữ,Transactional,—
áo khoác nữ lining,Informational,30,8,0.07000000029802322,0,,Loại,Athleisure & outfit,Chọn đồ nữ,Informational,—
quần áo cầu lông,Informational,880,16,0.07000000029802322,0,,Loại,Athleisure & outfit,Mặc gì / hướng dẫn chọn đồ,Informational,—
quần áo lining,Transactional,590,16,0.05999999865889549,0,,Loại,Athleisure & outfit,Mặc gì / hướng dẫn chọn đồ,Commercial investigation,—
quần áo bóng chuyền,Informational,260,5,0.09000000357627869,0,,Loại,Athleisure & outfit,Mặc gì / hướng dẫn chọn đồ,Informational,—
quần áo cầu lông lining,Informational,170,10,0.029999999329447746,0,,Loại,Athleisure & outfit,Mặc gì / hướng dẫn chọn đồ,Informational,—
quần áo bóng bàn,Informational,140,22,0.05999999865889549,0,,Loại,Athleisure & outfit,Mặc gì / hướng dẫn chọn đồ,Informational,—
quần áo cầu lông lining chính hãng,Informational,140,11,0.03999999910593033,0,,Loại,Athleisure & outfit,Mặc gì / hướng dẫn chọn đồ,Transactional,—
quần áo thể thao lining,Commercial,140,14,0.03999999910593033,0,,Loại,Athleisure & outfit,Mặc gì / hướng dẫn chọn đồ,Commercial investigation,—
bộ quần áo cầu lông,Informational,70,8,0.05999999865889549,0,,Loại,Athleisure & outfit,Mặc gì / hướng dẫn chọn đồ,Informational,—
shop quần áo cầu lông,Commercial,70,16,0.03999999910593033,0,,Loại,Athleisure & outfit,Mặc gì / hướng dẫn chọn đồ,Transactional,—
quần áo đánh cầu lông,Informational,50,12,1.6299999952316284,0,,Loại,Athleisure & outfit,Mặc gì / hướng dẫn chọn đồ,Informational,—
trang phục cầu lông,Informational,50,13,0,0,,Loại,Athleisure & outfit,Mặc gì / hướng dẫn chọn đồ,Informational,—
quần áo bóng chuyền beyono,"Navigational, Transactional",40,9,0,0,,Loại,Athleisure & outfit,Mặc gì / hướng dẫn chọn đồ,Commercial investigation,—
bán quần áo cầu lông,Commercial,30,13,0,0,,Loại,Athleisure & outfit,Mặc gì / hướng dẫn chọn đồ,Transactional,—
bộ quần áo cầu lông lining,"Informational, Transactional",30,9,0.05999999865889549,0,,Loại,Athleisure & outfit,Mặc gì / hướng dẫn chọn đồ,Commercial investigation,—
mẫu quần áo cầu lông,Informational,30,6,0,0,,Loại,Athleisure & outfit,Mặc gì / hướng dẫn chọn đồ,Informational,—
quần áo gió nike,Informational,30,10,0,0,,Loại,Athleisure & outfit,Mặc gì / hướng dẫn chọn đồ,Informational,—
quần áo lining chính hãng,"Informational, Transactional",30,17,0.07000000029802322,0,,Loại,Athleisure & outfit,Mặc gì / hướng dẫn chọn đồ,Transactional,—
quần áo lining có tốt không,Informational,30,9,0,0,,Loại,Athleisure & outfit,Mặc gì / hướng dẫn chọn đồ,Informational,—
quần áo lining giảm giá,"Informational, Transactional",30,8,0.019999999552965164,0,,Loại,Athleisure & outfit,Mặc gì / hướng dẫn chọn đồ,Commercial investigation,—
quần áo lining mùa đông,"Navigational, Transactional",30,8,0,0,,Loại,Athleisure & outfit,Mặc gì / hướng dẫn chọn đồ,Transactional,—
trang phục thi đấu cầu lông,Informational,30,6,0,0,,Loại,Athleisure & outfit,Mặc gì / hướng dẫn chọn đồ,Informational,—
phối đồ với giày thể thao nam,Informational,90,7,0,0,,Loại,Athleisure & outfit,Phối đồ / outfit / lookbook,Inspiration,—
phối đồ với giày thể thao,Informational,70,9,0,0,,Loại,Athleisure & outfit,Phối đồ / outfit / lookbook,Inspiration,—
phối đồ với quần short jean nữ,Informational,50,8,0,0,,Loại,Athleisure & outfit,Phối đồ / outfit / lookbook,Inspiration,—
mũ nồi màu gì dễ phối đồ,Informational,40,8,0,0,,Loại,Athleisure & outfit,Phối đồ / outfit / lookbook,Inspiration,—
cách phối đồ với giày balenciaga nam,Informational,30,6,0,0,,Loại,Athleisure & outfit,Phối đồ / outfit / lookbook,Inspiration,—
cách phối đồ với giày bóng rổ,Informational,30,8,0,0,,Loại,Athleisure & outfit,Phối đồ / outfit / lookbook,Inspiration,—
cách phối đồ với giày fila nữ,Informational,30,7,0,0,,Loại,Athleisure & outfit,Phối đồ / outfit / lookbook,Inspiration,—
cách phối đồ với giày the thao độn đế,Informational,30,8,0,0,,Loại,Athleisure & outfit,Phối đồ / outfit / lookbook,Inspiration,—
cách phối đồ với giày thể thao trắng nam,Informational,30,7,0,0,,Loại,Athleisure & outfit,Phối đồ / outfit / lookbook,Inspiration,—
cách phối đồ với giày trắng nữ,Informational,30,9,0,0,,Loại,Athleisure & outfit,Phối đồ / outfit / lookbook,Inspiration,—
cách phối đồ với quần short jean nam,Informational,30,9,0,0,,Loại,Athleisure & outfit,Phối đồ / outfit / lookbook,Inspiration,—
giày cam phối đồ,Informational,30,8,0,0,,Loại,Athleisure & outfit,Phối đồ / outfit / lookbook,Inspiration,—
giày nike phối đồ nam,Informational,30,-1,0,0,,Loại,Athleisure & outfit,Phối đồ / outfit / lookbook,Inspiration,—
giày sneaker màu gì dễ phối đồ,Informational,30,6,0,0,,Loại,Athleisure & outfit,Phối đồ / outfit / lookbook,Inspiration,—
giày sneaker nam phối đồ,Informational,30,-1,0,0,,Loại,Athleisure & outfit,Phối đồ / outfit / lookbook,Inspiration,—
giày thể thao nam phong cách hàn quốc,Informational,30,6,0,0,,Loại,Athleisure & outfit,Phối đồ / outfit / lookbook,Inspiration,—
giày thể thao nam phối đồ,Informational,30,6,0,0,,Loại,Athleisure & outfit,Phối đồ / outfit / lookbook,Inspiration,—
giày đốc nữ phối đồ,Informational,30,9,0,0,,Loại,Athleisure & outfit,Phối đồ / outfit / lookbook,Inspiration,—
màu giày dễ phối đồ nam,Informational,30,5,0,0,,Loại,Athleisure & outfit,Phối đồ / outfit / lookbook,Inspiration,—
những đôi giày dễ phối đồ cho nữ,Informational,30,4,0,0,,Loại,Athleisure & outfit,Phối đồ / outfit / lookbook,Inspiration,—
những đôi giày sneaker dễ phối đồ,Informational,30,5,0,0,,Loại,Athleisure & outfit,Phối đồ / outfit / lookbook,Inspiration,—
phong cách giày sneaker,Informational,30,9,0,0,,Loại,Athleisure & outfit,Phối đồ / outfit / lookbook,Inspiration,—
phối đồ giày sneaker nam,Informational,30,9,0,0,,Loại,Athleisure & outfit,Phối đồ / outfit / lookbook,Inspiration,—
phối đồ với giày dior nam,Informational,30,4,0,0,,Loại,Athleisure & outfit,Phối đồ / outfit / lookbook,Inspiration,—
phối đồ với giày high top,Informational,30,6,0,0,,Loại,Athleisure & outfit,Phối đồ / outfit / lookbook,Inspiration,—
phối đồ với giày màu kem nam,Informational,30,6,0,0,,Loại,Athleisure & outfit,Phối đồ / outfit / lookbook,Inspiration,—
phối đồ với giày nike air force 1 nam,Informational,30,7,0,0,,Loại,Athleisure & outfit,Phối đồ / outfit / lookbook,Inspiration,—
phối đồ với giày sneaker trắng nam,Informational,30,9,0,0,,Loại,Athleisure & outfit,Phối đồ / outfit / lookbook,Inspiration,—
phối đồ với giày thể thao màu cam,Informational,30,5,0,0,,Loại,Athleisure & outfit,Phối đồ / outfit / lookbook,Inspiration,—
phối đồ với giày thể thao trắng nam,Informational,30,5,0,0,,Loại,Athleisure & outfit,Phối đồ / outfit / lookbook,Inspiration,—
phối đồ với giày thể thao đen nữ,Informational,30,8,0,0,,Loại,Athleisure & outfit,Phối đồ / outfit / lookbook,Inspiration,—
phối đồ với giày đen nam,Informational,30,6,0,0,,Loại,Athleisure & outfit,Phối đồ / outfit / lookbook,Inspiration,—
phối đồ với quần jean ngắn nam,Informational,30,8,0,0,,Loại,Athleisure & outfit,Phối đồ / outfit / lookbook,Inspiration,—
phối đồ với sneaker nữ,Informational,30,9,0,0,,Loại,Athleisure & outfit,Phối đồ / outfit / lookbook,Inspiration,—
phối đồ với sneaker đen,Informational,30,9,0,0,,Loại,Athleisure & outfit,Phối đồ / outfit / lookbook,Inspiration,—
sneaker dễ phối đồ,Informational,30,9,0,0,,Loại,Athleisure & outfit,Phối đồ / outfit / lookbook,Inspiration,—
sneaker đen phối đồ,Informational,30,6,0,0,,Loại,Athleisure & outfit,Phối đồ / outfit / lookbook,Inspiration,—
áo bóng bàn,Informational,3600,53,0.05999999865889549,0,,Loại,Athleisure & outfit,Trang phục thể thao ứng dụng,Informational,—
áo cầu lông,Informational,2400,12,0.05999999865889549,0,,Loại,Athleisure & outfit,Trang phục thể thao ứng dụng,Informational,—
áo khoác nike,Informational,1900,66,0.03999999910593033,0,,Loại,Athleisure & outfit,Trang phục thể thao ứng dụng,Informational,—
áo bóng chuyền,Informational,1600,12,0.09000000357627869,0,,Loại,Athleisure & outfit,Trang phục thể thao ứng dụng,Informational,—
áo lining,"Informational, Transactional",1600,13,0.05000000074505806,0,,Loại,Athleisure & outfit,Trang phục thể thao ứng dụng,Commercial investigation,—
cách quấn cán vợt cầu lông,"Informational, Transactional",880,5,0,0,,Loại,Athleisure & outfit,Trang phục thể thao ứng dụng,Informational,—
quấn cán vợt cầu lông,Informational,720,9,0.019999999552965164,0,,Loại,Athleisure & outfit,Trang phục thể thao ứng dụng,Informational,—
áo khoác lining,Informational,720,11,0.05000000074505806,0,,Loại,Athleisure & outfit,Trang phục thể thao ứng dụng,Informational,—
quần cầu lông,Informational,480,8,0.05000000074505806,0,,Loại,Athleisure & outfit,Trang phục thể thao ứng dụng,Informational,—
áo cầu lông lining,Informational,390,15,0.029999999329447746,0,,Loại,Athleisure & outfit,Trang phục thể thao ứng dụng,Informational,—
cách quấn cán vợt,Informational,320,22,0,0,,Loại,Athleisure & outfit,Trang phục thể thao ứng dụng,Informational,—
quần lining,Informational,320,16,0.05000000074505806,0,,Loại,Athleisure & outfit,Trang phục thể thao ứng dụng,Informational,—
áo khoác gió nike,Informational,320,12,0.03999999910593033,0,,Loại,Athleisure & outfit,Trang phục thể thao ứng dụng,Informational,—
cách quấn vợt cầu lông,"Informational, Transactional",260,9,0,0,,Loại,Athleisure & outfit,Trang phục thể thao ứng dụng,Informational,—
mẫu áo bóng chuyền,Informational,260,10,0.10000000149011612,0,,Loại,Athleisure & outfit,Trang phục thể thao ứng dụng,Informational,—
áo gió lining,"Informational, Transactional",260,9,0.05000000074505806,0,,Loại,Athleisure & outfit,Trang phục thể thao ứng dụng,Commercial investigation,—
áo phao lining,"Informational, Transactional",260,10,0.03999999910593033,0,,Loại,Athleisure & outfit,Trang phục thể thao ứng dụng,Commercial investigation,—
quấn cán cầu lông,Informational,210,11,0.009999999776482582,0,,Loại,Athleisure & outfit,Trang phục thể thao ứng dụng,Informational,—
quấn vợt cầu lông,"Informational, Transactional",210,9,0.03999999910593033,0,,Loại,Athleisure & outfit,Trang phục thể thao ứng dụng,Commercial investigation,—
áo bóng chuyền beyono,Navigational,210,10,0.09000000357627869,0,,Loại,Athleisure & outfit,Trang phục thể thao ứng dụng,Informational,—
áo lining chính hãng,Informational,210,16,0.05000000074505806,0,,Loại,Athleisure & outfit,Trang phục thể thao ứng dụng,Transactional,—
quần vợt là gì,Informational,170,17,0,0,,Loại,Athleisure & outfit,Trang phục thể thao ứng dụng,Informational,—
váy cầu lông,Informational,170,4,0,0,,Loại,Athleisure & outfit,Trang phục thể thao ứng dụng,Informational,—
áo lông vũ lining,"Informational, Transactional",170,9,0,0,,Loại,Athleisure & outfit,Trang phục thể thao ứng dụng,Commercial investigation,—
áo nỉ adidas,Informational,170,13,0,0,,Loại,Athleisure & outfit,Trang phục thể thao ứng dụng,Informational,—
áo polo lining,"Informational, Transactional",170,9,0.05999999865889549,0,,Loại,Athleisure & outfit,Trang phục thể thao ứng dụng,Commercial investigation,—
áo thun lining,"Informational, Transactional",170,10,0.05000000074505806,0,,Loại,Athleisure & outfit,Trang phục thể thao ứng dụng,Commercial investigation,—
áo thể thao lining,"Informational, Transactional",170,14,0.03999999910593033,0,,Loại,Athleisure & outfit,Trang phục thể thao ứng dụng,Commercial investigation,—
đặt áo cầu lông,Informational,170,7,0.17000000178813934,0,,Loại,Athleisure & outfit,Trang phục thể thao ứng dụng,Informational,—
đồ thể thao lining,Transactional,170,15,0.05000000074505806,0,,Loại,Athleisure & outfit,Trang phục thể thao ứng dụng,Commercial investigation,—
mẫu áo bóng chuyền đẹp,Informational,140,7,0.10000000149011612,0,,Loại,Athleisure & outfit,Trang phục thể thao ứng dụng,Informational,—
quấn cán lining,Informational,140,7,0.03999999910593033,0,,Loại,Athleisure & outfit,Trang phục thể thao ứng dụng,Informational,—
quần đùi lining,Informational,140,9,0.05999999865889549,0,,Loại,Athleisure & outfit,Trang phục thể thao ứng dụng,Informational,—
áo cầu lông in tên,Informational,140,12,0.14000000059604645,0,,Loại,Athleisure & outfit,Trang phục thể thao ứng dụng,Informational,—
áo cầu lông mizuno,Informational,140,5,0.07000000029802322,0,,Loại,Athleisure & outfit,Trang phục thể thao ứng dụng,Informational,—
áo cầu lông đẹp,Informational,140,7,0.07000000029802322,0,,Loại,Athleisure & outfit,Trang phục thể thao ứng dụng,Informational,—
áo khoác lining chính hãng,Informational,140,9,0.05000000074505806,0,,Loại,Athleisure & outfit,Trang phục thể thao ứng dụng,Transactional,—
li ning áo,"Informational, Transactional",110,20,0.05000000074505806,0,,Loại,Athleisure & outfit,Trang phục thể thao ứng dụng,Commercial investigation,—
mẫu áo cầu lông,Informational,110,4,0.07000000029802322,0,,Loại,Athleisure & outfit,Trang phục thể thao ứng dụng,Informational,—
quần gió nike,Informational,110,24,0,0,,Loại,Athleisure & outfit,Trang phục thể thao ứng dụng,Informational,—
áo bóng chuyền mizuno,"Informational, Transactional",110,9,0.09000000357627869,0,,Loại,Athleisure & outfit,Trang phục thể thao ứng dụng,Commercial investigation,—
áo bóng chuyền đẹp,Informational,110,3,0.07999999821186066,0,,Loại,Athleisure & outfit,Trang phục thể thao ứng dụng,Informational,—
áo cầu lông chính hãng,Informational,110,13,0.03999999910593033,0,,Loại,Athleisure & outfit,Trang phục thể thao ứng dụng,Transactional,—
áo khoác nỉ adidas,"Informational, Transactional",110,19,0.07999999821186066,0,,Loại,Athleisure & outfit,Trang phục thể thao ứng dụng,Commercial investigation,—
áo nỉ nike,Informational,110,10,0,0,,Loại,Athleisure & outfit,Trang phục thể thao ứng dụng,Informational,—
áo phông lining,"Informational, Transactional",110,9,0.05000000074505806,0,,Loại,Athleisure & outfit,Trang phục thể thao ứng dụng,Commercial investigation,—
đồ thể thao cầu lông,Commercial,110,14,0.07000000029802322,0,,Loại,Athleisure & outfit,Trang phục thể thao ứng dụng,Commercial investigation,—
mẫu áo cầu lông đẹp,Informational,90,6,0.03999999910593033,0,,Loại,Athleisure & outfit,Trang phục thể thao ứng dụng,Informational,—
áo bóng chuyền nhật bản,Informational,90,17,0.09000000357627869,0,,Loại,Athleisure & outfit,Trang phục thể thao ứng dụng,Informational,—
áo khoác fila chính hãng,Informational,90,10,0.029999999329447746,0,,Loại,Athleisure & outfit,Trang phục thể thao ứng dụng,Transactional,—
áo khoác gió lining,"Informational, Transactional",90,9,0.03999999910593033,0,,Loại,Athleisure & outfit,Trang phục thể thao ứng dụng,Commercial investigation,—
áo nỉ lining,"Informational, Transactional",90,11,0,0,,Loại,Athleisure & outfit,Trang phục thể thao ứng dụng,Commercial investigation,—
polo lining,Informational,70,9,0.07000000029802322,0,,Loại,Athleisure & outfit,Trang phục thể thao ứng dụng,Informational,—
áo lông vũ adidas,"Informational, Transactional",70,18,0,0,,Loại,Athleisure & outfit,Trang phục thể thao ứng dụng,Commercial investigation,—
áo lông vũ nike,Informational,70,16,0,0,,Loại,Athleisure & outfit,Trang phục thể thao ứng dụng,Informational,—
cách quấn cán vợt cầu lông yonex,"Informational, Transactional",50,18,0,0,,Loại,Athleisure & outfit,Trang phục thể thao ứng dụng,Informational,—
quần gió lining,"Informational, Transactional",50,9,0.03999999910593033,0,,Loại,Athleisure & outfit,Trang phục thể thao ứng dụng,Commercial investigation,—
áo khoác nỉ lining,"Informational, Transactional",50,9,0,0,,Loại,Athleisure & outfit,Trang phục thể thao ứng dụng,Commercial investigation,—
áo phao lông vũ lining,Informational,50,8,0,0,,Loại,Athleisure & outfit,Trang phục thể thao ứng dụng,Informational,—
cách quấn tay cầm vợt,"Informational, Transactional",40,7,0,0,,Loại,Athleisure & outfit,Trang phục thể thao ứng dụng,Informational,—
môn thể thao quần vợt,Informational,40,47,0,0,,Loại,Athleisure & outfit,Trang phục thể thao ứng dụng,Informational,—
phối quần ống loe với giày thể thao,Informational,40,6,0,0,,Loại,Athleisure & outfit,Trang phục thể thao ứng dụng,Informational,—
quần cầu lông lining,Informational,40,9,0.029999999329447746,0,,Loại,Athleisure & outfit,Trang phục thể thao ứng dụng,Informational,—
áo khoác nike đẹp,Informational,40,7,0,0,,Loại,Athleisure & outfit,Trang phục thể thao ứng dụng,Informational,—
ao ret lining,Informational,30,-1,0,0,,Loại,Athleisure & outfit,Trang phục thể thao ứng dụng,Informational,—
cách kiểm tra áo lining chính hãng,Informational,30,8,0,0,,Loại,Athleisure & outfit,Trang phục thể thao ứng dụng,Transactional,—
cách quấn cán vợt cầu lông đẹp,Informational,30,17,0,0,,Loại,Athleisure & outfit,Trang phục thể thao ứng dụng,Informational,—
cách quấn dây cán vợt cầu lông,Informational,30,9,0,0,,Loại,Athleisure & outfit,Trang phục thể thao ứng dụng,Informational,—
cách quấn dây giày yeezy,"Informational, Transactional",30,9,0,0,,Loại,Athleisure & outfit,Trang phục thể thao ứng dụng,Informational,—
cách tính điểm quần vợt,Informational,30,57,0,0,,Loại,Athleisure & outfit,Trang phục thể thao ứng dụng,Informational,—
dây quấn tay cầm vợt cầu lông,Informational,30,9,0,0,,Loại,Athleisure & outfit,Trang phục thể thao ứng dụng,Informational,—
giày adidas mặc với quần gì,Informational,30,9,0,0,,Loại,Athleisure & outfit,Trang phục thể thao ứng dụng,Informational,—
giày sneaker mang với quần tây,Informational,30,6,0,0,,Loại,Athleisure & outfit,Trang phục thể thao ứng dụng,Informational,—
giày sneaker với quần tây,Informational,30,6,0,0,,Loại,Athleisure & outfit,Trang phục thể thao ứng dụng,Informational,—
giày sportswear,Informational,30,16,0,0,,Loại,Athleisure & outfit,Trang phục thể thao ứng dụng,Informational,—
giày thể thao mặc quần gì,Informational,30,9,0,0,,Loại,Athleisure & outfit,Trang phục thể thao ứng dụng,Informational,—
giày thể thao mặc với quần tây,Informational,30,5,0,0,,Loại,Athleisure & outfit,Trang phục thể thao ứng dụng,Informational,—
logo áo bóng chuyền,Informational,30,7,0,0,,Loại,Athleisure & outfit,Trang phục thể thao ứng dụng,Informational,—
mẫu giày đi với quần kaki,Informational,30,6,0,0,,Loại,Athleisure & outfit,Trang phục thể thao ứng dụng,Informational,—
mặc quần gì với giày thể thao,Informational,30,9,0,0,,Loại,Athleisure & outfit,Trang phục thể thao ứng dụng,Informational,—
mặc quần jean mang giày thể thao,Informational,30,7,0,0,,Loại,Athleisure & outfit,Trang phục thể thao ứng dụng,Informational,—
mặc quần jogger mang giày gì,Informational,30,7,0,0,,Loại,Athleisure & outfit,Trang phục thể thao ứng dụng,Informational,—
quấn cán vợt cầu lông chống mồ hôi,Informational,30,8,0.009999999776482582,0,,Loại,Athleisure & outfit,Trang phục thể thao ứng dụng,Informational,—
quấn tay cầu lông,Informational,30,9,0,0,,Loại,Athleisure & outfit,Trang phục thể thao ứng dụng,Informational,—
quấn tay vợt cầu lông,"Informational, Transactional",30,8,0,0,,Loại,Athleisure & outfit,Trang phục thể thao ứng dụng,Commercial investigation,—
quần bơi lining,"Informational, Transactional",30,9,0.05000000074505806,0,,Loại,Athleisure & outfit,Trang phục thể thao ứng dụng,Commercial investigation,—
quần kaki đi giày gì,Commercial,30,7,0,0,,Loại,Athleisure & outfit,Trang phục thể thao ứng dụng,Commercial investigation,—
quần sịp lining,"Informational, Transactional",30,8,0.07000000029802322,0,,Loại,Athleisure & outfit,Trang phục thể thao ứng dụng,Commercial investigation,—
áo cầu lông kawasaki,Informational,30,4,0.019999999552965164,0,,Loại,Athleisure & outfit,Trang phục thể thao ứng dụng,Informational,—
áo khoác cầu lông lining,Informational,30,9,0.029999999329447746,0,,Loại,Athleisure & outfit,Trang phục thể thao ứng dụng,Informational,—
áo nhóm cầu lông,Informational,30,3,0.17000000178813934,0,,Loại,Athleisure & outfit,Trang phục thể thao ứng dụng,Informational,—
áo đồng phục cầu lông,Informational,30,3,0.33000001311302185,0,,Loại,Athleisure & outfit,Trang phục thể thao ứng dụng,Informational,—
đồ thể thao mizuno,"Informational, Transactional",30,4,0.03999999910593033,0,,Loại,Athleisure & outfit,Trang phục thể thao ứng dụng,Commercial investigation,—
quấn cán vải,Informational,1600,9,0.03999999910593033,0,,Loại,Công nghệ vải & form,Chất liệu và hiệu suất vải,Informational,—
dây giày co giãn,Informational,40,14,0.029999999329447746,0,,Loại,Công nghệ vải & form,Chất liệu và hiệu suất vải,Informational,—
các chất liệu làm giày,Informational,30,4,0,0,,Loại,Công nghệ vải & form,Chất liệu và hiệu suất vải,Informational,—
giày trắng vải,"Informational, Transactional",30,9,0,0,,Loại,Công nghệ vải & form,Chất liệu và hiệu suất vải,Commercial investigation,—
giày vải đá bóng sân cỏ nhân tạo,Informational,30,16,0,0,,Loại,Công nghệ vải & form,Chất liệu và hiệu suất vải,Informational,—
tẩy trắng giày vải,Informational,30,16,0.029999999329447746,0,,Loại,Công nghệ vải & form,Chất liệu và hiệu suất vải,Informational,—
cách giặt giày vải trắng bị dính bùn,Informational,30,7,0,0,,Loại,Công nghệ vải & form,"Giặt, khử mùi và bảo quản",Care / Informational,—
cách giặt sạch giày vải trắng,Informational,30,9,0,0,,Loại,Công nghệ vải & form,"Giặt, khử mùi và bảo quản",Care / Informational,—
làm sạch giày vải không cần giặt,Informational,30,6,0,0,,Loại,Công nghệ vải & form,"Giặt, khử mùi và bảo quản",Care / Informational,—
mẹo giặt giày vải trắng,Informational,30,14,0,0,,Loại,Công nghệ vải & form,"Giặt, khử mùi và bảo quản",Care / Informational,—
giày training,Informational,170,14,0.05000000074505806,0,,Loại,Gym & Training,Kiến thức Gym hỗ trợ chọn đồ,Informational,—
giày workout,Informational,40,11,0,0,,Loại,Gym & Training,Kiến thức Gym hỗ trợ chọn đồ,Informational,—
training shoes là gì,Informational,30,9,0,0,,Loại,Gym & Training,Kiến thức Gym hỗ trợ chọn đồ,Informational,—
giày nam,Informational,12100,42,0.12999999523162842,0,,Loại,Ngoài phạm vi plan,Chọn đồ nam,Informational,—
dép nam,Informational,9900,19,0.10999999940395355,0,,Loại,Ngoài phạm vi plan,Chọn đồ nam,Informational,—
giày thể thao nam,Informational,6600,28,0.10000000149011612,0,,Loại,Ngoài phạm vi plan,Chọn đồ nam,Informational,—
lining việt nam,Navigational,5400,39,0.07000000029802322,0,,Loại,Ngoài phạm vi plan,Chọn đồ nam,Informational,—
dép sục nam,Informational,1900,14,0.05999999865889549,0,,Loại,Ngoài phạm vi plan,Chọn đồ nam,Informational,—
dép nam cao cấp,Informational,1600,19,0.07999999821186066,0,,Loại,Ngoài phạm vi plan,Chọn đồ nam,Informational,—
dép nam đẹp,Informational,1600,20,0.10000000149011612,0,,Loại,Ngoài phạm vi plan,Chọn đồ nam,Informational,—
giày lining nam,"Informational, Transactional",1300,12,0.05000000074505806,0,,Loại,Ngoài phạm vi plan,Chọn đồ nam,Commercial investigation,—
giày nam chính hãng,Informational,1300,26,0.07999999821186066,0,,Loại,Ngoài phạm vi plan,Chọn đồ nam,Transactional,—
đồ lót nam,Informational,880,24,0.17000000178813934,0,,Loại,Ngoài phạm vi plan,Chọn đồ nam,Informational,—
bo ni nam,Informational,720,11,0.07000000029802322,0,,Loại,Ngoài phạm vi plan,Chọn đồ nam,Informational,—
dép nam hàng hiệu,Commercial,720,25,0.07000000029802322,0,,Loại,Ngoài phạm vi plan,Chọn đồ nam,Commercial investigation,—
dép quai ngang nam,Informational,720,15,0.07999999821186066,0,,Loại,Ngoài phạm vi plan,Chọn đồ nam,Informational,—
mũ nam,Informational,720,11,0.05000000074505806,0,,Loại,Ngoài phạm vi plan,Chọn đồ nam,Informational,—
bộ thể thao nam,Informational,590,14,0.07999999821186066,0,,Loại,Ngoài phạm vi plan,Chọn đồ nam,Informational,—
dép lê nam,Informational,590,15,0.05999999865889549,0,,Loại,Ngoài phạm vi plan,Chọn đồ nam,Informational,—
giày nam thể thao,Informational,590,17,0.05999999865889549,0,,Loại,Ngoài phạm vi plan,Chọn đồ nam,Informational,—
giày đi bộ nam,Informational,590,11,0.07999999821186066,0,,Loại,Ngoài phạm vi plan,Chọn đồ nam,Informational,—
giày đá bóng nam,Informational,590,15,0.05000000074505806,0,,Loại,Ngoài phạm vi plan,Chọn đồ nam,Informational,—
cách buộc dây giày nam đẹp,"Informational, Transactional",480,12,0.009999999776482582,0,,Loại,Ngoài phạm vi plan,Chọn đồ nam,Informational,—
cầu lông việt nam,Informational,480,56,0.12999999523162842,0,,Loại,Ngoài phạm vi plan,Chọn đồ nam,Informational,—
dép nam chính hãng,Informational,480,9,0.10000000149011612,0,,Loại,Ngoài phạm vi plan,Chọn đồ nam,Transactional,—
dép nhựa nam,Informational,480,9,0.03999999910593033,0,,Loại,Ngoài phạm vi plan,Chọn đồ nam,Informational,—
lyn việt nam,Navigational,480,31,0.11999999731779099,0,,Loại,Ngoài phạm vi plan,Chọn đồ nam,Informational,—
dép rọ nam,Informational,390,7,0.05000000074505806,0,,Loại,Ngoài phạm vi plan,Chọn đồ nam,Informational,—
dép tông nam,Informational,390,18,0.07000000029802322,0,,Loại,Ngoài phạm vi plan,Chọn đồ nam,Informational,—
giày bóng chuyền nam,Informational,390,11,0.05000000074505806,0,,Loại,Ngoài phạm vi plan,Chọn đồ nam,Informational,—
giày cầu lông nam,Informational,390,13,0.03999999910593033,0,,Loại,Ngoài phạm vi plan,Chọn đồ nam,Informational,—
giày lining nam chính hãng,Informational,390,9,0.05000000074505806,0,,Loại,Ngoài phạm vi plan,Chọn đồ nam,Transactional,—
giày thời trang nam,Informational,390,11,0.07000000029802322,0,,Loại,Ngoài phạm vi plan,Chọn đồ nam,Informational,—
mũ lưỡi trai nam hàng hiệu,Informational,390,18,0.03999999910593033,0,,Loại,Ngoài phạm vi plan,Chọn đồ nam,Informational,—
sneaker nam,Informational,390,12,0.07000000029802322,0,,Loại,Ngoài phạm vi plan,Chọn đồ nam,Informational,—
các loại dép nam,Informational,320,14,0.03999999910593033,0,,Loại,Ngoài phạm vi plan,Chọn đồ nam,Informational,—
dép lining nam,"Informational, Transactional",320,10,0.07999999821186066,0,,Loại,Ngoài phạm vi plan,Chọn đồ nam,Commercial investigation,—
mũ lưỡi trai đẹp cho nam,Informational,320,10,0.03999999910593033,0,,Loại,Ngoài phạm vi plan,Chọn đồ nam,Informational,—
mẫu giày nam đẹp,Informational,320,37,0.07000000029802322,0,,Loại,Ngoài phạm vi plan,Chọn đồ nam,Informational,—
những mẫu giày nam đẹp nhất hiện nay,Informational,320,6,0.09000000357627869,0,,Loại,Ngoài phạm vi plan,Chọn đồ nam,Informational,—
dép đi biển nam,Informational,260,10,0.05000000074505806,0,,Loại,Ngoài phạm vi plan,Chọn đồ nam,Informational,—
dép đúc nam,Informational,260,9,0.07000000029802322,0,,Loại,Ngoài phạm vi plan,Chọn đồ nam,Informational,—
giày lười thể thao nam,Informational,260,9,0.07000000029802322,0,,Loại,Ngoài phạm vi plan,Chọn đồ nam,Informational,—
bộ adidas nam mùa đông chính hãng,"Informational, Transactional",210,66,0.03999999910593033,0,,Loại,Ngoài phạm vi plan,Chọn đồ nam,Transactional,—
cửa hàng ralph lauren tại việt nam,Informational,210,11,0.03999999910593033,0,,Loại,Ngoài phạm vi plan,Chọn đồ nam,Informational,—
giầy đánh cầu lông nam,Informational,210,9,0.03999999910593033,0,,Loại,Ngoài phạm vi plan,Chọn đồ nam,Informational,—
bộ nỉ nam cao cấp,Informational,170,9,0,0,,Loại,Ngoài phạm vi plan,Chọn đồ nam,Informational,—
dép thời trang nam,Informational,170,12,0.07000000029802322,0,,Loại,Ngoài phạm vi plan,Chọn đồ nam,Informational,—
dép đế cao nam,Informational,170,11,0.09000000357627869,0,,Loại,Ngoài phạm vi plan,Chọn đồ nam,Informational,—
giày the thao nam chính hãng,Informational,170,23,0.09000000357627869,0,,Loại,Ngoài phạm vi plan,Chọn đồ nam,Transactional,—
giầy thể thao lining nam,"Informational, Transactional",170,9,0.05000000074505806,0,,Loại,Ngoài phạm vi plan,Chọn đồ nam,Commercial investigation,—
jacket nam,Informational,170,28,0.07000000029802322,0,,Loại,Ngoài phạm vi plan,Chọn đồ nam,Informational,—
aos khoác nam,Informational,140,47,0.03999999910593033,0,,Loại,Ngoài phạm vi plan,Chọn đồ nam,Informational,—
balo thể thao nam,Informational,140,9,0.09000000357627869,0,,Loại,Ngoài phạm vi plan,Chọn đồ nam,Informational,—
beyono việt nam,Navigational,140,21,0.05999999865889549,0,,Loại,Ngoài phạm vi plan,Chọn đồ nam,Informational,—
bomber nam,Informational,140,13,0,0,,Loại,Ngoài phạm vi plan,Chọn đồ nam,Informational,—
bộ gió thể thao nam,Informational,140,9,0,0,,Loại,Ngoài phạm vi plan,Chọn đồ nam,Informational,—
bộ nỉ adidas nam,Informational,140,18,0,0,,Loại,Ngoài phạm vi plan,Chọn đồ nam,Informational,—
các loại giày nam,Informational,140,8,0,0,,Loại,Ngoài phạm vi plan,Chọn đồ nam,Informational,—
cửa hàng calvin klein việt nam,"Informational, Transactional",140,21,0.029999999329447746,0,,Loại,Ngoài phạm vi plan,Chọn đồ nam,Commercial investigation,—
dép cho nam,Informational,140,46,0.09000000357627869,0,,Loại,Ngoài phạm vi plan,Chọn đồ nam,Informational,—
dép lười nam,Informational,140,14,0.10999999940395355,0,,Loại,Ngoài phạm vi plan,Chọn đồ nam,Informational,—
dép nam mùa hè,Informational,140,12,0.07000000029802322,0,,Loại,Ngoài phạm vi plan,Chọn đồ nam,Transactional,—
dép nhựa nam cao cấp,Informational,140,11,0.05000000074505806,0,,Loại,Ngoài phạm vi plan,Chọn đồ nam,Informational,—
giày calvin klein nam chính hãng,Navigational,140,16,0.05000000074505806,0,,Loại,Ngoài phạm vi plan,Chọn đồ nam,Transactional,—
giày cho nam,Informational,140,28,0.1599999964237213,0,,Loại,Ngoài phạm vi plan,Chọn đồ nam,Informational,—
giày fila nam chính hãng,Informational,140,29,0.019999999552965164,0,,Loại,Ngoài phạm vi plan,Chọn đồ nam,Transactional,—
giầy thể thao nam lining,Informational,140,9,0.05000000074505806,0,,Loại,Ngoài phạm vi plan,Chọn đồ nam,Informational,—
lining nam định,"Informational, Transactional",140,15,0.05999999865889549,0,,Loại,Ngoài phạm vi plan,Chọn đồ nam,Commercial investigation,—
mũ nam hàng hiệu,Informational,140,15,0.05000000074505806,0,,Loại,Ngoài phạm vi plan,Chọn đồ nam,Informational,—
tất thể thao nam,Informational,140,9,0.07000000029802322,0,,Loại,Ngoài phạm vi plan,Chọn đồ nam,Informational,—
bộ nỉ nam adidas,Informational,110,18,0,0,,Loại,Ngoài phạm vi plan,Chọn đồ nam,Informational,—
dép quai ngang nam hàng hiệu,Informational,110,12,0.05999999865889549,0,,Loại,Ngoài phạm vi plan,Chọn đồ nam,Informational,—
dép rọ nam cao cấp,Informational,110,4,0.03999999910593033,0,,Loại,Ngoài phạm vi plan,Chọn đồ nam,Informational,—
dép đẹp cho nam,Informational,110,13,0.10999999940395355,0,,Loại,Ngoài phạm vi plan,Chọn đồ nam,Informational,—
giày calvin klein nam,Informational,110,16,0.029999999329447746,0,,Loại,Ngoài phạm vi plan,Chọn đồ nam,Informational,—
giày cầu lông lining nam,Informational,110,13,0.03999999910593033,0,,Loại,Ngoài phạm vi plan,Chọn đồ nam,Informational,—
giày không dây nam,Informational,110,18,0.07000000029802322,0,,Loại,Ngoài phạm vi plan,Chọn đồ nam,Informational,—
giày nam lining,"Informational, Transactional",110,9,0.05999999865889549,0,,Loại,Ngoài phạm vi plan,Chọn đồ nam,Commercial investigation,—
mũ lưỡi trai nam cao cấp,Informational,110,9,0.05000000074505806,0,,Loại,Ngoài phạm vi plan,Chọn đồ nam,Informational,—
mẫu giày nam,Informational,110,35,0,0,,Loại,Ngoài phạm vi plan,Chọn đồ nam,Informational,—
shop đồ lót nam,Commercial,110,18,0.11999999731779099,0,,Loại,Ngoài phạm vi plan,Chọn đồ nam,Transactional,—
sip nam net,Informational,110,10,0.15000000596046448,0,,Loại,Ngoài phạm vi plan,Chọn đồ nam,Informational,—
sịp dây nam,Informational,110,5,0,0,,Loại,Ngoài phạm vi plan,Chọn đồ nam,Informational,—
túi thể thao nam,Informational,110,9,0.11999999731779099,0,,Loại,Ngoài phạm vi plan,Chọn đồ nam,Informational,—
đồ bóng chuyền nam,Informational,110,3,0.09000000357627869,0,,Loại,Ngoài phạm vi plan,Chọn đồ nam,Informational,—
bộ nỉ thể thao nam,Informational,90,9,0,0,,Loại,Ngoài phạm vi plan,Chọn đồ nam,Informational,—
bộ thể thao lining nam,"Informational, Transactional",90,9,0.05999999865889549,0,,Loại,Ngoài phạm vi plan,Chọn đồ nam,Commercial investigation,—
cách buộc dây giày nam,"Informational, Transactional",90,9,0.009999999776482582,0,,Loại,Ngoài phạm vi plan,Chọn đồ nam,Informational,—
dép calvin klein nam,Informational,90,9,0.10000000149011612,0,,Loại,Ngoài phạm vi plan,Chọn đồ nam,Informational,—
dép nam đi biển,Informational,90,8,0.07000000029802322,0,,Loại,Ngoài phạm vi plan,Chọn đồ nam,Informational,—
giay bong ro nam,Informational,90,7,0,0,,Loại,Ngoài phạm vi plan,Chọn đồ nam,Informational,—
giay nam thoi trang,Informational,90,4,0.07999999821186066,0,,Loại,Ngoài phạm vi plan,Chọn đồ nam,Informational,—
giày trẻ em nam,Informational,90,13,0.03999999910593033,0,,Loại,Ngoài phạm vi plan,Chọn đồ nam,Informational,—
giày trẻ em nam 9 tuổi,Informational,90,10,0.03999999910593033,0,,Loại,Ngoài phạm vi plan,Chọn đồ nam,Informational,—
mua dép nam,Informational,90,17,0.09000000357627869,0,,Loại,Ngoài phạm vi plan,Chọn đồ nam,Transactional,—
old navy kid việt nam,Informational,90,12,0,0,,Loại,Ngoài phạm vi plan,Chọn đồ nam,Informational,—
ship nam,Informational,90,9,0,0,,Loại,Ngoài phạm vi plan,Chọn đồ nam,Informational,—
shop bán giày nam,Commercial,90,13,0.03999999910593033,0,,Loại,Ngoài phạm vi plan,Chọn đồ nam,Transactional,—
bộ nỉ nam đẹp,Informational,70,9,0,0,,Loại,Ngoài phạm vi plan,Chọn đồ nam,Informational,—
bộ thu đông nam,Informational,70,8,0,0,,Loại,Ngoài phạm vi plan,Chọn đồ nam,Informational,—
bộ thể thao nam mùa đông,Informational,70,15,0,0,,Loại,Ngoài phạm vi plan,Chọn đồ nam,Transactional,—
bộ thể thao nam mùa đông adidas,"Informational, Transactional",70,65,0,0,,Loại,Ngoài phạm vi plan,Chọn đồ nam,Transactional,—
dép quai ngang nam cao cấp,Informational,70,9,0.10999999940395355,0,,Loại,Ngoài phạm vi plan,Chọn đồ nam,Informational,—
giày sneaker nam đen,Informational,70,9,0,0,,Loại,Ngoài phạm vi plan,Chọn đồ nam,Informational,—
giày đánh bóng chuyền nam,Informational,70,9,0.03999999910593033,0,,Loại,Ngoài phạm vi plan,Chọn đồ nam,Informational,—
kính bơi nam,Informational,70,9,0.07000000029802322,0,,Loại,Ngoài phạm vi plan,Chọn đồ nam,Informational,—
line viet nam,Informational,70,21,0,0,,Loại,Ngoài phạm vi plan,Chọn đồ nam,Informational,—
mũ lưỡi trai việt nam,Informational,70,11,0,0,,Loại,Ngoài phạm vi plan,Chọn đồ nam,Informational,—
đồ cầu lông nam,Commercial,70,9,0.05000000074505806,0,,Loại,Ngoài phạm vi plan,Chọn đồ nam,Commercial investigation,—
đồ thu đông nam,Informational,70,12,0,0,,Loại,Ngoài phạm vi plan,Chọn đồ nam,Informational,—
bộ gió nam,Informational,50,8,0,0,,Loại,Ngoài phạm vi plan,Chọn đồ nam,Informational,—
bộ gió nam adidas,Informational,50,17,0,0,,Loại,Ngoài phạm vi plan,Chọn đồ nam,Informational,—
các loại giày nam giới trẻ,Informational,50,15,0,0,,Loại,Ngoài phạm vi plan,Chọn đồ nam,Informational,—
các mẫu giày nam đẹp,Informational,50,19,0.05000000074505806,0,,Loại,Ngoài phạm vi plan,Chọn đồ nam,Informational,—
gile phao nam,Informational,50,10,0,0,,Loại,Ngoài phạm vi plan,Chọn đồ nam,Informational,—
bộ adidas nam thu đông,"Informational, Transactional",40,64,0,0,,Loại,Ngoài phạm vi plan,Chọn đồ nam,Commercial investigation,—
bộ gió nam cao cấp,Informational,40,9,0,0,,Loại,Ngoài phạm vi plan,Chọn đồ nam,Informational,—
bộ nỉ nam mùa đông,Informational,40,9,0,0,,Loại,Ngoài phạm vi plan,Chọn đồ nam,Transactional,—
bộ thu đông nam đẹp,Informational,40,9,0,0,,Loại,Ngoài phạm vi plan,Chọn đồ nam,Informational,—
bộ thể thao nam mùa hè,Informational,40,13,0.05999999865889549,0,,Loại,Ngoài phạm vi plan,Chọn đồ nam,Transactional,—
dép nam thời trang,Informational,40,30,0.10999999940395355,0,,Loại,Ngoài phạm vi plan,Chọn đồ nam,Informational,—
dép đẹp nam,Informational,40,46,0.07000000029802322,0,,Loại,Ngoài phạm vi plan,Chọn đồ nam,Informational,—
giày đá bóng nam sân cỏ nhân tạo,Informational,40,11,0.05000000074505806,0,,Loại,Ngoài phạm vi plan,Chọn đồ nam,Informational,—
khoác bomber nam,Informational,40,7,0,0,,Loại,Ngoài phạm vi plan,Chọn đồ nam,Informational,—
khoác nam,Informational,40,53,0.07999999821186066,0,,Loại,Ngoài phạm vi plan,Chọn đồ nam,Informational,—
lót nam,Informational,40,15,0,0,,Loại,Ngoài phạm vi plan,Chọn đồ nam,Informational,—
mũ lưỡi trai nam chính hãng,Informational,40,9,0.07000000029802322,0,,Loại,Ngoài phạm vi plan,Chọn đồ nam,Transactional,—
shop nam lầy vn,"Informational, Transactional",40,26,0,0,,Loại,Ngoài phạm vi plan,Chọn đồ nam,Transactional,—
đồ lót nam bình thạnh,Informational,40,10,0,0,,Loại,Ngoài phạm vi plan,Chọn đồ nam,Informational,—
16 ly nam de,Informational,30,16,0,0,,Loại,Ngoài phạm vi plan,Chọn đồ nam,Informational,—
aos phao nam,Informational,30,10,0,0,,Loại,Ngoài phạm vi plan,Chọn đồ nam,Informational,—
balo nam the thao,Commercial,30,8,0,0,,Loại,Ngoài phạm vi plan,Chọn đồ nam,Commercial investigation,—
bóng rổ nam,Informational,30,9,0,0,,Loại,Ngoài phạm vi plan,Chọn đồ nam,Informational,—
bộ gió thể thao nam adidas,Informational,30,15,0,0,,Loại,Ngoài phạm vi plan,Chọn đồ nam,Informational,—
bộ gió thể thao nam cao cấp,Informational,30,4,0,0,,Loại,Ngoài phạm vi plan,Chọn đồ nam,Informational,—
bộ nỉ nam cao cấp chính hãng,Informational,30,10,0,0,,Loại,Ngoài phạm vi plan,Chọn đồ nam,Transactional,—
bộ nỉ nam nike,Navigational,30,17,0,0,,Loại,Ngoài phạm vi plan,Chọn đồ nam,Informational,—
bộ nỉ nike nam,Navigational,30,17,0,0,,Loại,Ngoài phạm vi plan,Chọn đồ nam,Informational,—
bộ nỉ thể thao nam mùa đông,Informational,30,4,0,0,,Loại,Ngoài phạm vi plan,Chọn đồ nam,Transactional,—
bộ thu đông adidas nam chính hãng,"Informational, Transactional",30,64,0,0,,Loại,Ngoài phạm vi plan,Chọn đồ nam,Transactional,—
cac kieu giay nam,Informational,30,4,0,0,,Loại,Ngoài phạm vi plan,Chọn đồ nam,Informational,—
chip nam,Informational,30,14,0,0,,Loại,Ngoài phạm vi plan,Chọn đồ nam,Informational,—
chọn giày tây cho nam,Informational,30,6,0,0,,Loại,Ngoài phạm vi plan,Chọn đồ nam,Informational,—
culottes nam,Informational,30,14,0,0,,Loại,Ngoài phạm vi plan,Chọn đồ nam,Informational,—
các hãng giày thể thao nổi tiếng tại việt nam,Informational,30,4,0,0,,Loại,Ngoài phạm vi plan,Chọn đồ nam,Informational,—
các hãng giày thể thao việt nam,Informational,30,6,0.07000000029802322,0,,Loại,Ngoài phạm vi plan,Chọn đồ nam,Informational,—
các kiểu giày da nam,Informational,30,6,0.029999999329447746,0,,Loại,Ngoài phạm vi plan,Chọn đồ nam,Informational,—
các loại giày sneaker nam,Informational,30,9,0.03999999910593033,0,,Loại,Ngoài phạm vi plan,Chọn đồ nam,Informational,—
các loại mũ nam,Informational,30,8,0.029999999329447746,0,,Loại,Ngoài phạm vi plan,Chọn đồ nam,Informational,—
các mẫu giày đẹp nam,Informational,30,7,0,0,,Loại,Ngoài phạm vi plan,Chọn đồ nam,Informational,—
cách buộc dây giày da nam,"Informational, Transactional",30,5,0,0,,Loại,Ngoài phạm vi plan,Chọn đồ nam,Informational,—
cách buộc dây giày lười nam,Informational,30,10,0,0,,Loại,Ngoài phạm vi plan,Chọn đồ nam,Informational,—
cách chọn giày thể thao nam,Informational,30,3,0,0,,Loại,Ngoài phạm vi plan,Chọn đồ nam,Informational,—
cửa hàng đồ lót nam,Commercial,30,12,0,0,,Loại,Ngoài phạm vi plan,Chọn đồ nam,Commercial investigation,—
dây giày nam châm,Informational,30,10,0,0,,Loại,Ngoài phạm vi plan,Chọn đồ nam,Informational,—
dép camel nam,Informational,30,19,0,0,,Loại,Ngoài phạm vi plan,Chọn đồ nam,Informational,—
dép chiến binh nam,Informational,30,11,0,0,,Loại,Ngoài phạm vi plan,Chọn đồ nam,Informational,—
dép lê nam cao cấp,Informational,30,9,0.07000000029802322,0,,Loại,Ngoài phạm vi plan,Chọn đồ nam,Informational,—
dép nam fila,Informational,30,10,0.029999999329447746,0,,Loại,Ngoài phạm vi plan,Chọn đồ nam,Informational,—
dép nam mang trong nhà,Informational,30,15,0,0,,Loại,Ngoài phạm vi plan,Chọn đồ nam,Informational,—
dép nam đi làm,Informational,30,11,0.05000000074505806,0,,Loại,Ngoài phạm vi plan,Chọn đồ nam,Informational,—
dép sport nam,Informational,30,7,0.05000000074505806,0,,Loại,Ngoài phạm vi plan,Chọn đồ nam,Informational,—
giày bamboo nam,Informational,30,21,0,0,,Loại,Ngoài phạm vi plan,Chọn đồ nam,Informational,—
giày bóng chuyền nam giá rẻ,Informational,30,7,0.029999999329447746,0,,Loại,Ngoài phạm vi plan,Chọn đồ nam,Transactional,—
giày chơi cầu lông nam,Informational,30,13,0.05000000074505806,0,,Loại,Ngoài phạm vi plan,Chọn đồ nam,Informational,—
giày chạy nam,Informational,30,19,0.09000000357627869,0,,Loại,Ngoài phạm vi plan,Chọn đồ nam,Comparison,—
giày của nam,Informational,30,24,0,0,,Loại,Ngoài phạm vi plan,Chọn đồ nam,Informational,—
giày hiệu nam chính hãng,Informational,30,49,0.07999999821186066,0,,Loại,Ngoài phạm vi plan,Chọn đồ nam,Transactional,—
giày lining nam cầu lông,Informational,30,4,0.029999999329447746,0,,Loại,Ngoài phạm vi plan,Chọn đồ nam,Informational,—
giày nam không dây,Informational,30,8,0.05000000074505806,0,,Loại,Ngoài phạm vi plan,Chọn đồ nam,Informational,—
giày nam mới,Informational,30,-1,0,0,,Loại,Ngoài phạm vi plan,Chọn đồ nam,Informational,—
giày nam nên có,Informational,30,3,0,0,,Loại,Ngoài phạm vi plan,Chọn đồ nam,Informational,—
giày nam teen,Informational,30,9,0,0,,Loại,Ngoài phạm vi plan,Chọn đồ nam,Informational,—
giày nam trẻ em,Informational,30,18,0,0,,Loại,Ngoài phạm vi plan,Chọn đồ nam,Informational,—
giày năm ngón,Informational,30,20,0,0,,Loại,Ngoài phạm vi plan,Chọn đồ nam,Informational,—
giày sneaker quai dán nam,Informational,30,7,0,0,,Loại,Ngoài phạm vi plan,Chọn đồ nam,Informational,—
giày thể thao lining nam chính hãng,"Informational, Transactional",30,9,0.03999999910593033,0,,Loại,Ngoài phạm vi plan,Chọn đồ nam,Transactional,—
giày thể thao nam lining chính hãng,"Informational, Transactional",30,7,0.029999999329447746,0,,Loại,Ngoài phạm vi plan,Chọn đồ nam,Transactional,—
giày thể thao nam trung niên,Informational,30,5,0.03999999910593033,0,,Loại,Ngoài phạm vi plan,Chọn đồ nam,Informational,—
giày thể thao nam trẻ em,Informational,30,13,0.019999999552965164,0,,Loại,Ngoài phạm vi plan,Chọn đồ nam,Informational,—
giày thể thao nam đánh bóng chuyền,Informational,30,7,0,0,,Loại,Ngoài phạm vi plan,Chọn đồ nam,Informational,—
giày thể thao sneaker nam chính hãng,Informational,30,16,0,0,,Loại,Ngoài phạm vi plan,Chọn đồ nam,Transactional,—
giày đi bộ nam không dây,Informational,30,10,0.05999999865889549,0,,Loại,Ngoài phạm vi plan,Chọn đồ nam,Informational,—
giày đá bóng việt nam,Informational,30,28,0.07000000029802322,0,,Loại,Ngoài phạm vi plan,Chọn đồ nam,Informational,—
giầy thể thao đi bộ nam,Informational,30,11,0.07000000029802322,0,,Loại,Ngoài phạm vi plan,Chọn đồ nam,Informational,—
giầy đánh bóng bàn nam,Informational,30,5,0.05000000074505806,0,,Loại,Ngoài phạm vi plan,Chọn đồ nam,Transactional,—
hãng thời trang thể thao việt nam,Informational,30,31,0,0,,Loại,Ngoài phạm vi plan,Chọn đồ nam,Informational,—
livestream bán đồ lót nam,Informational,30,19,0,0,,Loại,Ngoài phạm vi plan,Chọn đồ nam,Transactional,—
luật đá cầu đơn nam,Informational,30,10,0,0,,Loại,Ngoài phạm vi plan,Chọn đồ nam,Informational,—
mu nam bac,"Informational, Navigational",30,26,0,0,,Loại,Ngoài phạm vi plan,Chọn đồ nam,Informational,—
mua bộ nỉ nam tại hà nội,Informational,30,7,0,0,,Loại,Ngoài phạm vi plan,Chọn đồ nam,Transactional,—
mua dép sục nam,Informational,30,8,0,0,,Loại,Ngoài phạm vi plan,Chọn đồ nam,Transactional,—
mua giày nam chính hãng,Informational,30,51,0,0,,Loại,Ngoài phạm vi plan,Chọn đồ nam,Transactional,—
mua đồ lót nam,Informational,30,8,0.20999999344348907,0,,Loại,Ngoài phạm vi plan,Chọn đồ nam,Transactional,—
mũ lông nam,Informational,30,5,0,0,,Loại,Ngoài phạm vi plan,Chọn đồ nam,Informational,—
mũ lưỡi trai nửa đầu nam,Informational,30,9,0,0,,Loại,Ngoài phạm vi plan,Chọn đồ nam,Informational,—
mũ lưỡi trai thể thao nam,Informational,30,8,0.07000000029802322,0,,Loại,Ngoài phạm vi plan,Chọn đồ nam,Informational,—
mẫu dép nam mới nhất,Informational,30,16,0,0,,Loại,Ngoài phạm vi plan,Chọn đồ nam,Informational,—
mẫu giày nam đẹp nhất,Informational,30,4,0,0,,Loại,Ngoài phạm vi plan,Chọn đồ nam,Informational,—
mẫu giày đẹp nam,Informational,30,23,0,0,,Loại,Ngoài phạm vi plan,Chọn đồ nam,Informational,—
nam chất,Informational,30,20,0,0,,Loại,Ngoài phạm vi plan,Chọn đồ nam,Informational,—
những mẫu dép nam đẹp,Informational,30,-1,0,0,,Loại,Ngoài phạm vi plan,Chọn đồ nam,Informational,—
những mẫu giày nam đẹp,Informational,30,7,0.05999999865889549,0,,Loại,Ngoài phạm vi plan,Chọn đồ nam,Informational,—
những đôi giày nam nên có,Informational,30,4,0,0,,Loại,Ngoài phạm vi plan,Chọn đồ nam,Informational,—
những đôi giày đẹp cho nam,Informational,30,5,0,0,,Loại,Ngoài phạm vi plan,Chọn đồ nam,Informational,—
phao nam châm,Informational,30,2,0,0,,Loại,Ngoài phạm vi plan,Chọn đồ nam,Informational,—
sooc nam,Informational,30,9,0,0,,Loại,Ngoài phạm vi plan,Chọn đồ nam,Informational,—
sịp nam cao cấp,Informational,30,9,0.09000000357627869,0,,Loại,Ngoài phạm vi plan,Chọn đồ nam,Informational,—
sịp trẻ em nam,Informational,30,10,0,0,,Loại,Ngoài phạm vi plan,Chọn đồ nam,Informational,—
thoi trang the thao nam,Informational,30,12,0,0,,Loại,Ngoài phạm vi plan,Chọn đồ nam,Informational,—
thun dài tay nam,Informational,30,8,0,0,,Loại,Ngoài phạm vi plan,Chọn đồ nam,Informational,—
thương hiệu đồ bơi việt nam,Informational,30,14,0.09000000357627869,0,,Loại,Ngoài phạm vi plan,Chọn đồ nam,Informational,—
thắt dây giày cho nam,Informational,30,10,0,0,,Loại,Ngoài phạm vi plan,Chọn đồ nam,Informational,—
thời trang thu đông nam,Informational,30,9,0,0,,Loại,Ngoài phạm vi plan,Chọn đồ nam,Informational,—
top giày nam đẹp,Informational,30,7,0,0,,Loại,Ngoài phạm vi plan,Chọn đồ nam,Informational,—
túi ngang nam,Informational,30,8,0.07000000029802322,0,,Loại,Ngoài phạm vi plan,Chọn đồ nam,Informational,—
túi đeo chéo nam lining,Informational,30,8,0,0,,Loại,Ngoài phạm vi plan,Chọn đồ nam,Informational,—
xem mẫu giày nam,Informational,30,4,0.03999999910593033,0,,Loại,Ngoài phạm vi plan,Chọn đồ nam,Informational,—
đồ bơi nữ,Transactional,4400,16,0.05000000074505806,0,,Loại,Ngoài phạm vi plan,Chọn đồ nữ,Commercial investigation,—
đồ nữ,Informational,1600,42,0.10000000149011612,0,,Loại,Ngoài phạm vi plan,Chọn đồ nữ,Informational,—
giày cầu lông nữ,Informational,1000,18,0.03999999910593033,0,,Loại,Ngoài phạm vi plan,Chọn đồ nữ,Informational,—
giầy lining nữ,Informational,720,11,0.05000000074505806,0,,Loại,Ngoài phạm vi plan,Chọn đồ nữ,Informational,—
bộ thể thao nữ,Informational,590,10,0.05999999865889549,0,,Loại,Ngoài phạm vi plan,Chọn đồ nữ,Informational,—
cách buộc dây giày nữ đẹp,"Informational, Transactional",590,13,0,0,,Loại,Ngoài phạm vi plan,Chọn đồ nữ,Informational,—
dép nữ cao cấp,Informational,480,46,0.07999999821186066,0,,Loại,Ngoài phạm vi plan,Chọn đồ nữ,Informational,—
giày bóng chuyền nữ,Informational,480,14,0.03999999910593033,0,,Loại,Ngoài phạm vi plan,Chọn đồ nữ,Informational,—
vợt cầu lông nữ,Informational,480,9,0.029999999329447746,0,,Loại,Ngoài phạm vi plan,Chọn đồ nữ,Informational,—
giày bóng rổ nữ,Informational,320,9,0.05000000074505806,0,,Loại,Ngoài phạm vi plan,Chọn đồ nữ,Informational,—
sneaker nữ,Informational,320,12,0.07000000029802322,0,,Loại,Ngoài phạm vi plan,Chọn đồ nữ,Informational,—
vợt cầu lông cho nữ,Informational,320,6,0.029999999329447746,0,,Loại,Ngoài phạm vi plan,Chọn đồ nữ,Informational,—
bộ nỉ nữ,Informational,260,12,0,0,,Loại,Ngoài phạm vi plan,Chọn đồ nữ,Informational,—
gile nữ,Informational,260,12,0,0,,Loại,Ngoài phạm vi plan,Chọn đồ nữ,Informational,—
giày cầu lông lining nữ,Informational,260,9,0.029999999329447746,0,,Loại,Ngoài phạm vi plan,Chọn đồ nữ,Informational,—
đồ cầu lông nữ,Informational,260,9,0.07999999821186066,0,,Loại,Ngoài phạm vi plan,Chọn đồ nữ,Informational,—
giày cầu lông nữ yonex,Informational,210,9,0.029999999329447746,0,,Loại,Ngoài phạm vi plan,Chọn đồ nữ,Informational,—
dép tông nữ,Informational,170,13,0.05000000074505806,0,,Loại,Ngoài phạm vi plan,Chọn đồ nữ,Informational,—
ghi lê nữ,"Informational, Transactional",170,9,0,0,,Loại,Ngoài phạm vi plan,Chọn đồ nữ,Commercial investigation,—
shop đồ bơi nữ,Commercial,170,24,0.03999999910593033,0,,Loại,Ngoài phạm vi plan,Chọn đồ nữ,Transactional,—
đồ bóng chuyền nữ,Informational,170,5,0.07000000029802322,0,,Loại,Ngoài phạm vi plan,Chọn đồ nữ,Informational,—
đồ bơi cho nữ,Informational,170,8,0.029999999329447746,0,,Loại,Ngoài phạm vi plan,Chọn đồ nữ,Informational,—
đồ bơi liền thân nữ,Informational,170,11,0.05000000074505806,0,,Loại,Ngoài phạm vi plan,Chọn đồ nữ,Informational,—
bộ bơi nữ,Informational,140,3,0.05999999865889549,0,,Loại,Ngoài phạm vi plan,Chọn đồ nữ,Informational,—
bộ gió nữ,Informational,140,9,0,0,,Loại,Ngoài phạm vi plan,Chọn đồ nữ,Informational,—
dép rọ nữ,Informational,140,4,0,0,,Loại,Ngoài phạm vi plan,Chọn đồ nữ,Informational,—
giày chạy nữ,Informational,140,9,0.09000000357627869,0,,Loại,Ngoài phạm vi plan,Chọn đồ nữ,Comparison,—
giày đánh cầu lông nữ,Informational,140,12,0.05000000074505806,0,,Loại,Ngoài phạm vi plan,Chọn đồ nữ,Informational,—
đồ bơi nữ đẹp,Informational,140,56,0.05000000074505806,0,,Loại,Ngoài phạm vi plan,Chọn đồ nữ,Informational,—
đồng phục nữ,Informational,140,17,0.46000000834465027,0,,Loại,Ngoài phạm vi plan,Chọn đồ nữ,Informational,—
bộ thu đông nữ,Informational,110,11,0,0,,Loại,Ngoài phạm vi plan,Chọn đồ nữ,Informational,—
dép lining nữ,Informational,110,9,0.05000000074505806,0,,Loại,Ngoài phạm vi plan,Chọn đồ nữ,Informational,—
dép nữ hot,Informational,110,9,0,0,,Loại,Ngoài phạm vi plan,Chọn đồ nữ,Informational,—
giày cầu lông nữ lining,Informational,110,5,0.029999999329447746,0,,Loại,Ngoài phạm vi plan,Chọn đồ nữ,Informational,—
giày lining nữ chính hãng,Transactional,110,9,0.05999999865889549,0,,Loại,Ngoài phạm vi plan,Chọn đồ nữ,Transactional,—
giày nữ lining,"Informational, Transactional",110,17,0.05000000074505806,0,,Loại,Ngoài phạm vi plan,Chọn đồ nữ,Commercial investigation,—
mẫu bộ thể thao nữ đẹp,Informational,110,9,0,0,,Loại,Ngoài phạm vi plan,Chọn đồ nữ,Informational,—
đồ bơi nữ cao cấp,Commercial,110,12,0.05999999865889549,0,,Loại,Ngoài phạm vi plan,Chọn đồ nữ,Commercial investigation,—
bộ thể thao nữ đẹp,Informational,90,8,0,0,,Loại,Ngoài phạm vi plan,Chọn đồ nữ,Informational,—
dép quai ngang nữ hàng hiệu,Informational,90,14,0.05000000074505806,0,,Loại,Ngoài phạm vi plan,Chọn đồ nữ,Informational,—
giày chơi cầu lông nữ,Informational,90,12,0.03999999910593033,0,,Loại,Ngoài phạm vi plan,Chọn đồ nữ,Informational,—
giày cầu lông cho nữ,Informational,90,16,0.03999999910593033,0,,Loại,Ngoài phạm vi plan,Chọn đồ nữ,Informational,—
giày the thao nữ đẹp,Informational,90,8,0.05000000074505806,0,,Loại,Ngoài phạm vi plan,Chọn đồ nữ,Informational,—
giày thể thao cho nữ,Informational,90,12,0.029999999329447746,0,,Loại,Ngoài phạm vi plan,Chọn đồ nữ,Informational,—
giầy thể thao nữ lining,"Informational, Transactional",90,9,0.05999999865889549,0,,Loại,Ngoài phạm vi plan,Chọn đồ nữ,Commercial investigation,—
vợt lining cho nữ,Informational,90,9,0.029999999329447746,0,,Loại,Ngoài phạm vi plan,Chọn đồ nữ,Informational,—
đồ bơi liền thân cho nữ,Informational,90,3,0.05000000074505806,0,,Loại,Ngoài phạm vi plan,Chọn đồ nữ,Informational,—
đồ tắm biển nữ cao cấp,Informational,90,9,0.05000000074505806,0,,Loại,Ngoài phạm vi plan,Chọn đồ nữ,Informational,—
đồ đánh cầu lông nữ,Informational,90,7,0.05999999865889549,0,,Loại,Ngoài phạm vi plan,Chọn đồ nữ,Informational,—
aos khoac nu,Informational,70,30,0.07000000029802322,0,,Loại,Ngoài phạm vi plan,Chọn đồ nữ,Informational,—
bộ gió thể thao nữ,Informational,70,9,0,0,,Loại,Ngoài phạm vi plan,Chọn đồ nữ,Informational,—
kính bơi nữ,Informational,70,9,0.09000000357627869,0,,Loại,Ngoài phạm vi plan,Chọn đồ nữ,Informational,—
đồ bơi cao cấp nữ,Informational,70,53,0.05999999865889549,0,,Loại,Ngoài phạm vi plan,Chọn đồ nữ,Informational,—
bộ nỉ thể thao nữ,Informational,50,8,0,0,,Loại,Ngoài phạm vi plan,Chọn đồ nữ,Informational,—
các kiểu đồ bơi nữ đẹp,Informational,50,28,0.05000000074505806,0,,Loại,Ngoài phạm vi plan,Chọn đồ nữ,Informational,—
giay nữ,Informational,50,21,0.09000000357627869,0,,Loại,Ngoài phạm vi plan,Chọn đồ nữ,Informational,—
mũ nỉ nữ,Informational,50,11,0,0,,Loại,Ngoài phạm vi plan,Chọn đồ nữ,Informational,—
bộ gió nữ đẹp,Informational,40,9,0,0,,Loại,Ngoài phạm vi plan,Chọn đồ nữ,Informational,—
giày lightning nữ,Informational,40,6,0.05000000074505806,0,,Loại,Ngoài phạm vi plan,Chọn đồ nữ,Informational,—
giầy lining nữ cầu lông,Informational,40,7,0.03999999910593033,0,,Loại,Ngoài phạm vi plan,Chọn đồ nữ,Informational,—
đồ bơi nữ liền thân,Informational,40,2,0.03999999910593033,0,,Loại,Ngoài phạm vi plan,Chọn đồ nữ,Informational,—
đồ thu đông nữ,Informational,40,9,0,0,,Loại,Ngoài phạm vi plan,Chọn đồ nữ,Informational,—
bộ nỉ nữ adidas,"Informational, Transactional",30,17,0,0,,Loại,Ngoài phạm vi plan,Chọn đồ nữ,Commercial investigation,—
bộ nỉ thu đông nữ,Informational,30,40,0,0,,Loại,Ngoài phạm vi plan,Chọn đồ nữ,Informational,—
bộ sooc nữ,Informational,30,16,0,0,,Loại,Ngoài phạm vi plan,Chọn đồ nữ,Informational,—
bộ thể thao nữ lining,"Informational, Transactional",30,7,0,0,,Loại,Ngoài phạm vi plan,Chọn đồ nữ,Commercial investigation,—
các hãng giày thể thao nữ nổi tiếng,Informational,30,3,0.019999999552965164,0,,Loại,Ngoài phạm vi plan,Chọn đồ nữ,Informational,—
các loại giày thể thao nữ đẹp,Informational,30,8,0,0,,Loại,Ngoài phạm vi plan,Chọn đồ nữ,Informational,—
cách buộc dây giày đẹp cho nữ,Informational,30,10,0,0,,Loại,Ngoài phạm vi plan,Chọn đồ nữ,Informational,—
cách mix đồ với giày thể thao nữ mùa đông,Informational,30,11,0,0,,Loại,Ngoài phạm vi plan,Chọn đồ nữ,Transactional,—
cách thắt dây giày 5 lỗ đẹp cho nữ,Informational,30,9,0,0,,Loại,Ngoài phạm vi plan,Chọn đồ nữ,Informational,—
cách thắt dây giày thể thao nữ,"Informational, Transactional",30,9,0,0,,Loại,Ngoài phạm vi plan,Chọn đồ nữ,Informational,—
cầu lông nam nữ,"Informational, Transactional",30,7,0,0,,Loại,Ngoài phạm vi plan,Chọn đồ nữ,Commercial investigation,—
dep nam nu,Informational,30,17,0,0,,Loại,Ngoài phạm vi plan,Chọn đồ nữ,Informational,—
dep nu dep,Informational,30,5,0.05999999865889549,0,,Loại,Ngoài phạm vi plan,Chọn đồ nữ,Informational,—
dép fila nữ,Informational,30,9,0.019999999552965164,0,,Loại,Ngoài phạm vi plan,Chọn đồ nữ,Informational,—
dép đôi nam nữ,Informational,30,17,0.03999999910593033,0,,Loại,Ngoài phạm vi plan,Chọn đồ nữ,Informational,—
giay nu chinh hang,Informational,30,16,0,0,,Loại,Ngoài phạm vi plan,Chọn đồ nữ,Transactional,—
giày bóng chuyền nữ beyono,"Informational, Transactional",30,-1,0,0,,Loại,Ngoài phạm vi plan,Chọn đồ nữ,Commercial investigation,—
giày cầu lông lining nữ chính hãng,Informational,30,9,0.03999999910593033,0,,Loại,Ngoài phạm vi plan,Chọn đồ nữ,Transactional,—
giày cầu lông nữ đẹp,Informational,30,10,0,0,,Loại,Ngoài phạm vi plan,Chọn đồ nữ,Informational,—
giày lining nữ mới nhất,Informational,30,6,0,0,,Loại,Ngoài phạm vi plan,Chọn đồ nữ,Informational,—
giày lót lông nữ,Informational,30,12,0,0,,Loại,Ngoài phạm vi plan,Chọn đồ nữ,Informational,—
giày nữ thể thao đẹp,Informational,30,8,0.07000000029802322,0,,Loại,Ngoài phạm vi plan,Chọn đồ nữ,Informational,—
giày thể thao nữ không buộc dây,Informational,30,14,0,0,,Loại,Ngoài phạm vi plan,Chọn đồ nữ,Informational,—
giày thể thao nữ nên mua hãng nào,Informational,30,9,0,0,,Loại,Ngoài phạm vi plan,Chọn đồ nữ,Transactional,—
giày thể thao nữ đánh bóng chuyền,Informational,30,3,0,0,,Loại,Ngoài phạm vi plan,Chọn đồ nữ,Informational,—
giày thể thao nữ đánh cầu lông,Informational,30,11,0.05000000074505806,0,,Loại,Ngoài phạm vi plan,Chọn đồ nữ,Informational,—
giày thể thao nữ đẹp hàng hiệu,Informational,30,9,0,0,,Loại,Ngoài phạm vi plan,Chọn đồ nữ,Informational,—
giày thể thao thoáng khí nữ,Informational,30,8,0,0,,Loại,Ngoài phạm vi plan,Chọn đồ nữ,Informational,—
hình ảnh giày thể thao nữ đẹp,Informational,30,10,0,0,,Loại,Ngoài phạm vi plan,Chọn đồ nữ,Informational,—
khoác dù nữ,Informational,30,9,0,0,,Loại,Ngoài phạm vi plan,Chọn đồ nữ,Informational,—
luật cầu lông đơn nữ,Informational,30,6,0,0,,Loại,Ngoài phạm vi plan,Chọn đồ nữ,Informational,—
luật đá cầu đôi nam nữ,Informational,30,16,0,0,,Loại,Ngoài phạm vi plan,Chọn đồ nữ,Informational,—
mua đồ bơi nữ,Commercial,30,11,0.05999999865889549,0,,Loại,Ngoài phạm vi plan,Chọn đồ nữ,Transactional,—
mũ lưới nữ,Informational,30,9,0,0,,Loại,Ngoài phạm vi plan,Chọn đồ nữ,Informational,—
mũ lưỡi trai nữ đẹp,Informational,30,9,0.05000000074505806,0,,Loại,Ngoài phạm vi plan,Chọn đồ nữ,Informational,—
mẫu bộ sooc nữ đẹp,Informational,30,16,0,0,,Loại,Ngoài phạm vi plan,Chọn đồ nữ,Informational,—
những đôi giày nên có trong tủ đồ nữ,Informational,30,15,0,0,,Loại,Ngoài phạm vi plan,Chọn đồ nữ,Informational,—
nữ cầu lông,Informational,30,13,0,0,,Loại,Ngoài phạm vi plan,Chọn đồ nữ,Informational,—
set thể thao nữ,Informational,30,7,0.05999999865889549,0,,Loại,Ngoài phạm vi plan,Chọn đồ nữ,Informational,—
shop do nu,Commercial,30,20,0.09000000357627869,0,,Loại,Ngoài phạm vi plan,Chọn đồ nữ,Transactional,—
sự khác biệt giữa giày thể thao nam và nữ,Informational,30,4,0,0,,Loại,Ngoài phạm vi plan,Chọn đồ nữ,Informational,—
thoi trang nu mua dong,Informational,30,9,0,0,,Loại,Ngoài phạm vi plan,Chọn đồ nữ,Transactional,—
thương hiệu giày thể thao nữ nổi tiếng,Informational,30,4,0,0,,Loại,Ngoài phạm vi plan,Chọn đồ nữ,Informational,—
túi thể thao nữ,Informational,30,9,0.029999999329447746,0,,Loại,Ngoài phạm vi plan,Chọn đồ nữ,Informational,—
đồ bơi nữ chính hãng,Informational,30,12,0.05000000074505806,0,,Loại,Ngoài phạm vi plan,Chọn đồ nữ,Transactional,—
đồ bộ mùa đông nữ,Informational,30,12,0.03999999910593033,0,,Loại,Ngoài phạm vi plan,Chọn đồ nữ,Transactional,—
đồ tắm nữ,Commercial,30,54,0.03999999910593033,0,,Loại,Ngoài phạm vi plan,Chọn đồ nữ,Commercial investigation,—
đồng phục bóng chuyền nữ,Informational,30,6,0.07000000029802322,0,,Loại,Ngoài phạm vi plan,Chọn đồ nữ,Informational,—
cầu lông,Informational,74000,34,0.029999999329447746,0,,Loại,Ngoài phạm vi plan,Ngoài phạm vi,Informational,—
vợt cầu lông,Informational,27100,63,0.019999999552965164,0,,Loại,Ngoài phạm vi plan,Ngoài phạm vi,Informational,—
t shirt,Informational,22200,18,0.27000001072883606,0,,Loại,Ngoài phạm vi plan,Ngoài phạm vi,Informational,—
dép,Informational,18100,25,0.17000000178813934,0,,Loại,Ngoài phạm vi plan,Ngoài phạm vi,Informational,—
blade,Informational,12100,23,1.0299999713897705,0,,Loại,Ngoài phạm vi plan,Ngoài phạm vi,Informational,—
giày cầu lông,Informational,12100,18,0.05000000074505806,0,,Loại,Ngoài phạm vi plan,Ngoài phạm vi,Informational,—
li ning,Navigational,9900,54,0.05000000074505806,0,,Loại,Ngoài phạm vi plan,Ngoài phạm vi,Informational,—
đồ bơi,Commercial,9900,21,0.05000000074505806,0,,Loại,Ngoài phạm vi plan,Ngoài phạm vi,Commercial investigation,—
giay lining,Informational,8100,22,0.029999999329447746,0,,Loại,Ngoài phạm vi plan,Ngoài phạm vi,Informational,—
mũ,Informational,8100,21,0.07000000029802322,0,,Loại,Ngoài phạm vi plan,Ngoài phạm vi,Informational,—
vợt lining,Informational,8100,45,0.019999999552965164,0,,Loại,Ngoài phạm vi plan,Ngoài phạm vi,Informational,—
keo dán giày,Informational,5400,14,0.03999999910593033,0,,Loại,Ngoài phạm vi plan,Ngoài phạm vi,Informational,—
lining vietnam,Navigational,5400,45,0.07000000029802322,0,,Loại,Ngoài phạm vi plan,Ngoài phạm vi,Informational,—
đôi giày bộ phận sinh dục,Informational,5400,16,0.23999999463558197,0,,Loại,Ngoài phạm vi plan,Ngoài phạm vi,Informational,—
dép lê,Informational,4400,16,0.09000000357627869,0,,Loại,Ngoài phạm vi plan,Ngoài phạm vi,Informational,—
kính bơi,Informational,4400,17,0.05999999865889549,0,,Loại,Ngoài phạm vi plan,Ngoài phạm vi,Informational,—
vợt,Informational,4400,65,0.05000000074505806,0,,Loại,Ngoài phạm vi plan,Ngoài phạm vi,Informational,—
vợt cầu lông lining,Informational,4400,30,0.019999999552965164,0,,Loại,Ngoài phạm vi plan,Ngoài phạm vi,Informational,—
ab0,Informational,3600,27,0,0,,Loại,Ngoài phạm vi plan,Ngoài phạm vi,Informational,—
calibar 300b,Informational,3600,16,0.09000000357627869,0,,Loại,Ngoài phạm vi plan,Ngoài phạm vi,Informational,—
cách buộc dây giày,"Informational, Transactional",3600,15,0.009999999776482582,0,,Loại,Ngoài phạm vi plan,Ngoài phạm vi,Informational,—
giày bóng chuyền,Informational,3600,16,0.05000000074505806,0,,Loại,Ngoài phạm vi plan,Ngoài phạm vi,Informational,—
tee,Informational,3600,26,0.46000000834465027,0,,Loại,Ngoài phạm vi plan,Ngoài phạm vi,Informational,—
vợt cầu lông 200k-300k,Informational,3600,13,0.03999999910593033,0,,Loại,Ngoài phạm vi plan,Ngoài phạm vi,Informational,—
giầy cầu lông lining,Informational,2900,14,0.029999999329447746,0,,Loại,Ngoài phạm vi plan,Ngoài phạm vi,Informational,—
gọn gàng,Informational,2900,16,0,0,,Loại,Ngoài phạm vi plan,Ngoài phạm vi,Informational,—
balo cầu lông,Informational,2400,10,0.029999999329447746,0,,Loại,Ngoài phạm vi plan,Ngoài phạm vi,Informational,—
cước,Informational,2400,10,0.14000000059604645,0,,Loại,Ngoài phạm vi plan,Ngoài phạm vi,Informational,—
luật cầu lông,Informational,2400,11,0.009999999776482582,0,,Loại,Ngoài phạm vi plan,Ngoài phạm vi,Informational,—
vợt cầu lông shop,Navigational,2400,73,0.029999999329447746,0,,Loại,Ngoài phạm vi plan,Ngoài phạm vi,Informational,—
beyono,Navigational,1900,18,0.09000000357627869,0,,Loại,Ngoài phạm vi plan,Ngoài phạm vi,Informational,—
dép quai ngang,Informational,1900,15,0.07999999821186066,0,,Loại,Ngoài phạm vi plan,Ngoài phạm vi,Informational,—
ling,Informational,1900,33,0.23999999463558197,0,,Loại,Ngoài phạm vi plan,Ngoài phạm vi,Informational,—
vua bong ro,Informational,1900,61,0.11999999731779099,0,,Loại,Ngoài phạm vi plan,Ngoài phạm vi,Informational,—
cách thắt dây giày,"Informational, Transactional",1600,13,0.009999999776482582,0,,Loại,Ngoài phạm vi plan,Ngoài phạm vi,Informational,—
cách xỏ dây giày,"Informational, Transactional",1600,13,0.009999999776482582,0,,Loại,Ngoài phạm vi plan,Ngoài phạm vi,Informational,—
căng vợt cầu lông,Commercial,1600,17,0,0,,Loại,Ngoài phạm vi plan,Ngoài phạm vi,Commercial investigation,—
storage ning com,Informational,1600,62,0.38999998569488525,0,,Loại,Ngoài phạm vi plan,Ngoài phạm vi,Informational,—
thương hiệu thời trang thể thao nổi tiếng,Informational,1600,10,0.03999999910593033,0,,Loại,Ngoài phạm vi plan,Ngoài phạm vi,Informational,—
300c,Informational,1300,14,0,0,,Loại,Ngoài phạm vi plan,Ngoài phạm vi,Informational,—
6000,Informational,1300,13,0.12999999523162842,0,,Loại,Ngoài phạm vi plan,Ngoài phạm vi,Informational,—
cửa hàng tiện lợi okono,Commercial,1300,23,0,0,,Loại,Ngoài phạm vi plan,Ngoài phạm vi,Commercial investigation,—
giày đá bóng sân cỏ nhân tạo,Informational,1300,16,0.03999999910593033,0,,Loại,Ngoài phạm vi plan,Ngoài phạm vi,Informational,—
giày đánh cầu lông,Informational,1300,15,0.03999999910593033,0,,Loại,Ngoài phạm vi plan,Ngoài phạm vi,Informational,—
li ning logo,Informational,1300,22,0,0,,Loại,Ngoài phạm vi plan,Ngoài phạm vi,Informational,—
lining aeronaut 6000,Informational,1300,12,0,0,,Loại,Ngoài phạm vi plan,Ngoài phạm vi,Informational,—
lining calibar 300b,Informational,1300,12,0.07999999821186066,0,,Loại,Ngoài phạm vi plan,Ngoài phạm vi,Informational,—
lining giày,"Informational, Transactional",1300,12,0.03999999910593033,0,,Loại,Ngoài phạm vi plan,Ngoài phạm vi,Commercial investigation,—
lining logo,Informational,1300,17,0,0,,Loại,Ngoài phạm vi plan,Ngoài phạm vi,Informational,—
lining no 1,Informational,1300,11,0,0,,Loại,Ngoài phạm vi plan,Ngoài phạm vi,Informational,—
lining shop,Navigational,1300,50,0.029999999329447746,0,,Loại,Ngoài phạm vi plan,Ngoài phạm vi,Informational,—
lining store,Navigational,1300,66,0.029999999329447746,0,,Loại,Ngoài phạm vi plan,Ngoài phạm vi,Informational,—
lông vũ,Informational,1300,16,0,0,,Loại,Ngoài phạm vi plan,Ngoài phạm vi,Informational,—
nỉ,Informational,1300,22,0.09000000357627869,0,,Loại,Ngoài phạm vi plan,Ngoài phạm vi,Informational,—
ống cầu lông,Informational,1300,11,0.029999999329447746,0,,Loại,Ngoài phạm vi plan,Ngoài phạm vi,Informational,—
aeronaut 9000,Informational,1000,10,0,0,,Loại,Ngoài phạm vi plan,Ngoài phạm vi,Informational,—
ambino,"Informational, Transactional",1000,33,0.029999999329447746,0,,Loại,Ngoài phạm vi plan,Ngoài phạm vi,Commercial investigation,—
balo thể thao,Informational,1000,9,0.07000000029802322,0,,Loại,Ngoài phạm vi plan,Ngoài phạm vi,Informational,—
buộc dây giày,Informational,1000,15,0.009999999776482582,0,,Loại,Ngoài phạm vi plan,Ngoài phạm vi,Informational,—
cách buộc dây giày thể thao,"Informational, Transactional",1000,13,0.009999999776482582,0,,Loại,Ngoài phạm vi plan,Ngoài phạm vi,Informational,—
cước cầu lông,Informational,1000,14,0,0,,Loại,Ngoài phạm vi plan,Ngoài phạm vi,Informational,—
dán đế giày,Informational,1000,13,0.11999999731779099,0,,Loại,Ngoài phạm vi plan,Ngoài phạm vi,Informational,—
giày chạy,Informational,1000,14,0.07000000029802322,0,,Loại,Ngoài phạm vi plan,Ngoài phạm vi,Informational,—
giày lining cầu lông,Informational,1000,12,0.029999999329447746,0,,Loại,Ngoài phạm vi plan,Ngoài phạm vi,Informational,—
phong lâm hỏa sơn,Informational,1000,19,0,0,,Loại,Ngoài phạm vi plan,Ngoài phạm vi,Informational,—
sịp,Informational,1000,30,0.07000000029802322,0,,Loại,Ngoài phạm vi plan,Ngoài phạm vi,Informational,—
6000 c,Informational,880,10,0,0,,Loại,Ngoài phạm vi plan,Ngoài phạm vi,Informational,—
9000,Informational,880,13,0.2800000011920929,0,,Loại,Ngoài phạm vi plan,Ngoài phạm vi,Informational,—
bán vợt cầu lông,Commercial,880,65,0.05999999865889549,0,,Loại,Ngoài phạm vi plan,Ngoài phạm vi,Transactional,—
calibar 600c,Informational,880,10,0,0,,Loại,Ngoài phạm vi plan,Ngoài phạm vi,Informational,—
chơi cầu lông,Informational,880,18,0,0,,Loại,Ngoài phạm vi plan,Ngoài phạm vi,Informational,—
cách buộc dây giày đẹp,"Informational, Transactional",880,13,0.009999999776482582,0,,Loại,Ngoài phạm vi plan,Ngoài phạm vi,Informational,—
cách cột dây giày,Informational,880,22,0.009999999776482582,0,,Loại,Ngoài phạm vi plan,Ngoài phạm vi,Informational,—
deline,Informational,880,28,0,0,,Loại,Ngoài phạm vi plan,Ngoài phạm vi,Informational,—
dây giày,Informational,880,9,0.019999999552965164,0,,Loại,Ngoài phạm vi plan,Ngoài phạm vi,Informational,—
dép lining,"Informational, Transactional",880,17,0.09000000357627869,0,,Loại,Ngoài phạm vi plan,Ngoài phạm vi,Commercial investigation,—
giày bóng bàn,Informational,880,11,0.05000000074505806,0,,Loại,Ngoài phạm vi plan,Ngoài phạm vi,Informational,—
giày pick,Informational,880,11,0.05000000074505806,0,,Loại,Ngoài phạm vi plan,Ngoài phạm vi,Informational,—
lining calibar 300c,Informational,880,11,0.07999999821186066,0,,Loại,Ngoài phạm vi plan,Ngoài phạm vi,Informational,—
luật chơi cầu lông,Informational,880,9,0.009999999776482582,0,,Loại,Ngoài phạm vi plan,Ngoài phạm vi,Informational,—
luật cầu lông đôi,Informational,880,14,0.009999999776482582,0,,Loại,Ngoài phạm vi plan,Ngoài phạm vi,Informational,—
lyn nguyễn trãi,Navigational,880,30,0.07999999821186066,0,,Loại,Ngoài phạm vi plan,Ngoài phạm vi,Informational,—
túi cầu lông,Informational,880,7,0.029999999329447746,0,,Loại,Ngoài phạm vi plan,Ngoài phạm vi,Informational,—
túi đựng vợt cầu lông,Informational,880,6,0.029999999329447746,0,,Loại,Ngoài phạm vi plan,Ngoài phạm vi,Informational,—
vợt cầu lông chính hãng,Informational,880,56,0.019999999552965164,0,,Loại,Ngoài phạm vi plan,Ngoài phạm vi,Transactional,—
đồ bóng chuyền,Informational,880,6,0.12999999523162842,0,,Loại,Ngoài phạm vi plan,Ngoài phạm vi,Informational,—
đồ cầu lông,Informational,880,9,0.07000000029802322,0,,Loại,Ngoài phạm vi plan,Ngoài phạm vi,Informational,—
balo lining,Informational,720,9,0.05000000074505806,0,,Loại,Ngoài phạm vi plan,Ngoài phạm vi,Informational,—
calibar 600b,Informational,720,13,0,0,,Loại,Ngoài phạm vi plan,Ngoài phạm vi,Informational,—
cách thắt dây giày đẹp,"Informational, Transactional",720,13,0.009999999776482582,0,,Loại,Ngoài phạm vi plan,Ngoài phạm vi,Informational,—
dán đế giày thể thao,Informational,720,8,0.10999999940395355,0,,Loại,Ngoài phạm vi plan,Ngoài phạm vi,Informational,—
dép đẹp,Informational,720,20,0.10000000149011612,0,,Loại,Ngoài phạm vi plan,Ngoài phạm vi,Informational,—
giầy lining chính hãng,"Informational, Transactional",720,10,0.05000000074505806,0,,Loại,Ngoài phạm vi plan,Ngoài phạm vi,Transactional,—
keo dán giày thể thao,Informational,720,6,0.05000000074505806,0,,Loại,Ngoài phạm vi plan,Ngoài phạm vi,Informational,—
lining hà nội,Navigational,720,16,0.029999999329447746,0,,Loại,Ngoài phạm vi plan,Ngoài phạm vi,Informational,—
livan sport,Navigational,720,40,0.05999999865889549,0,,Loại,Ngoài phạm vi plan,Ngoài phạm vi,Informational,—
nome vn,Navigational,720,33,0.11999999731779099,0,,Loại,Ngoài phạm vi plan,Ngoài phạm vi,Informational,—
shirt là gì,Informational,720,22,0,0,,Loại,Ngoài phạm vi plan,Ngoài phạm vi,Informational,—
sneaker la gì,Informational,720,12,0.009999999776482582,0,,Loại,Ngoài phạm vi plan,Ngoài phạm vi,Informational,—
t shirt là gì,Informational,720,19,0,0,,Loại,Ngoài phạm vi plan,Ngoài phạm vi,Informational,—
thương hiệu giày thể thao nổi tiếng,Informational,720,7,0.029999999329447746,0,,Loại,Ngoài phạm vi plan,Ngoài phạm vi,Informational,—
thắt dây giày,"Informational, Transactional",720,14,0.009999999776482582,0,,Loại,Ngoài phạm vi plan,Ngoài phạm vi,Commercial investigation,—
túi thể thao,Informational,720,9,0.10000000149011612,0,,Loại,Ngoài phạm vi plan,Ngoài phạm vi,Informational,—
túi vợt cầu lông,Informational,720,8,0.029999999329447746,0,,Loại,Ngoài phạm vi plan,Ngoài phạm vi,Informational,—
vợt cầu lông giá rẻ,Informational,720,58,0.019999999552965164,0,,Loại,Ngoài phạm vi plan,Ngoài phạm vi,Transactional,—
băng tay,Informational,590,11,0.15000000596046448,0,,Loại,Ngoài phạm vi plan,Ngoài phạm vi,Informational,—
calibar 200,Informational,590,14,0.07999999821186066,0,,Loại,Ngoài phạm vi plan,Ngoài phạm vi,Informational,—
calibar 900,Informational,590,11,0,0,,Loại,Ngoài phạm vi plan,Ngoài phạm vi,Informational,—
các hãng vợt cầu lông,Informational,590,9,0.019999999552965164,0,,Loại,Ngoài phạm vi plan,Ngoài phạm vi,Informational,—
cách cầm vợt cầu lông,"Informational, Transactional",590,12,0,0,,Loại,Ngoài phạm vi plan,Ngoài phạm vi,Informational,—
cách cầm vợt cầu lông đúng,"Informational, Transactional",590,13,0,0,,Loại,Ngoài phạm vi plan,Ngoài phạm vi,Informational,—
cách xỏ dây giày đẹp,"Informational, Transactional",590,13,0.009999999776482582,0,,Loại,Ngoài phạm vi plan,Ngoài phạm vi,Informational,—
dép quai,Informational,590,10,0.07000000029802322,0,,Loại,Ngoài phạm vi plan,Ngoài phạm vi,Informational,—
dép đúc,Informational,590,13,0.05999999865889549,0,,Loại,Ngoài phạm vi plan,Ngoài phạm vi,Informational,—
giày bóng chuyền mizuno,"Informational, Transactional",590,7,0.03999999910593033,0,,Loại,Ngoài phạm vi plan,Ngoài phạm vi,Commercial investigation,—
giày sneaker là gì,Informational,590,14,0.009999999776482582,0,,Loại,Ngoài phạm vi plan,Ngoài phạm vi,Informational,—
giày thể thao lining,"Informational, Transactional",590,10,0.05000000074505806,0,,Loại,Ngoài phạm vi plan,Ngoài phạm vi,Commercial investigation,—
luật cầu lông đơn,Informational,590,11,0.009999999776482582,0,,Loại,Ngoài phạm vi plan,Ngoài phạm vi,Informational,—
mu luoi trai,Informational,590,17,0.05000000074505806,0,,Loại,Ngoài phạm vi plan,Ngoài phạm vi,Informational,—
mua vợt cầu lông,Commercial,590,60,0.03999999910593033,0,,Loại,Ngoài phạm vi plan,Ngoài phạm vi,Transactional,—
vợt cầu lông cho người mới chơi,Informational,590,24,0.029999999329447746,0,,Loại,Ngoài phạm vi plan,Ngoài phạm vi,Informational,—
vợt cầu lông xịn,Informational,590,51,0.019999999552965164,0,,Loại,Ngoài phạm vi plan,Ngoài phạm vi,Informational,—
đan vợt cầu lông,Transactional,590,16,0,0,,Loại,Ngoài phạm vi plan,Ngoài phạm vi,Commercial investigation,—
aeronaut 4000,Informational,480,10,0,0,,Loại,Ngoài phạm vi plan,Ngoài phạm vi,Informational,—
aos phao,Informational,480,16,0.05999999865889549,0,,Loại,Ngoài phạm vi plan,Ngoài phạm vi,Informational,—
calibar 500,Informational,480,12,0.09000000357627869,0,,Loại,Ngoài phạm vi plan,Ngoài phạm vi,Informational,—
calibar 600,Informational,480,11,0,0,,Loại,Ngoài phạm vi plan,Ngoài phạm vi,Informational,—
các loại cầu,Informational,480,13,0,0,,Loại,Ngoài phạm vi plan,Ngoài phạm vi,Informational,—
cách buộc dây,Informational,480,27,0,0,,Loại,Ngoài phạm vi plan,Ngoài phạm vi,Informational,—
dán giày,Informational,480,9,0.14000000059604645,0,,Loại,Ngoài phạm vi plan,Ngoài phạm vi,Informational,—
dép lông,Informational,480,11,0,0,,Loại,Ngoài phạm vi plan,Ngoài phạm vi,Informational,—
giày bóng chuyền adidas,"Informational, Transactional",480,20,0.07999999821186066,0,,Loại,Ngoài phạm vi plan,Ngoài phạm vi,Commercial investigation,—
giày bóng rổ lining,"Informational, Transactional",480,10,0.03999999910593033,0,,Loại,Ngoài phạm vi plan,Ngoài phạm vi,Commercial investigation,—
giá vợt cầu lông,Informational,480,55,0.019999999552965164,0,,Loại,Ngoài phạm vi plan,Ngoài phạm vi,Transactional,—
keo dán đế giày,Informational,480,8,0.03999999910593033,0,,Loại,Ngoài phạm vi plan,Ngoài phạm vi,Informational,—
levan,Informational,480,38,0,0,,Loại,Ngoài phạm vi plan,Ngoài phạm vi,Informational,—
li ning badminton,Navigational,480,57,0.05000000074505806,0,,Loại,Ngoài phạm vi plan,Ngoài phạm vi,Informational,—
lining aeronaut 9000,"Commercial, Informational",480,14,0,0,,Loại,Ngoài phạm vi plan,Ngoài phạm vi,Commercial investigation,—
lining chùa bộc,"Informational, Transactional",480,22,0.029999999329447746,0,,Loại,Ngoài phạm vi plan,Ngoài phạm vi,Commercial investigation,—
lining hồ tùng mậu,"Informational, Transactional",480,20,0.019999999552965164,0,,Loại,Ngoài phạm vi plan,Ngoài phạm vi,Commercial investigation,—
luật phát cầu lông,Informational,480,11,0.009999999776482582,0,,Loại,Ngoài phạm vi plan,Ngoài phạm vi,Informational,—
môn cầu lông,Informational,480,16,0,0,,Loại,Ngoài phạm vi plan,Ngoài phạm vi,Informational,—
ning,Informational,480,64,0,0,,Loại,Ngoài phạm vi plan,Ngoài phạm vi,Informational,—
storage.ning.com,Informational,480,25,0.38999998569488525,0,,Loại,Ngoài phạm vi plan,Ngoài phạm vi,Informational,—
sân bóng chuyền thăng long,Informational,480,22,0,0,,Loại,Ngoài phạm vi plan,Ngoài phạm vi,Informational,—
vợt lightning,Informational,480,19,0.019999999552965164,0,,Loại,Ngoài phạm vi plan,Ngoài phạm vi,Informational,—
xỏ dây giày,"Informational, Transactional",480,13,0,0,,Loại,Ngoài phạm vi plan,Ngoài phạm vi,Commercial investigation,—
7000i,Informational,390,9,0,0,,Loại,Ngoài phạm vi plan,Ngoài phạm vi,Informational,—
aeronaut 4000c,Informational,390,10,0,0,,Loại,Ngoài phạm vi plan,Ngoài phạm vi,Informational,—
aeronaut 7000i,Informational,390,10,0,0,,Loại,Ngoài phạm vi plan,Ngoài phạm vi,Informational,—
bao vợt cầu lông,Informational,390,10,0.029999999329447746,0,,Loại,Ngoài phạm vi plan,Ngoài phạm vi,Informational,—
bladex,Navigational,390,15,0,0,,Loại,Ngoài phạm vi plan,Ngoài phạm vi,Informational,—
buộc dây giày jordan,"Informational, Transactional",390,13,0.009999999776482582,0,,Loại,Ngoài phạm vi plan,Ngoài phạm vi,Commercial investigation,—
bóng chuyền thăng long,"Informational, Transactional",390,9,0.03999999910593033,0,,Loại,Ngoài phạm vi plan,Ngoài phạm vi,Commercial investigation,—
các hãng giày,Informational,390,11,0.07000000029802322,0,,Loại,Ngoài phạm vi plan,Ngoài phạm vi,Informational,—
các hãng giày nổi tiếng,Informational,390,9,0.05999999865889549,0,,Loại,Ngoài phạm vi plan,Ngoài phạm vi,Informational,—
có mấy cách cầm cầu,Informational,390,12,0,0,,Loại,Ngoài phạm vi plan,Ngoài phạm vi,Informational,—
cửa hàng lining,Navigational,390,19,0.029999999329447746,0,,Loại,Ngoài phạm vi plan,Ngoài phạm vi,Informational,—
dép fila,Informational,390,13,0.029999999329447746,0,,Loại,Ngoài phạm vi plan,Ngoài phạm vi,Informational,—
giày beyono,Informational,390,11,0.03999999910593033,0,,Loại,Ngoài phạm vi plan,Ngoài phạm vi,Informational,—
giày bóng rổ trẻ em,Informational,390,8,0.07000000029802322,0,,Loại,Ngoài phạm vi plan,Ngoài phạm vi,Informational,—
giày đá banh sân cỏ nhân tạo,Informational,390,22,0.05000000074505806,0,,Loại,Ngoài phạm vi plan,Ngoài phạm vi,Informational,—
giá cầu lông,Informational,390,33,0.03999999910593033,0,,Loại,Ngoài phạm vi plan,Ngoài phạm vi,Transactional,—
hãng vợt cầu lông,Informational,390,13,0.029999999329447746,0,,Loại,Ngoài phạm vi plan,Ngoài phạm vi,Informational,—
kinhs boi,Informational,390,15,0.05999999865889549,0,,Loại,Ngoài phạm vi plan,Ngoài phạm vi,Informational,—
lining chính hãng,Informational,390,30,0.07999999821186066,0,,Loại,Ngoài phạm vi plan,Ngoài phạm vi,Transactional,—
lining cần thơ,Informational,390,17,0.029999999329447746,0,,Loại,Ngoài phạm vi plan,Ngoài phạm vi,Informational,—
lining hải phòng,Navigational,390,16,0.029999999329447746,0,,Loại,Ngoài phạm vi plan,Ngoài phạm vi,Informational,—
luật đá cầu,Informational,390,17,0,0,,Loại,Ngoài phạm vi plan,Ngoài phạm vi,Informational,—
luật đánh cầu lông,Informational,390,12,0.009999999776482582,0,,Loại,Ngoài phạm vi plan,Ngoài phạm vi,Informational,—
luật đánh cầu lông đôi,Informational,390,13,0.009999999776482582,0,,Loại,Ngoài phạm vi plan,Ngoài phạm vi,Informational,—
lót giày yonex,Informational,390,18,0.029999999329447746,0,,Loại,Ngoài phạm vi plan,Ngoài phạm vi,Informational,—
mũ trắng,Informational,390,9,0,0,,Loại,Ngoài phạm vi plan,Ngoài phạm vi,Informational,—
mắt kính bơi,Transactional,390,17,0.07000000029802322,0,,Loại,Ngoài phạm vi plan,Ngoài phạm vi,Commercial investigation,—
shop thể thao,Commercial,390,69,0.09000000357627869,0,,Loại,Ngoài phạm vi plan,Ngoài phạm vi,Transactional,—
sơ đồ bóng chuyền,Informational,390,8,0,0,,Loại,Ngoài phạm vi plan,Ngoài phạm vi,Informational,—
thu đông,Informational,390,15,0,0,,Loại,Ngoài phạm vi plan,Ngoài phạm vi,Informational,—
thông số vợt cầu lông,Informational,390,9,0.009999999776482582,0,,Loại,Ngoài phạm vi plan,Ngoài phạm vi,Informational,—
thời trang lining,Transactional,390,19,0.05000000074505806,0,,Loại,Ngoài phạm vi plan,Ngoài phạm vi,Commercial investigation,—
tiêu chuẩn sân cầu lông,Informational,390,9,0,0,,Loại,Ngoài phạm vi plan,Ngoài phạm vi,Informational,—
turbo charging,Informational,390,10,0,0,,Loại,Ngoài phạm vi plan,Ngoài phạm vi,Informational,—
turbo charging 50d,Informational,390,11,0,0,,Loại,Ngoài phạm vi plan,Ngoài phạm vi,Informational,—
vợt cầu lông giá rẻ cho học sinh,Informational,390,27,0.019999999552965164,0,,Loại,Ngoài phạm vi plan,Ngoài phạm vi,Transactional,—
vợt lining giá dưới 1 triệu,Informational,390,10,0,0,,Loại,Ngoài phạm vi plan,Ngoài phạm vi,Transactional,—
vợt đánh cầu lông,Informational,390,56,0.029999999329447746,0,,Loại,Ngoài phạm vi plan,Ngoài phạm vi,Informational,—
đan lưới vợt cầu lông,Informational,390,4,0,0,,Loại,Ngoài phạm vi plan,Ngoài phạm vi,Informational,—
ảnh vợt cầu lông,Informational,390,11,0,0,,Loại,Ngoài phạm vi plan,Ngoài phạm vi,Informational,—
161 quang trung,Informational,320,28,0,0,,Loại,Ngoài phạm vi plan,Ngoài phạm vi,Informational,—
6000d,Informational,320,12,0,0,,Loại,Ngoài phạm vi plan,Ngoài phạm vi,Informational,—
balo cầu lông lining,Informational,320,4,0.029999999329447746,0,,Loại,Ngoài phạm vi plan,Ngoài phạm vi,Informational,—
băng đeo tay thể thao,Informational,320,16,0,0,,Loại,Ngoài phạm vi plan,Ngoài phạm vi,Informational,—
bộ cầu lông,Informational,320,52,0.03999999910593033,0,,Loại,Ngoài phạm vi plan,Ngoài phạm vi,Informational,—
calibar 001,Informational,320,10,0,0,,Loại,Ngoài phạm vi plan,Ngoài phạm vi,Informational,—
cau va,"Informational, Transactional",320,19,0,0,,Loại,Ngoài phạm vi plan,Ngoài phạm vi,Commercial investigation,—
các dòng vợt lining,Informational,320,8,0.009999999776482582,0,,Loại,Ngoài phạm vi plan,Ngoài phạm vi,Informational,—
các loại giày,Informational,320,11,0,0,,Loại,Ngoài phạm vi plan,Ngoài phạm vi,Informational,—
cách buộc dây chặt,Informational,320,28,0,0,,Loại,Ngoài phạm vi plan,Ngoài phạm vi,Informational,—
cách luồn dây giày,"Informational, Transactional",320,12,0,0,,Loại,Ngoài phạm vi plan,Ngoài phạm vi,Informational,—
cách thắt dây giày không bị tuột,Informational,320,26,0,0,,Loại,Ngoài phạm vi plan,Ngoài phạm vi,Informational,—
cây vọt,Informational,320,11,0,0,,Loại,Ngoài phạm vi plan,Ngoài phạm vi,Informational,—
cây vợt cầu lông,Informational,320,56,0.03999999910593033,0,,Loại,Ngoài phạm vi plan,Ngoài phạm vi,Informational,—
dep dep dep,"Informational, Transactional",320,36,0,0,,Loại,Ngoài phạm vi plan,Ngoài phạm vi,Commercial investigation,—
dán đế giày da,Informational,320,3,0.10000000149011612,0,,Loại,Ngoài phạm vi plan,Ngoài phạm vi,Informational,—
dép rider,Informational,320,7,0.10000000149011612,0,,Loại,Ngoài phạm vi plan,Ngoài phạm vi,Informational,—
giày chơi cầu lông,Informational,320,9,0.05000000074505806,0,,Loại,Ngoài phạm vi plan,Ngoài phạm vi,Informational,—
giày cầu lông nike,Informational,320,10,0.07999999821186066,0,,Loại,Ngoài phạm vi plan,Ngoài phạm vi,Informational,—
giày lightning,"Informational, Transactional",320,11,0.03999999910593033,0,,Loại,Ngoài phạm vi plan,Ngoài phạm vi,Commercial investigation,—
giày đánh bóng chuyền,Informational,320,11,0.05000000074505806,0,,Loại,Ngoài phạm vi plan,Ngoài phạm vi,Informational,—
hang dep net,Informational,320,9,0,0,,Loại,Ngoài phạm vi plan,Ngoài phạm vi,Informational,—
kính bơi lining,Informational,320,12,0.03999999910593033,0,,Loại,Ngoài phạm vi plan,Ngoài phạm vi,Informational,—
li ning của nước nào,Informational,320,22,0,0,,Loại,Ngoài phạm vi plan,Ngoài phạm vi,Informational,—
lining aeronaut,Navigational,320,16,0,0,,Loại,Ngoài phạm vi plan,Ngoài phạm vi,Informational,—
lining aeronaut 4000c,Informational,320,15,0,0,,Loại,Ngoài phạm vi plan,Ngoài phạm vi,Informational,—
lining của nước nào,Informational,320,16,0,0,,Loại,Ngoài phạm vi plan,Ngoài phạm vi,Informational,—
lining hải dương,"Informational, Transactional",320,24,0.029999999329447746,0,,Loại,Ngoài phạm vi plan,Ngoài phạm vi,Commercial investigation,—
lining lê văn lương,"Informational, Transactional",320,20,0.029999999329447746,0,,Loại,Ngoài phạm vi plan,Ngoài phạm vi,Commercial investigation,—
lining ninh bình,"Informational, Transactional",320,12,0.05000000074505806,0,,Loại,Ngoài phạm vi plan,Ngoài phạm vi,Commercial investigation,—
lining turbo charging,Informational,320,16,0,0,,Loại,Ngoài phạm vi plan,Ngoài phạm vi,Informational,—
lining turbo charging 50d,Informational,320,9,0,0,,Loại,Ngoài phạm vi plan,Ngoài phạm vi,Informational,—
lining vinh,Navigational,320,19,0.029999999329447746,0,,Loại,Ngoài phạm vi plan,Ngoài phạm vi,Informational,—
lining đà nẵng,"Informational, Transactional",320,10,0.029999999329447746,0,,Loại,Ngoài phạm vi plan,Ngoài phạm vi,Commercial investigation,—
lyn vincom đồng khởi,Informational,320,28,0.07000000029802322,0,,Loại,Ngoài phạm vi plan,Ngoài phạm vi,Informational,—
lưới vợt cầu lông,Informational,320,4,0,0,,Loại,Ngoài phạm vi plan,Ngoài phạm vi,Informational,—
shirt tiếng anh là gì,Informational,320,28,0,0,,Loại,Ngoài phạm vi plan,Ngoài phạm vi,Informational,—
trai mặc sịp,Informational,320,12,0,0,,Loại,Ngoài phạm vi plan,Ngoài phạm vi,Informational,—
vợt công thủ toàn diện,Informational,320,10,0,0,,Loại,Ngoài phạm vi plan,Ngoài phạm vi,Informational,—
vợt cầu lông wilson,Informational,320,10,0.07999999821186066,0,,Loại,Ngoài phạm vi plan,Ngoài phạm vi,Informational,—
windstorm,Informational,320,10,0,0,,Loại,Ngoài phạm vi plan,Ngoài phạm vi,Informational,—
xỏ giày,Informational,320,12,0,0,,Loại,Ngoài phạm vi plan,Ngoài phạm vi,Informational,—
af canon,Informational,260,9,0,0,,Loại,Ngoài phạm vi plan,Ngoài phạm vi,Informational,—
baleno,Navigational,260,41,0,0,,Loại,Ngoài phạm vi plan,Ngoài phạm vi,Informational,—
blade 2,"Informational, Transactional",260,45,0,0,,Loại,Ngoài phạm vi plan,Ngoài phạm vi,Commercial investigation,—
bán cầu lông,Commercial,260,47,0,0,,Loại,Ngoài phạm vi plan,Ngoài phạm vi,Transactional,—
bộ nỉ,Informational,260,12,0,0,,Loại,Ngoài phạm vi plan,Ngoài phạm vi,Informational,—
bộ nỉ adidas,Informational,260,19,0,0,,Loại,Ngoài phạm vi plan,Ngoài phạm vi,Informational,—
bộ vợt cầu lông,Informational,260,53,0.029999999329447746,0,,Loại,Ngoài phạm vi plan,Ngoài phạm vi,Informational,—
calibar 800,Commercial,260,9,0,0,,Loại,Ngoài phạm vi plan,Ngoài phạm vi,Commercial investigation,—
các hãng giày thể thao,Informational,260,8,0.05000000074505806,0,,Loại,Ngoài phạm vi plan,Ngoài phạm vi,Informational,—
các loại cầu lông,Informational,260,7,0,0,,Loại,Ngoài phạm vi plan,Ngoài phạm vi,Informational,—
các loại vợt cầu lông,Informational,260,14,0.029999999329447746,0,,Loại,Ngoài phạm vi plan,Ngoài phạm vi,Informational,—
cách buộc dây rút,Informational,260,23,0,0,,Loại,Ngoài phạm vi plan,Ngoài phạm vi,Informational,—
cách check giày nike chính hãng,Informational,260,10,0.009999999776482582,0,,Loại,Ngoài phạm vi plan,Ngoài phạm vi,Transactional,—
cách cột dây giày đẹp,"Informational, Transactional",260,12,0.009999999776482582,0,,Loại,Ngoài phạm vi plan,Ngoài phạm vi,Informational,—
cách làm sạch giầy da trắng,Informational,260,12,0,0,,Loại,Ngoài phạm vi plan,Ngoài phạm vi,Informational,—
cách thắt dây giày dài,"Informational, Transactional",260,12,0,0,,Loại,Ngoài phạm vi plan,Ngoài phạm vi,Informational,—
cách xỏ dây giày thể thao,"Informational, Transactional",260,10,0.009999999776482582,0,,Loại,Ngoài phạm vi plan,Ngoài phạm vi,Informational,—
căng dây vợt cầu lông,Informational,260,6,0,0,,Loại,Ngoài phạm vi plan,Ngoài phạm vi,Informational,—
căng vợt,Informational,260,10,0,0,,Loại,Ngoài phạm vi plan,Ngoài phạm vi,Informational,—
cột dây giày,"Informational, Transactional",260,14,0.009999999776482582,0,,Loại,Ngoài phạm vi plan,Ngoài phạm vi,Commercial investigation,—
dap cau,"Informational, Transactional",260,14,0,0,,Loại,Ngoài phạm vi plan,Ngoài phạm vi,Commercial investigation,—
dán đế,Informational,260,5,0,0,,Loại,Ngoài phạm vi plan,Ngoài phạm vi,Informational,—
dép cute,Informational,260,8,0,0,,Loại,Ngoài phạm vi plan,Ngoài phạm vi,Informational,—
dép rách,"Informational, Transactional",260,28,0,0,,Loại,Ngoài phạm vi plan,Ngoài phạm vi,Commercial investigation,—
dép thể thao,Informational,260,15,0.07999999821186066,0,,Loại,Ngoài phạm vi plan,Ngoài phạm vi,Informational,—
giày bóng bàn lining,Informational,260,9,0.03999999910593033,0,,Loại,Ngoài phạm vi plan,Ngoài phạm vi,Transactional,—
giày bóng đá sân cỏ nhân tạo,Informational,260,16,0.05000000074505806,0,,Loại,Ngoài phạm vi plan,Ngoài phạm vi,Informational,—
giày hãng,Informational,260,40,0.11999999731779099,0,,Loại,Ngoài phạm vi plan,Ngoài phạm vi,Informational,—
giày không dây,Informational,260,16,0.05999999865889549,0,,Loại,Ngoài phạm vi plan,Ngoài phạm vi,Informational,—
giày đá bóng lining,Informational,260,16,0.03999999910593033,0,,Loại,Ngoài phạm vi plan,Ngoài phạm vi,Informational,—
hanh dep,Informational,260,25,0,0,,Loại,Ngoài phạm vi plan,Ngoài phạm vi,Informational,—
hc1000,Informational,260,8,0,0,,Loại,Ngoài phạm vi plan,Ngoài phạm vi,Informational,—
hãng lining,Transactional,260,35,0.05999999865889549,0,,Loại,Ngoài phạm vi plan,Ngoài phạm vi,Commercial investigation,—
lining 9000,Commercial,260,12,0,0,,Loại,Ngoài phạm vi plan,Ngoài phạm vi,Commercial investigation,—
lining aeronaut 4000,Informational,260,16,0,0,,Loại,Ngoài phạm vi plan,Ngoài phạm vi,Informational,—
lining com,"Navigational, Transactional",260,57,0.05000000074505806,0,,Loại,Ngoài phạm vi plan,Ngoài phạm vi,Commercial investigation,—
lining com vn,Navigational,260,75,0.07999999821186066,0,,Loại,Ngoài phạm vi plan,Ngoài phạm vi,Informational,—
lining là gì,Informational,260,13,0,0,,Loại,Ngoài phạm vi plan,Ngoài phạm vi,Informational,—
lining n99,Informational,260,11,0,0,,Loại,Ngoài phạm vi plan,Ngoài phạm vi,Informational,—
livan,"Informational, Navigational",260,27,0.07000000029802322,0,,Loại,Ngoài phạm vi plan,Ngoài phạm vi,Informational,—
logo các hãng vợt cầu lông,Informational,260,10,0,0,,Loại,Ngoài phạm vi plan,Ngoài phạm vi,Informational,—
luật chơi,Informational,260,12,0,0,,Loại,Ngoài phạm vi plan,Ngoài phạm vi,Informational,—
luật cầu lông đánh đơn,Informational,260,10,0.009999999776482582,0,,Loại,Ngoài phạm vi plan,Ngoài phạm vi,Informational,—
luật giao cầu lông,Informational,260,9,0.009999999776482582,0,,Loại,Ngoài phạm vi plan,Ngoài phạm vi,Informational,—
luật phát cầu lông đánh đôi,Informational,260,8,0.009999999776482582,0,,Loại,Ngoài phạm vi plan,Ngoài phạm vi,Informational,—
lông vũ là gì,Informational,260,12,0,0,,Loại,Ngoài phạm vi plan,Ngoài phạm vi,Informational,—
lộ sịp,Informational,260,26,0,0,,Loại,Ngoài phạm vi plan,Ngoài phạm vi,Informational,—
mang dép,Informational,260,14,0,0,,Loại,Ngoài phạm vi plan,Ngoài phạm vi,Informational,—
mũ lining,Informational,260,10,0.05999999865889549,0,,Loại,Ngoài phạm vi plan,Ngoài phạm vi,Informational,—
mũ lưỡi trai hàng hiệu,Informational,260,17,0.03999999910593033,0,,Loại,Ngoài phạm vi plan,Ngoài phạm vi,Informational,—
mũ nỉ,Informational,260,7,0,0,,Loại,Ngoài phạm vi plan,Ngoài phạm vi,Informational,—
mũ thời trang,Informational,260,11,0.029999999329447746,0,,Loại,Ngoài phạm vi plan,Ngoài phạm vi,Informational,—
sec cầu lông,Informational,260,13,0,0,,Loại,Ngoài phạm vi plan,Ngoài phạm vi,Informational,—
shop bóng chuyền,Commercial,260,18,0,0,,Loại,Ngoài phạm vi plan,Ngoài phạm vi,Transactional,—
sịp sắt,Informational,260,16,0,0,,Loại,Ngoài phạm vi plan,Ngoài phạm vi,Informational,—
tee là gì,Informational,260,12,0,0,,Loại,Ngoài phạm vi plan,Ngoài phạm vi,Informational,—
tee shirt,Informational,260,24,0.07000000029802322,0,,Loại,Ngoài phạm vi plan,Ngoài phạm vi,Informational,—
thanh ngân sport,Commercial,260,24,0,0,,Loại,Ngoài phạm vi plan,Ngoài phạm vi,Commercial investigation,—
thời trang thể thao,Informational,260,20,0.10000000149011612,0,,Loại,Ngoài phạm vi plan,Ngoài phạm vi,Informational,—
túi lining,Informational,260,11,0.03999999910593033,0,,Loại,Ngoài phạm vi plan,Ngoài phạm vi,Informational,—
vợt 5u,Informational,260,13,0,0,,Loại,Ngoài phạm vi plan,Ngoài phạm vi,Informational,—
vợt cầu lông hồng,Informational,260,10,0,0,,Loại,Ngoài phạm vi plan,Ngoài phạm vi,Informational,—
vợt lining chính hãng,Commercial,260,39,0.019999999552965164,0,,Loại,Ngoài phạm vi plan,Ngoài phạm vi,Transactional,—
đế giày cầu lông,Informational,260,9,0.019999999552965164,0,,Loại,Ngoài phạm vi plan,Ngoài phạm vi,Informational,—
đồ bơi liền thân,Informational,260,3,0.05999999865889549,0,,Loại,Ngoài phạm vi plan,Ngoài phạm vi,Informational,—
đồ đánh cầu lông,Informational,260,16,0.07999999821186066,0,,Loại,Ngoài phạm vi plan,Ngoài phạm vi,Informational,—
409 nguyễn khang,Informational,210,28,0,0,,Loại,Ngoài phạm vi plan,Ngoài phạm vi,Informational,—
aeronaut 7000,Informational,210,9,0,0,,Loại,Ngoài phạm vi plan,Ngoài phạm vi,Informational,—
balo đựng vợt cầu lông,Informational,210,9,0.029999999329447746,0,,Loại,Ngoài phạm vi plan,Ngoài phạm vi,Informational,—
buộc dây,Informational,210,17,0,0,,Loại,Ngoài phạm vi plan,Ngoài phạm vi,Informational,—
bó gối lining,Informational,210,4,0.07000000029802322,0,,Loại,Ngoài phạm vi plan,Ngoài phạm vi,Informational,—
băng đầu thể thao,Informational,210,9,0.09000000357627869,0,,Loại,Ngoài phạm vi plan,Ngoài phạm vi,Informational,—
bộ thu đông,Informational,210,10,0,0,,Loại,Ngoài phạm vi plan,Ngoài phạm vi,Informational,—
cách buộc,Informational,210,14,0,0,,Loại,Ngoài phạm vi plan,Ngoài phạm vi,Informational,—
cách buộc dây giày không bị tuột,Informational,210,26,0,0,,Loại,Ngoài phạm vi plan,Ngoài phạm vi,Informational,—
cách buộc dây giày thừa,"Informational, Transactional",210,11,0,0,,Loại,Ngoài phạm vi plan,Ngoài phạm vi,Informational,—
cách buộc giày,"Informational, Transactional",210,13,0,0,,Loại,Ngoài phạm vi plan,Ngoài phạm vi,Informational,—
cách chọn giày thể thao phù hợp,Informational,210,9,0,0,,Loại,Ngoài phạm vi plan,Ngoài phạm vi,Informational,—
cách chọn vợt cầu lông,Informational,210,11,0.009999999776482582,0,,Loại,Ngoài phạm vi plan,Ngoài phạm vi,Informational,—
cách cột dây,Informational,210,26,0,0,,Loại,Ngoài phạm vi plan,Ngoài phạm vi,Informational,—
cách tính điểm cầu lông,Informational,210,8,0.009999999776482582,0,,Loại,Ngoài phạm vi plan,Ngoài phạm vi,Informational,—
cán vợt cầu lông,Informational,210,8,0.009999999776482582,0,,Loại,Ngoài phạm vi plan,Ngoài phạm vi,Informational,—
cước lining no1,Informational,210,9,0,0,,Loại,Ngoài phạm vi plan,Ngoài phạm vi,Informational,—
dán giày thể thao,Commercial,210,11,0.11999999731779099,0,,Loại,Ngoài phạm vi plan,Ngoài phạm vi,Commercial investigation,—
dép coach,Informational,210,18,0.07000000029802322,0,,Loại,Ngoài phạm vi plan,Ngoài phạm vi,Informational,—
dép lười,Informational,210,16,0.12999999523162842,0,,Loại,Ngoài phạm vi plan,Ngoài phạm vi,Informational,—
giày bóng chuyền beyono,"Informational, Transactional",210,9,0.03999999910593033,0,,Loại,Ngoài phạm vi plan,Ngoài phạm vi,Commercial investigation,—
giày bóng chuyền nike,Informational,210,9,0.07000000029802322,0,,Loại,Ngoài phạm vi plan,Ngoài phạm vi,Informational,—
giày chạy lining,Transactional,210,10,0.03999999910593033,0,,Loại,Ngoài phạm vi plan,Ngoài phạm vi,Comparison,—
giày cầu lông chính hãng,Informational,210,14,0.03999999910593033,0,,Loại,Ngoài phạm vi plan,Ngoài phạm vi,Transactional,—
giày lining sale,Transactional,210,10,0.05000000074505806,0,,Loại,Ngoài phạm vi plan,Ngoài phạm vi,Commercial investigation,—
giày nike trẻ em,Informational,210,12,0.05999999865889549,0,,Loại,Ngoài phạm vi plan,Ngoài phạm vi,Informational,—
giày sân cỏ nhân tạo,Informational,210,22,0.03999999910593033,0,,Loại,Ngoài phạm vi plan,Ngoài phạm vi,Informational,—
giày thể thao bóng chuyền,Informational,210,9,0,0,,Loại,Ngoài phạm vi plan,Ngoài phạm vi,Informational,—
giá căng vợt cầu lông,Informational,210,6,0,0,,Loại,Ngoài phạm vi plan,Ngoài phạm vi,Transactional,—
giá dép,Informational,210,14,0,0,,Loại,Ngoài phạm vi plan,Ngoài phạm vi,Transactional,—
hãng giày nổi tiếng,Informational,210,9,0.05000000074505806,0,,Loại,Ngoài phạm vi plan,Ngoài phạm vi,Informational,—
hãng giày sneaker,Informational,210,8,0.029999999329447746,0,,Loại,Ngoài phạm vi plan,Ngoài phạm vi,Informational,—
li ning wade,Informational,210,16,0.07000000029802322,0,,Loại,Ngoài phạm vi plan,Ngoài phạm vi,Informational,—
lining 4000c,Informational,210,10,0,0,,Loại,Ngoài phạm vi plan,Ngoài phạm vi,Informational,—
lining 80tf,Informational,210,9,0,0,,Loại,Ngoài phạm vi plan,Ngoài phạm vi,Informational,—
lining calibar 200,Informational,210,9,0,0,,Loại,Ngoài phạm vi plan,Ngoài phạm vi,Informational,—
lining calibar 600c,Informational,210,10,0,0,,Loại,Ngoài phạm vi plan,Ngoài phạm vi,Informational,—
lining sale,"Navigational, Transactional",210,10,0.03999999910593033,0,,Loại,Ngoài phạm vi plan,Ngoài phạm vi,Commercial investigation,—
lining sport,Navigational,210,32,0.05000000074505806,0,,Loại,Ngoài phạm vi plan,Ngoài phạm vi,Informational,—
luật chơi cầu lông đôi,Informational,210,12,0.009999999776482582,0,,Loại,Ngoài phạm vi plan,Ngoài phạm vi,Informational,—
luật giao cầu lông đôi,Informational,210,13,0.009999999776482582,0,,Loại,Ngoài phạm vi plan,Ngoài phạm vi,Informational,—
luật đánh đôi cầu lông,Informational,210,12,0.009999999776482582,0,,Loại,Ngoài phạm vi plan,Ngoài phạm vi,Informational,—
luật đánh đơn cầu lông,Informational,210,13,0.009999999776482582,0,,Loại,Ngoài phạm vi plan,Ngoài phạm vi,Informational,—
lưỡi gà giày,Informational,210,11,0,0,,Loại,Ngoài phạm vi plan,Ngoài phạm vi,Informational,—
mũ thể thao,Informational,210,10,0.05000000074505806,0,,Loại,Ngoài phạm vi plan,Ngoài phạm vi,Informational,—
mũ tròn,Informational,210,11,0.05000000074505806,0,,Loại,Ngoài phạm vi plan,Ngoài phạm vi,Informational,—
nên căng vợt cầu lông bao nhiêu kg,Informational,210,11,0,0,,Loại,Ngoài phạm vi plan,Ngoài phạm vi,Informational,—
nón lưới,Informational,210,9,0.10000000149011612,0,,Loại,Ngoài phạm vi plan,Ngoài phạm vi,Informational,—
shop bán vợt cầu lông,Commercial,210,66,0.029999999329447746,0,,Loại,Ngoài phạm vi plan,Ngoài phạm vi,Transactional,—
sách dép,Informational,210,13,0,0,,Loại,Ngoài phạm vi plan,Ngoài phạm vi,Informational,—
tay dài,Informational,210,12,0,0,,Loại,Ngoài phạm vi plan,Ngoài phạm vi,Informational,—
turbo charging 20d,Informational,210,6,0,0,,Loại,Ngoài phạm vi plan,Ngoài phạm vi,Informational,—
túi cầu lông lining,Informational,210,9,0.029999999329447746,0,,Loại,Ngoài phạm vi plan,Ngoài phạm vi,Informational,—
túi vợt lining,Informational,210,9,0.029999999329447746,0,,Loại,Ngoài phạm vi plan,Ngoài phạm vi,Informational,—
vợt calibar 300b,Informational,210,10,0.07999999821186066,0,,Loại,Ngoài phạm vi plan,Ngoài phạm vi,Informational,—
vợt cầu lông lining chính hãng,Informational,210,28,0.029999999329447746,0,,Loại,Ngoài phạm vi plan,Ngoài phạm vi,Transactional,—
vợt phôi,Informational,210,6,0,0,,Loại,Ngoài phạm vi plan,Ngoài phạm vi,Informational,—
xi líp,Informational,210,30,0,0,,Loại,Ngoài phạm vi plan,Ngoài phạm vi,Informational,—
đế giày bóng rổ,Informational,210,8,0,0,,Loại,Ngoài phạm vi plan,Ngoài phạm vi,Informational,—
đế giày thể thao,Informational,210,6,0.029999999329447746,0,,Loại,Ngoài phạm vi plan,Ngoài phạm vi,Informational,—
đồ thu đông,Informational,210,11,0,0,,Loại,Ngoài phạm vi plan,Ngoài phạm vi,Informational,—
592 trường chinh,Informational,170,21,0,0,,Loại,Ngoài phạm vi plan,Ngoài phạm vi,Informational,—
7v,Informational,170,16,0,0,,Loại,Ngoài phạm vi plan,Ngoài phạm vi,Informational,—
ba l,Informational,170,13,0,0,,Loại,Ngoài phạm vi plan,Ngoài phạm vi,Informational,—
banh thăng long,Informational,170,4,0,0,,Loại,Ngoài phạm vi plan,Ngoài phạm vi,Informational,—
bano,Informational,170,27,0,0,,Loại,Ngoài phạm vi plan,Ngoài phạm vi,Informational,—
băng chặn mồ hôi,Informational,170,9,0,0,,Loại,Ngoài phạm vi plan,Ngoài phạm vi,Informational,—
băng tay thể thao,Informational,170,9,0.07000000029802322,0,,Loại,Ngoài phạm vi plan,Ngoài phạm vi,Informational,—
check giày nike chính hãng,Informational,170,7,0.03999999910593033,0,,Loại,Ngoài phạm vi plan,Ngoài phạm vi,Transactional,—
các hãng giày thể thao nổi tiếng,Informational,170,8,0.03999999910593033,0,,Loại,Ngoài phạm vi plan,Ngoài phạm vi,Informational,—
các loại cước cầu lông,Informational,170,3,0,0,,Loại,Ngoài phạm vi plan,Ngoài phạm vi,Informational,—
các loại dép,Informational,170,9,0,0,,Loại,Ngoài phạm vi plan,Ngoài phạm vi,Informational,—
cách buộc dây giày giấu dây,Informational,170,8,0,0,,Loại,Ngoài phạm vi plan,Ngoài phạm vi,Informational,—
cách buộc dây giày đá bóng,"Informational, Transactional",170,9,0,0,,Loại,Ngoài phạm vi plan,Ngoài phạm vi,Informational,—
cách cầm vợt bóng bàn,"Informational, Transactional",170,12,0,0,,Loại,Ngoài phạm vi plan,Ngoài phạm vi,Informational,—
cách phát cầu lông,"Informational, Transactional",170,12,0,0,,Loại,Ngoài phạm vi plan,Ngoài phạm vi,Informational,—
cách thắt nút dây giày,"Informational, Transactional",170,9,0,0,,Loại,Ngoài phạm vi plan,Ngoài phạm vi,Informational,—
cách vệ sinh giày,Informational,170,13,0.029999999329447746,0,,Loại,Ngoài phạm vi plan,Ngoài phạm vi,Informational,—
cách xếp nội vụ,"Informational, Transactional",170,27,0,0,,Loại,Ngoài phạm vi plan,Ngoài phạm vi,Informational,—
cách xỏ dây giày không cần buộc,"Informational, Transactional",170,11,0,0,,Loại,Ngoài phạm vi plan,Ngoài phạm vi,Informational,—
cách xỏ dây giày thể thao đẹp,"Informational, Transactional",170,11,0.009999999776482582,0,,Loại,Ngoài phạm vi plan,Ngoài phạm vi,Informational,—
cách đánh cầu lông mạnh,"Informational, Transactional",170,12,0,0,,Loại,Ngoài phạm vi plan,Ngoài phạm vi,Informational,—
cách đập cầu,Informational,170,20,0,0,,Loại,Ngoài phạm vi plan,Ngoài phạm vi,Informational,—
cái vợt,Informational,170,23,0,0,,Loại,Ngoài phạm vi plan,Ngoài phạm vi,Informational,—
căng lưới vợt cầu lông,Informational,170,4,0,0,,Loại,Ngoài phạm vi plan,Ngoài phạm vi,Informational,—
cầu lông là gì,Informational,170,18,0,0,,Loại,Ngoài phạm vi plan,Ngoài phạm vi,Informational,—
cửa hàng lining tphcm,Navigational,170,17,0.029999999329447746,0,,Loại,Ngoài phạm vi plan,Ngoài phạm vi,Informational,—
dép siêu nhẹ,Informational,170,8,0.029999999329447746,0,,Loại,Ngoài phạm vi plan,Ngoài phạm vi,Informational,—
dép độn,Informational,170,23,0,0,,Loại,Ngoài phạm vi plan,Ngoài phạm vi,Informational,—
dụng cụ cầu lông,Commercial,170,21,0,0,,Loại,Ngoài phạm vi plan,Ngoài phạm vi,Commercial investigation,—
giày bay,"Informational, Transactional",170,17,0,0,,Loại,Ngoài phạm vi plan,Ngoài phạm vi,Commercial investigation,—
giày bóng chuyền sân be tông,Informational,170,14,0.029999999329447746,0,,Loại,Ngoài phạm vi plan,Ngoài phạm vi,Informational,—
giày bẩn,Informational,170,9,0,0,,Loại,Ngoài phạm vi plan,Ngoài phạm vi,Informational,—
giày cầu lông trẻ em,Informational,170,9,0.029999999329447746,0,,Loại,Ngoài phạm vi plan,Ngoài phạm vi,Informational,—
giày mizuno bóng chuyền,"Informational, Transactional",170,16,0.029999999329447746,0,,Loại,Ngoài phạm vi plan,Ngoài phạm vi,Commercial investigation,—
giày đánh cầu,Informational,170,10,0.05000000074505806,0,,Loại,Ngoài phạm vi plan,Ngoài phạm vi,Informational,—
giầy cầu lông lining cao cấp,Informational,170,8,0.03999999910593033,0,,Loại,Ngoài phạm vi plan,Ngoài phạm vi,Informational,—
giầy cầu lông lining chinh hang,Informational,170,13,0.05000000074505806,0,,Loại,Ngoài phạm vi plan,Ngoài phạm vi,Transactional,—
giầy đá bóng cỏ nhân tạo,Commercial,170,21,0.029999999329447746,0,,Loại,Ngoài phạm vi plan,Ngoài phạm vi,Commercial investigation,—
high lining,Informational,170,9,0,0,,Loại,Ngoài phạm vi plan,Ngoài phạm vi,Informational,—
khăn thể thao,Informational,170,3,0.10999999940395355,0,,Loại,Ngoài phạm vi plan,Ngoài phạm vi,Informational,—
kinh boi loi,Commercial,170,4,0,0,,Loại,Ngoài phạm vi plan,Ngoài phạm vi,Commercial investigation,—
lam sport,Informational,170,25,0,0,,Loại,Ngoài phạm vi plan,Ngoài phạm vi,Informational,—
leo vatino,Informational,170,23,0.10000000149011612,0,,Loại,Ngoài phạm vi plan,Ngoài phạm vi,Informational,—
li ning shoes,"Navigational, Transactional",170,33,0.03999999910593033,0,,Loại,Ngoài phạm vi plan,Ngoài phạm vi,Commercial investigation,—
li ning sneakers,"Informational, Transactional",170,20,0.03999999910593033,0,,Loại,Ngoài phạm vi plan,Ngoài phạm vi,Commercial investigation,—
li ning tuyển dụng,Informational,170,16,0.019999999552965164,0,,Loại,Ngoài phạm vi plan,Ngoài phạm vi,Informational,—
lightning giày,Informational,170,13,0.03999999910593033,0,,Loại,Ngoài phạm vi plan,Ngoài phạm vi,Informational,—
lin collection,"Informational, Transactional",170,29,0.029999999329447746,0,,Loại,Ngoài phạm vi plan,Ngoài phạm vi,Commercial investigation,—
lini,Informational,170,31,0,0,,Loại,Ngoài phạm vi plan,Ngoài phạm vi,Informational,—
lining 3d calibar 300b,Informational,170,11,0,0,,Loại,Ngoài phạm vi plan,Ngoài phạm vi,Informational,—
lining 7000i,Informational,170,7,0,0,,Loại,Ngoài phạm vi plan,Ngoài phạm vi,Informational,—
lining aeronaut 4000 b,Informational,170,9,0,0,,Loại,Ngoài phạm vi plan,Ngoài phạm vi,Informational,—
lining aeronaut 7000,Informational,170,14,0,0,,Loại,Ngoài phạm vi plan,Ngoài phạm vi,Informational,—
lining aeronaut 7000i,Informational,170,6,0,0,,Loại,Ngoài phạm vi plan,Ngoài phạm vi,Informational,—
lining calibar 001c,Commercial,170,9,0,0,,Loại,Ngoài phạm vi plan,Ngoài phạm vi,Commercial investigation,—
lining calibar 600,Informational,170,8,0,0,,Loại,Ngoài phạm vi plan,Ngoài phạm vi,Informational,—
lining calibar 900,Informational,170,9,0,0,,Loại,Ngoài phạm vi plan,Ngoài phạm vi,Informational,—
lining turbo charging 01d,"Informational, Transactional",170,14,0,0,,Loại,Ngoài phạm vi plan,Ngoài phạm vi,Commercial investigation,—
lining turbo charging 20d,Informational,170,14,0,0,,Loại,Ngoài phạm vi plan,Ngoài phạm vi,Informational,—
lining tuyển dụng,Informational,170,17,0.019999999552965164,0,,Loại,Ngoài phạm vi plan,Ngoài phạm vi,Informational,—
luật thi đấu cầu lông,Informational,170,8,0.009999999776482582,0,,Loại,Ngoài phạm vi plan,Ngoài phạm vi,Informational,—
luật đánh cầu lông đơn,Informational,170,12,0.009999999776482582,0,,Loại,Ngoài phạm vi plan,Ngoài phạm vi,Informational,—
lót giày mizuno,Informational,170,7,0.12999999523162842,0,,Loại,Ngoài phạm vi plan,Ngoài phạm vi,Informational,—
lông vũ là lông gì,Informational,170,10,0,0,,Loại,Ngoài phạm vi plan,Ngoài phạm vi,Informational,—
max blade,Informational,170,4,0.05999999865889549,0,,Loại,Ngoài phạm vi plan,Ngoài phạm vi,Informational,—
mua cầu lông,Commercial,170,55,0.12999999523162842,0,,Loại,Ngoài phạm vi plan,Ngoài phạm vi,Transactional,—
mũ lưỡi trai đẹp,Informational,170,16,0.03999999910593033,0,,Loại,Ngoài phạm vi plan,Ngoài phạm vi,Informational,—
phao lông vũ,Informational,170,17,0,0,,Loại,Ngoài phạm vi plan,Ngoài phạm vi,Informational,—
quai dép,Informational,170,9,0.029999999329447746,0,,Loại,Ngoài phạm vi plan,Ngoài phạm vi,Informational,—
shirt nghĩa là gì,Informational,170,20,0,0,,Loại,Ngoài phạm vi plan,Ngoài phạm vi,Informational,—
shop giày bóng chuyền,Informational,170,22,0,0,,Loại,Ngoài phạm vi plan,Ngoài phạm vi,Transactional,—
storage ning.com,Informational,170,56,0.30000001192092896,0,,Loại,Ngoài phạm vi plan,Ngoài phạm vi,Informational,—
thương hiệu giày nổi tiếng,Informational,170,7,0.10000000149011612,0,,Loại,Ngoài phạm vi plan,Ngoài phạm vi,Informational,—
thắt dây giày đẹp,"Informational, Transactional",170,12,0.009999999776482582,0,,Loại,Ngoài phạm vi plan,Ngoài phạm vi,Commercial investigation,—
túi trống nike,Informational,170,12,0.07000000029802322,0,,Loại,Ngoài phạm vi plan,Ngoài phạm vi,Informational,—
vạch tính điểm cầu lông đơn,Informational,170,9,0,0,,Loại,Ngoài phạm vi plan,Ngoài phạm vi,Informational,—
vợt cầu lông cho người mới,Informational,170,17,0.029999999329447746,0,,Loại,Ngoài phạm vi plan,Ngoài phạm vi,Informational,—
vợt cầu lông hạ long,"Informational, Transactional",170,14,0,0,,Loại,Ngoài phạm vi plan,Ngoài phạm vi,Commercial investigation,—
vợt cầu lông khổng lồ,Informational,170,16,0,0,,Loại,Ngoài phạm vi plan,Ngoài phạm vi,Informational,—
vợt cầu lông rẻ,Informational,170,30,0.019999999552965164,0,,Loại,Ngoài phạm vi plan,Ngoài phạm vi,Informational,—
vợt cầu lông tốt,Informational,170,48,0.019999999552965164,0,,Loại,Ngoài phạm vi plan,Ngoài phạm vi,Informational,—
xilip,Informational,170,31,0,0,,Loại,Ngoài phạm vi plan,Ngoài phạm vi,Informational,—
đồ bóng chuyền beyono,"Informational, Transactional",170,10,0.07000000029802322,0,,Loại,Ngoài phạm vi plan,Ngoài phạm vi,Commercial investigation,—
đồ bơi đẹp,Informational,170,38,0.05000000074505806,0,,Loại,Ngoài phạm vi plan,Ngoài phạm vi,Informational,—
ảnh dép,Informational,170,19,0,0,,Loại,Ngoài phạm vi plan,Ngoài phạm vi,Informational,—
aeronaut 8000,Informational,140,9,0,0,,Loại,Ngoài phạm vi plan,Ngoài phạm vi,Informational,—
aocaulong,"Informational, Transactional",140,28,0,0,,Loại,Ngoài phạm vi plan,Ngoài phạm vi,Commercial investigation,—
aos khoác,Informational,140,47,0,0,,Loại,Ngoài phạm vi plan,Ngoài phạm vi,Informational,—
balo linh,Informational,140,16,0.07000000029802322,0,,Loại,Ngoài phạm vi plan,Ngoài phạm vi,Informational,—
ban dep,Informational,140,44,0,0,,Loại,Ngoài phạm vi plan,Ngoài phạm vi,Transactional,—
bao vợt,Informational,140,9,0.029999999329447746,0,,Loại,Ngoài phạm vi plan,Ngoài phạm vi,Informational,—
bao vợt lining,Informational,140,6,0.03999999910593033,0,,Loại,Ngoài phạm vi plan,Ngoài phạm vi,Informational,—
baya vietnam,Informational,140,16,0.18000000715255737,0,,Loại,Ngoài phạm vi plan,Ngoài phạm vi,Informational,—
bengo vn,"Navigational, Transactional",140,41,0,0,,Loại,Ngoài phạm vi plan,Ngoài phạm vi,Commercial investigation,—
bóng thăng long,"Informational, Transactional",140,9,0.03999999910593033,0,,Loại,Ngoài phạm vi plan,Ngoài phạm vi,Commercial investigation,—
bộ gió lining,"Informational, Transactional",140,9,0,0,,Loại,Ngoài phạm vi plan,Ngoài phạm vi,Commercial investigation,—
bộ thể thao lining,Informational,140,9,0.05000000074505806,0,,Loại,Ngoài phạm vi plan,Ngoài phạm vi,Informational,—
calibar 900i,Informational,140,10,0,0,,Loại,Ngoài phạm vi plan,Ngoài phạm vi,Informational,—
calvin klein hà nội,Commercial,140,17,0.05000000074505806,0,,Loại,Ngoài phạm vi plan,Ngoài phạm vi,Commercial investigation,—
check mã vợt yonex,Informational,140,16,0,0,,Loại,Ngoài phạm vi plan,Ngoài phạm vi,Informational,—
các cách buộc dây giày,"Informational, Transactional",140,11,0,0,,Loại,Ngoài phạm vi plan,Ngoài phạm vi,Informational,—
các hãng vợt cầu lông nổi tiếng,Informational,140,8,0,0,,Loại,Ngoài phạm vi plan,Ngoài phạm vi,Informational,—
các loại giày tây,Informational,140,8,0.019999999552965164,0,,Loại,Ngoài phạm vi plan,Ngoài phạm vi,Informational,—
cách buộc dây giày sneaker 5 lỗ,"Informational, Transactional",140,11,0,0,,Loại,Ngoài phạm vi plan,Ngoài phạm vi,Informational,—
cách buộc dây giày đơn giản,"Informational, Transactional",140,14,0,0,,Loại,Ngoài phạm vi plan,Ngoài phạm vi,Informational,—
cách cầm vợt,"Informational, Transactional",140,12,0,0,,Loại,Ngoài phạm vi plan,Ngoài phạm vi,Informational,—
cách cột dây giày thể thao,"Informational, Transactional",140,12,0.009999999776482582,0,,Loại,Ngoài phạm vi plan,Ngoài phạm vi,Informational,—
cách gấp nội vụ,Informational,140,22,0,0,,Loại,Ngoài phạm vi plan,Ngoài phạm vi,Informational,—
cách thắt dây rút,Informational,140,21,0,0,,Loại,Ngoài phạm vi plan,Ngoài phạm vi,Informational,—
cách vệ sinh giày thể thao,Informational,140,9,0.009999999776482582,0,,Loại,Ngoài phạm vi plan,Ngoài phạm vi,Informational,—
cách đan dây giày,"Informational, Transactional",140,12,0,0,,Loại,Ngoài phạm vi plan,Ngoài phạm vi,Informational,—
cách đeo túi vợt cầu lông,"Informational, Transactional",140,6,0,0,,Loại,Ngoài phạm vi plan,Ngoài phạm vi,Informational,—
căng vợt cầu lông bao nhiêu tiền,Informational,140,8,0,0,,Loại,Ngoài phạm vi plan,Ngoài phạm vi,Informational,—
cặp cầu lông,Informational,140,10,0.029999999329447746,0,,Loại,Ngoài phạm vi plan,Ngoài phạm vi,Informational,—
dán keo giày,Informational,140,9,0.14000000059604645,0,,Loại,Ngoài phạm vi plan,Ngoài phạm vi,Informational,—
dép giày,Informational,140,35,0,0,,Loại,Ngoài phạm vi plan,Ngoài phạm vi,Informational,—
dép ngành,Informational,140,8,0,0,,Loại,Ngoài phạm vi plan,Ngoài phạm vi,Informational,—
dép the north face,Informational,140,10,0,0,,Loại,Ngoài phạm vi plan,Ngoài phạm vi,Informational,—
giày bóng chuyền chính hãng,Informational,140,16,0.05000000074505806,0,,Loại,Ngoài phạm vi plan,Ngoài phạm vi,Transactional,—
giày cỏ nhân tạo,Informational,140,21,0.03999999910593033,0,,Loại,Ngoài phạm vi plan,Ngoài phạm vi,Informational,—
giày thể thao cầu lông,Informational,140,18,0.029999999329447746,0,,Loại,Ngoài phạm vi plan,Ngoài phạm vi,Informational,—
giày thể thao không dây,Informational,140,25,0.05000000074505806,0,,Loại,Ngoài phạm vi plan,Ngoài phạm vi,Informational,—
giày đá bóng vizeno,Informational,140,22,0,0,,Loại,Ngoài phạm vi plan,Ngoài phạm vi,Informational,—
giá vợt cầu lông lining,Informational,140,11,0.019999999552965164,0,,Loại,Ngoài phạm vi plan,Ngoài phạm vi,Transactional,—
giá vợt lining,Informational,140,41,0.019999999552965164,0,,Loại,Ngoài phạm vi plan,Ngoài phạm vi,Transactional,—
hoa ni,"Informational, Transactional",140,24,0,0,,Loại,Ngoài phạm vi plan,Ngoài phạm vi,Commercial investigation,—
hãng giày thể thao,Informational,140,9,0.029999999329447746,0,,Loại,Ngoài phạm vi plan,Ngoài phạm vi,Informational,—
hình ảnh vợt cầu lông,Informational,140,9,0,0,,Loại,Ngoài phạm vi plan,Ngoài phạm vi,Informational,—
ining,Navigational,140,59,0,0,,Loại,Ngoài phạm vi plan,Ngoài phạm vi,Informational,—
insole là gì,Informational,140,11,0,0,,Loại,Ngoài phạm vi plan,Ngoài phạm vi,Informational,—
kelin,Informational,140,24,0,0,,Loại,Ngoài phạm vi plan,Ngoài phạm vi,Informational,—
kurono,Informational,140,11,0,0,,Loại,Ngoài phạm vi plan,Ngoài phạm vi,Informational,—
lening,Informational,140,59,0.23999999463558197,0,,Loại,Ngoài phạm vi plan,Ngoài phạm vi,Informational,—
li ling,"Informational, Navigational",140,58,0.03999999910593033,0,,Loại,Ngoài phạm vi plan,Ngoài phạm vi,Informational,—
liding,Informational,140,30,0,0,,Loại,Ngoài phạm vi plan,Ngoài phạm vi,Informational,—
lining 3d break free 80tf,"Informational, Transactional",140,5,0,0,,Loại,Ngoài phạm vi plan,Ngoài phạm vi,Commercial investigation,—
lining calibar 001,Informational,140,9,0,0,,Loại,Ngoài phạm vi plan,Ngoài phạm vi,Informational,—
lining calibar 500,Informational,140,9,0,0,,Loại,Ngoài phạm vi plan,Ngoài phạm vi,Informational,—
lining cầu giấy,Navigational,140,16,0.03999999910593033,0,,Loại,Ngoài phạm vi plan,Ngoài phạm vi,Informational,—
lining hà đông,"Informational, Transactional",140,20,0.029999999329447746,0,,Loại,Ngoài phạm vi plan,Ngoài phạm vi,Commercial investigation,—
lining thanh hóa,Navigational,140,22,0.029999999329447746,0,,Loại,Ngoài phạm vi plan,Ngoài phạm vi,Informational,—
lining wade,Informational,140,10,0,0,,Loại,Ngoài phạm vi plan,Ngoài phạm vi,Informational,—
long sịp,"Informational, Transactional",140,28,0,0,,Loại,Ngoài phạm vi plan,Ngoài phạm vi,Commercial investigation,—
luật chơi cầu lông đơn,Informational,140,9,0.009999999776482582,0,,Loại,Ngoài phạm vi plan,Ngoài phạm vi,Informational,—
lyn hà nội,Transactional,140,22,0.10000000149011612,0,,Loại,Ngoài phạm vi plan,Ngoài phạm vi,Commercial investigation,—
lót giày bóng rổ,Informational,140,16,0.12999999523162842,0,,Loại,Ngoài phạm vi plan,Ngoài phạm vi,Informational,—
lưỡi gà của giày,Informational,140,9,0,0,,Loại,Ngoài phạm vi plan,Ngoài phạm vi,Informational,—
mizuno vn,"Informational, Transactional",140,27,0.05000000074505806,0,,Loại,Ngoài phạm vi plan,Ngoài phạm vi,Commercial investigation,—
máy căng vợt cầu lông,Informational,140,7,0.03999999910593033,0,,Loại,Ngoài phạm vi plan,Ngoài phạm vi,Informational,—
mũ lính,Informational,140,10,0,0,,Loại,Ngoài phạm vi plan,Ngoài phạm vi,Informational,—
mẫu giày,Informational,140,34,0,0,,Loại,Ngoài phạm vi plan,Ngoài phạm vi,Informational,—
pabno,Commercial,140,29,0.03999999910593033,0,,Loại,Ngoài phạm vi plan,Ngoài phạm vi,Commercial investigation,—
qn sport,Informational,140,47,0,0,,Loại,Ngoài phạm vi plan,Ngoài phạm vi,Informational,—
shop bán đồ bơi,Commercial,140,14,0.05999999865889549,0,,Loại,Ngoài phạm vi plan,Ngoài phạm vi,Transactional,—
shop lin,Commercial,140,38,0,0,,Loại,Ngoài phạm vi plan,Ngoài phạm vi,Transactional,—
shop thời trang li ning,Transactional,140,27,0,0,,Loại,Ngoài phạm vi plan,Ngoài phạm vi,Transactional,—
sneaker lining,Informational,140,13,0.03999999910593033,0,,Loại,Ngoài phạm vi plan,Ngoài phạm vi,Informational,—
t shirt nghĩa là gì,Informational,140,22,0,0,,Loại,Ngoài phạm vi plan,Ngoài phạm vi,Informational,—
thay dây vợt cầu lông bao nhiêu tiền,Informational,140,8,0,0,,Loại,Ngoài phạm vi plan,Ngoài phạm vi,Comparison,—
trai dep suc,Informational,140,9,0,0,,Loại,Ngoài phạm vi plan,Ngoài phạm vi,Informational,—
trang li,Informational,140,41,0,0,,Loại,Ngoài phạm vi plan,Ngoài phạm vi,Informational,—
turbo charging 50c,Informational,140,11,0,0,,Loại,Ngoài phạm vi plan,Ngoài phạm vi,Informational,—
túi lông,Informational,140,6,0.05000000074505806,0,,Loại,Ngoài phạm vi plan,Ngoài phạm vi,Informational,—
túi đựng cầu lông,Informational,140,8,0.03999999910593033,0,,Loại,Ngoài phạm vi plan,Ngoài phạm vi,Informational,—
umbro vietnam,Informational,140,18,0.05000000074505806,0,,Loại,Ngoài phạm vi plan,Ngoài phạm vi,Informational,—
vans hà đông,Informational,140,12,0,0,,Loại,Ngoài phạm vi plan,Ngoài phạm vi,Informational,—
vợt cầu lông carbon,Informational,140,5,0.019999999552965164,0,,Loại,Ngoài phạm vi plan,Ngoài phạm vi,Informational,—
vợt cầu lông công thủ toàn diện,Informational,140,8,0,0,,Loại,Ngoài phạm vi plan,Ngoài phạm vi,Informational,—
vợt cầu lông nike,"Informational, Transactional",140,9,0,0,,Loại,Ngoài phạm vi plan,Ngoài phạm vi,Commercial investigation,—
vợt lining calibar 300c,Informational,140,6,0.09000000357627869,0,,Loại,Ngoài phạm vi plan,Ngoài phạm vi,Informational,—
vợt lining windstorm 72,Commercial,140,9,0,0,,Loại,Ngoài phạm vi plan,Ngoài phạm vi,Commercial investigation,—
xỏ dây giày đẹp,"Informational, Transactional",140,12,0.009999999776482582,0,,Loại,Ngoài phạm vi plan,Ngoài phạm vi,Commercial investigation,—
đồ bơi bikini,Commercial,140,55,0,0,,Loại,Ngoài phạm vi plan,Ngoài phạm vi,Commercial investigation,—
đồ đông,Informational,140,13,0,0,,Loại,Ngoài phạm vi plan,Ngoài phạm vi,Informational,—
3d break free 80tf,Informational,110,7,0,0,,Loại,Ngoài phạm vi plan,Ngoài phạm vi,Informational,—
active sports,Commercial,110,25,0.11999999731779099,0,,Loại,Ngoài phạm vi plan,Ngoài phạm vi,Commercial investigation,—
balo lining chính hãng,"Informational, Transactional",110,10,0.03999999910593033,0,,Loại,Ngoài phạm vi plan,Ngoài phạm vi,Transactional,—
balono1,Navigational,110,38,0.14000000059604645,0,,Loại,Ngoài phạm vi plan,Ngoài phạm vi,Informational,—
bao đựng vợt cầu lông,Informational,110,7,0.029999999329447746,0,,Loại,Ngoài phạm vi plan,Ngoài phạm vi,Informational,—
betony,Informational,110,12,0,0,,Loại,Ngoài phạm vi plan,Ngoài phạm vi,Informational,—
biên bản thi đấu cầu lông,Informational,110,9,0,0,,Loại,Ngoài phạm vi plan,Ngoài phạm vi,Transactional,—
blade pro,Informational,110,4,0,0,,Loại,Ngoài phạm vi plan,Ngoài phạm vi,Informational,—
blueno,Informational,110,28,0,0,,Loại,Ngoài phạm vi plan,Ngoài phạm vi,Informational,—
buono,Informational,110,33,0,0,,Loại,Ngoài phạm vi plan,Ngoài phạm vi,Informational,—
buộc dây giày giấu dây,Informational,110,8,0,0,,Loại,Ngoài phạm vi plan,Ngoài phạm vi,Informational,—
bó gối lp,Informational,110,5,0.029999999329447746,0,,Loại,Ngoài phạm vi plan,Ngoài phạm vi,Informational,—
bóng chuyền 7400,Informational,110,5,0,0,,Loại,Ngoài phạm vi plan,Ngoài phạm vi,Informational,—
băng đeo đầu,Informational,110,13,0.12999999523162842,0,,Loại,Ngoài phạm vi plan,Ngoài phạm vi,Transactional,—
canon trắng,Informational,110,11,0,0,,Loại,Ngoài phạm vi plan,Ngoài phạm vi,Informational,—
check vợt lining,Informational,110,7,0,0,,Loại,Ngoài phạm vi plan,Ngoài phạm vi,Informational,—
chiều dài vợt cầu lông,Informational,110,9,0,0,,Loại,Ngoài phạm vi plan,Ngoài phạm vi,Informational,—
choibongrovn,Navigational,110,38,0,0,,Loại,Ngoài phạm vi plan,Ngoài phạm vi,Informational,—
các thương hiệu giày nổi tiếng,Informational,110,8,0.07999999821186066,0,,Loại,Ngoài phạm vi plan,Ngoài phạm vi,Informational,—
các thương hiệu mũ lưỡi trai nổi tiếng,Informational,110,5,0.03999999910593033,0,,Loại,Ngoài phạm vi plan,Ngoài phạm vi,Informational,—
cách buộc dây giày tây,Informational,110,9,0,0,,Loại,Ngoài phạm vi plan,Ngoài phạm vi,Informational,—
cách kiểm tra giày asics chính hãng,Informational,110,16,0,0,,Loại,Ngoài phạm vi plan,Ngoài phạm vi,Transactional,—
cách thắt giày,"Informational, Transactional",110,12,0,0,,Loại,Ngoài phạm vi plan,Ngoài phạm vi,Informational,—
cách xâu dây giày,"Informational, Transactional",110,11,0,0,,Loại,Ngoài phạm vi plan,Ngoài phạm vi,Informational,—
cách xỏ dây giày đá bóng,"Informational, Transactional",110,10,0,0,,Loại,Ngoài phạm vi plan,Ngoài phạm vi,Informational,—
cách xỏ giày,"Informational, Transactional",110,12,0,0,,Loại,Ngoài phạm vi plan,Ngoài phạm vi,Informational,—
cách đeo vợt cầu lông,"Informational, Transactional",110,11,0,0,,Loại,Ngoài phạm vi plan,Ngoài phạm vi,Informational,—
cách đập cầu mạnh,"Informational, Transactional",110,11,0,0,,Loại,Ngoài phạm vi plan,Ngoài phạm vi,Informational,—
công ty tnhh giày liann wan vietnam,Informational,110,11,0,0,,Loại,Ngoài phạm vi plan,Ngoài phạm vi,Informational,—
cầm vợt cầu lông đúng cách,"Informational, Transactional",110,13,0,0,,Loại,Ngoài phạm vi plan,Ngoài phạm vi,Commercial investigation,—
cầu lông giá rẻ,Informational,110,25,0.019999999552965164,0,,Loại,Ngoài phạm vi plan,Ngoài phạm vi,Transactional,—
dai tay,Informational,110,12,0,0,,Loại,Ngoài phạm vi plan,Ngoài phạm vi,Informational,—
dây vợt cầu lông,Informational,110,6,0,0,,Loại,Ngoài phạm vi plan,Ngoài phạm vi,Informational,—
dép fila chính hãng,Informational,110,12,0.03999999910593033,0,,Loại,Ngoài phạm vi plan,Ngoài phạm vi,Transactional,—
dép trắng,Informational,110,7,0,0,,Loại,Ngoài phạm vi plan,Ngoài phạm vi,Informational,—
dép đế cứng,Informational,110,14,0.019999999552965164,0,,Loại,Ngoài phạm vi plan,Ngoài phạm vi,Informational,—
ebon,Informational,110,28,0,0,,Loại,Ngoài phạm vi plan,Ngoài phạm vi,Informational,—
feilin,Navigational,110,36,0.03999999910593033,0,,Loại,Ngoài phạm vi plan,Ngoài phạm vi,Informational,—
flypower comet,Informational,110,9,0,0,,Loại,Ngoài phạm vi plan,Ngoài phạm vi,Informational,—
giaynhatchinhhang vn,Navigational,110,27,0.09000000357627869,0,,Loại,Ngoài phạm vi plan,Ngoài phạm vi,Informational,—
giày celine,Informational,110,16,0,0,,Loại,Ngoài phạm vi plan,Ngoài phạm vi,Informational,—
giày chạy điền kinh,Informational,110,16,0.03999999910593033,0,,Loại,Ngoài phạm vi plan,Ngoài phạm vi,Comparison,—
giày nike trẻ em chính hãng,Informational,110,9,0.05999999865889549,0,,Loại,Ngoài phạm vi plan,Ngoài phạm vi,Transactional,—
giày thể thao hàng hiệu,Informational,110,10,0.03999999910593033,0,,Loại,Ngoài phạm vi plan,Ngoài phạm vi,Informational,—
giày xịn,Informational,110,34,0.10999999940395355,0,,Loại,Ngoài phạm vi plan,Ngoài phạm vi,Informational,—
giày đi bộ siêu nhẹ,Informational,110,12,0.07999999821186066,0,,Loại,Ngoài phạm vi plan,Ngoài phạm vi,Informational,—
giáo trình cầu lông,Informational,110,12,0,0,,Loại,Ngoài phạm vi plan,Ngoài phạm vi,Informational,—
giới thiệu về môn cầu lông,Informational,110,6,0,0,,Loại,Ngoài phạm vi plan,Ngoài phạm vi,Informational,—
hãng giày lining,"Informational, Transactional",110,9,0.029999999329447746,0,,Loại,Ngoài phạm vi plan,Ngoài phạm vi,Commercial investigation,—
hướng dẫn buộc dây giày,"Informational, Transactional",110,11,0,0,,Loại,Ngoài phạm vi plan,Ngoài phạm vi,Commercial investigation,—
keo dán giày thể thao tốt nhất,Informational,110,9,0.05999999865889549,0,,Loại,Ngoài phạm vi plan,Ngoài phạm vi,Informational,—
keo dán đế giày thể thao,Informational,110,3,0.029999999329447746,0,,Loại,Ngoài phạm vi plan,Ngoài phạm vi,Informational,—
kính bơi cao cấp,Informational,110,3,0.09000000357627869,0,,Loại,Ngoài phạm vi plan,Ngoài phạm vi,Informational,—
lan sport,Transactional,110,28,0,0,,Loại,Ngoài phạm vi plan,Ngoài phạm vi,Commercial investigation,—
li ning basketball,Informational,110,18,0.09000000357627869,0,,Loại,Ngoài phạm vi plan,Ngoài phạm vi,Informational,—
li ning turbo charging 75,Informational,110,5,0,0,,Loại,Ngoài phạm vi plan,Ngoài phạm vi,Informational,—
line bong da,Informational,110,64,0,0,,Loại,Ngoài phạm vi plan,Ngoài phạm vi,Informational,—
lining 001c,Informational,110,9,0,0,,Loại,Ngoài phạm vi plan,Ngoài phạm vi,Informational,—
lining 50d,Informational,110,9,0,0,,Loại,Ngoài phạm vi plan,Ngoài phạm vi,Informational,—
lining 600b,Informational,110,9,0,0,,Loại,Ngoài phạm vi plan,Ngoài phạm vi,Informational,—
lining aeronaut 5000,Informational,110,16,0,0,,Loại,Ngoài phạm vi plan,Ngoài phạm vi,Informational,—
lining badminton shoes,"Informational, Transactional",110,30,0.019999999552965164,0,,Loại,Ngoài phạm vi plan,Ngoài phạm vi,Commercial investigation,—
lining calibar 600b,Commercial,110,9,0,0,,Loại,Ngoài phạm vi plan,Ngoài phạm vi,Commercial investigation,—
lining calibar 900b,Informational,110,7,0,0,,Loại,Ngoài phạm vi plan,Ngoài phạm vi,Informational,—
lining giảm giá,"Informational, Transactional",110,9,0.07999999821186066,0,,Loại,Ngoài phạm vi plan,Ngoài phạm vi,Commercial investigation,—
lining m78,Informational,110,9,0,0,,Loại,Ngoài phạm vi plan,Ngoài phạm vi,Informational,—
lining outlet,"Informational, Transactional",110,16,0.05000000074505806,0,,Loại,Ngoài phạm vi plan,Ngoài phạm vi,Commercial investigation,—
lining super light,Informational,110,9,0.05000000074505806,0,,Loại,Ngoài phạm vi plan,Ngoài phạm vi,Informational,—
lining sơn tây,Informational,110,14,0,0,,Loại,Ngoài phạm vi plan,Ngoài phạm vi,Informational,—
lining thái bình,Navigational,110,20,0.019999999552965164,0,,Loại,Ngoài phạm vi plan,Ngoài phạm vi,Informational,—
lining turbocharging 75d,Informational,110,11,0,0,,Loại,Ngoài phạm vi plan,Ngoài phạm vi,Informational,—
lining vĩnh yên,Informational,110,14,0.03999999910593033,0,,Loại,Ngoài phạm vi plan,Ngoài phạm vi,Informational,—
luật cầu lông cơ bản,Informational,110,10,0,0,,Loại,Ngoài phạm vi plan,Ngoài phạm vi,Informational,—
luật phát cầu,Informational,110,10,0,0,,Loại,Ngoài phạm vi plan,Ngoài phạm vi,Informational,—
luật phát cầu lông đôi,Informational,110,10,0,0,,Loại,Ngoài phạm vi plan,Ngoài phạm vi,Informational,—
luật đánh cầu lông đơn và đôi,Informational,110,9,0.009999999776482582,0,,Loại,Ngoài phạm vi plan,Ngoài phạm vi,Informational,—
lyn vincom liễu giai,"Informational, Transactional",110,20,0,0,,Loại,Ngoài phạm vi plan,Ngoài phạm vi,Commercial investigation,—
lyn vincom trần duy hưng,Informational,110,24,0.07999999821186066,0,,Loại,Ngoài phạm vi plan,Ngoài phạm vi,Informational,—
lót giày cầu lông,Informational,110,16,0.029999999329447746,0,,Loại,Ngoài phạm vi plan,Ngoài phạm vi,Informational,—
lý ninh,Informational,110,26,0,0,,Loại,Ngoài phạm vi plan,Ngoài phạm vi,Informational,—
mua bóng chuyền,Informational,110,56,0.03999999910593033,0,,Loại,Ngoài phạm vi plan,Ngoài phạm vi,Transactional,—
mua đồ bơi,Commercial,110,13,0.07000000029802322,0,,Loại,Ngoài phạm vi plan,Ngoài phạm vi,Transactional,—
mũ lôi phong,Informational,110,18,0,0,,Loại,Ngoài phạm vi plan,Ngoài phạm vi,Informational,—
nining,Informational,110,26,0,0,,Loại,Ngoài phạm vi plan,Ngoài phạm vi,Informational,—
nón thời trang,Informational,110,14,0.07000000029802322,0,,Loại,Ngoài phạm vi plan,Ngoài phạm vi,Informational,—
outsole là gì,Informational,110,9,0,0,,Loại,Ngoài phạm vi plan,Ngoài phạm vi,Informational,—
quả cầu lông tốt nhất hiện nay,Informational,110,7,0,0,,Loại,Ngoài phạm vi plan,Ngoài phạm vi,Informational,—
set tap the,Informational,110,3,0,0,,Loại,Ngoài phạm vi plan,Ngoài phạm vi,Informational,—
si líp,"Informational, Transactional",110,28,0,0,,Loại,Ngoài phạm vi plan,Ngoài phạm vi,Commercial investigation,—
sneaker là giày gì,Informational,110,13,0.009999999776482582,0,,Loại,Ngoài phạm vi plan,Ngoài phạm vi,Informational,—
soft plus,Informational,110,8,0,0,,Loại,Ngoài phạm vi plan,Ngoài phạm vi,Informational,—
thăng long 7700,Informational,110,6,0.07999999821186066,0,,Loại,Ngoài phạm vi plan,Ngoài phạm vi,Informational,—
tro choi cau long,Informational,110,74,0,0,,Loại,Ngoài phạm vi plan,Ngoài phạm vi,Informational,—
tính điểm cầu lông,Informational,110,13,0,0,,Loại,Ngoài phạm vi plan,Ngoài phạm vi,Informational,—
túi nhung,Informational,110,6,0.14000000059604645,0,,Loại,Ngoài phạm vi plan,Ngoài phạm vi,Informational,—
túi nhung đựng vợt cầu lông,Informational,110,6,0.03999999910593033,0,,Loại,Ngoài phạm vi plan,Ngoài phạm vi,Informational,—
túi xách thể thao,Informational,110,9,0.11999999731779099,0,,Loại,Ngoài phạm vi plan,Ngoài phạm vi,Informational,—
túi đeo chéo thể thao,Informational,110,8,0.07999999821186066,0,,Loại,Ngoài phạm vi plan,Ngoài phạm vi,Informational,—
túi đựng vợt cầu lông lining,Informational,110,4,0.029999999329447746,0,,Loại,Ngoài phạm vi plan,Ngoài phạm vi,Informational,—
tẩy trắng giày,Informational,110,13,0.03999999910593033,0,,Loại,Ngoài phạm vi plan,Ngoài phạm vi,Informational,—
vệ sinh giày thể thao,Informational,110,8,0.09000000357627869,0,,Loại,Ngoài phạm vi plan,Ngoài phạm vi,Informational,—
vợt cầu lông 5u,Commercial,110,11,0.029999999329447746,0,,Loại,Ngoài phạm vi plan,Ngoài phạm vi,Commercial investigation,—
vợt cầu lông bao nhiêu tiền,Informational,110,49,0.029999999329447746,0,,Loại,Ngoài phạm vi plan,Ngoài phạm vi,Informational,—
vợt cầu lông cao cấp,Informational,110,46,0.019999999552965164,0,,Loại,Ngoài phạm vi plan,Ngoài phạm vi,Informational,—
vợt cầu lông lightning,Informational,110,24,0.019999999552965164,0,,Loại,Ngoài phạm vi plan,Ngoài phạm vi,Informational,—
vợt cầu lông màu xanh dương,Informational,110,2,0,0,,Loại,Ngoài phạm vi plan,Ngoài phạm vi,Informational,—
vợt cầu lông đẹp,Informational,110,32,0.019999999552965164,0,,Loại,Ngoài phạm vi plan,Ngoài phạm vi,Informational,—
vợt giá rẻ,Informational,110,41,0.029999999329447746,0,,Loại,Ngoài phạm vi plan,Ngoài phạm vi,Transactional,—
vợt lining công thủ toàn diện,Informational,110,10,0.029999999329447746,0,,Loại,Ngoài phạm vi plan,Ngoài phạm vi,Informational,—
vợt lining giá rẻ,Informational,110,26,0.019999999552965164,0,,Loại,Ngoài phạm vi plan,Ngoài phạm vi,Transactional,—
vợt windstorm 72,Informational,110,6,0,0,,Loại,Ngoài phạm vi plan,Ngoài phạm vi,Informational,—
windstorm 72 lining,Informational,110,9,0,0,,Loại,Ngoài phạm vi plan,Ngoài phạm vi,Informational,—
yonex infinity,Navigational,110,14,0,0,,Loại,Ngoài phạm vi plan,Ngoài phạm vi,Informational,—
đôi giày có hình bộ phận sinh dục,Informational,110,9,0.30000001192092896,0,,Loại,Ngoài phạm vi plan,Ngoài phạm vi,Informational,—
đồ bóng chuyền đẹp,Informational,110,9,0.14000000059604645,0,,Loại,Ngoài phạm vi plan,Ngoài phạm vi,Informational,—
157 trần phú hà đông,Informational,90,26,0,0,,Loại,Ngoài phạm vi plan,Ngoài phạm vi,Informational,—
93 cầu giấy,Informational,90,19,0,0,,Loại,Ngoài phạm vi plan,Ngoài phạm vi,Informational,—
aáo phao,Informational,90,16,0,0,,Loại,Ngoài phạm vi plan,Ngoài phạm vi,Informational,—
ba lo the thao,Informational,90,14,0.07999999821186066,0,,Loại,Ngoài phạm vi plan,Ngoài phạm vi,Informational,—
balo fila chính hãng,Informational,90,13,0,0,,Loại,Ngoài phạm vi plan,Ngoài phạm vi,Transactional,—
balo lyn,Navigational,90,23,0.07000000029802322,0,,Loại,Ngoài phạm vi plan,Ngoài phạm vi,Informational,—
balo ngang,Informational,90,4,0,0,,Loại,Ngoài phạm vi plan,Ngoài phạm vi,Informational,—
bcdv013,Informational,90,8,1.0499999523162842,0,,Loại,Ngoài phạm vi plan,Ngoài phạm vi,Informational,—
beno,Informational,90,30,0,0,,Loại,Ngoài phạm vi plan,Ngoài phạm vi,Informational,—
beyoung,Informational,90,41,0,0,,Loại,Ngoài phạm vi plan,Ngoài phạm vi,Informational,—
biên bản cầu lông,Informational,90,11,0,0,,Loại,Ngoài phạm vi plan,Ngoài phạm vi,Transactional,—
buno,Informational,90,26,0,0,,Loại,Ngoài phạm vi plan,Ngoài phạm vi,Informational,—
buộc dây giày thể thao,"Informational, Transactional",90,9,0,0,,Loại,Ngoài phạm vi plan,Ngoài phạm vi,Commercial investigation,—
bán kính bơi,Commercial,90,12,0.05999999865889549,0,,Loại,Ngoài phạm vi plan,Ngoài phạm vi,Transactional,—
bóng chuyền ebete,Informational,90,7,0,0,,Loại,Ngoài phạm vi plan,Ngoài phạm vi,Informational,—
băng chặn mồ hôi tay,Informational,90,3,0,0,,Loại,Ngoài phạm vi plan,Ngoài phạm vi,Informational,—
bộ gió thể thao,Informational,90,9,0,0,,Loại,Ngoài phạm vi plan,Ngoài phạm vi,Informational,—
bộ nỉ thể thao,Informational,90,9,0,0,,Loại,Ngoài phạm vi plan,Ngoài phạm vi,Informational,—
chitu,Informational,90,11,0,0,,Loại,Ngoài phạm vi plan,Ngoài phạm vi,Informational,—
chặn mồ hôi tay,Informational,90,4,0.03999999910593033,0,,Loại,Ngoài phạm vi plan,Ngoài phạm vi,Informational,—
chọn vợt cầu lông,Informational,90,10,0,0,,Loại,Ngoài phạm vi plan,Ngoài phạm vi,Informational,—
cách buộc giày thể thao,"Informational, Transactional",90,9,0,0,,Loại,Ngoài phạm vi plan,Ngoài phạm vi,Informational,—
cách luồn dây giày thể thao,"Informational, Transactional",90,9,0,0,,Loại,Ngoài phạm vi plan,Ngoài phạm vi,Informational,—
cách thắt dây giày thể thao,"Informational, Transactional",90,7,0,0,,Loại,Ngoài phạm vi plan,Ngoài phạm vi,Informational,—
cách thắt nơ giày,"Informational, Transactional",90,11,0,0,,Loại,Ngoài phạm vi plan,Ngoài phạm vi,Informational,—
cách tẩy giày trắng,Informational,90,9,0.029999999329447746,0,,Loại,Ngoài phạm vi plan,Ngoài phạm vi,Informational,—
dán đế giày sneaker,Informational,90,6,0.09000000357627869,0,,Loại,Ngoài phạm vi plan,Ngoài phạm vi,Informational,—
dán đế giày tây,Informational,90,3,0.10000000149011612,0,,Loại,Ngoài phạm vi plan,Ngoài phạm vi,Informational,—
dép cỏ,Informational,90,7,0,0,,Loại,Ngoài phạm vi plan,Ngoài phạm vi,Informational,—
dép giọ,Informational,90,9,0,0,,Loại,Ngoài phạm vi plan,Ngoài phạm vi,Informational,—
dép thời trang,Informational,90,13,0.09000000357627869,0,,Loại,Ngoài phạm vi plan,Ngoài phạm vi,Informational,—
fila dép,Informational,90,13,0.019999999552965164,0,,Loại,Ngoài phạm vi plan,Ngoài phạm vi,Informational,—
giay da banh chinh hang,Informational,90,41,0.07999999821186066,0,,Loại,Ngoài phạm vi plan,Ngoài phạm vi,Transactional,—
giay tre em,Informational,90,18,0.07000000029802322,0,,Loại,Ngoài phạm vi plan,Ngoài phạm vi,Informational,—
gile lông,Informational,90,17,0,0,,Loại,Ngoài phạm vi plan,Ngoài phạm vi,Informational,—
giày adidas bóng chuyền,Informational,90,18,0.07000000029802322,0,,Loại,Ngoài phạm vi plan,Ngoài phạm vi,Informational,—
giày chơi bóng chuyền,Informational,90,10,0.03999999910593033,0,,Loại,Ngoài phạm vi plan,Ngoài phạm vi,Informational,—
giày nơ,Informational,90,9,0,0,,Loại,Ngoài phạm vi plan,Ngoài phạm vi,Informational,—
khoác bomber,Informational,90,12,0,0,,Loại,Ngoài phạm vi plan,Ngoài phạm vi,Informational,—
kính bơi xịn,Informational,90,13,0.07999999821186066,0,,Loại,Ngoài phạm vi plan,Ngoài phạm vi,Informational,—
lining 3d calibar,Navigational,90,14,0,0,,Loại,Ngoài phạm vi plan,Ngoài phạm vi,Informational,—
lining 80td,Informational,90,8,0,0,,Loại,Ngoài phạm vi plan,Ngoài phạm vi,Informational,—
lining aeronaut 4000b,"Informational, Transactional",90,9,0,0,,Loại,Ngoài phạm vi plan,Ngoài phạm vi,Commercial investigation,—
lining badminton vietnam,Navigational,90,35,0.05999999865889549,0,,Loại,Ngoài phạm vi plan,Ngoài phạm vi,Informational,—
lining bóng rổ,"Informational, Transactional",90,9,0.05000000074505806,0,,Loại,Ngoài phạm vi plan,Ngoài phạm vi,Commercial investigation,—
lining hà nội giảm giá,"Navigational, Transactional",90,9,0.019999999552965164,0,,Loại,Ngoài phạm vi plan,Ngoài phạm vi,Commercial investigation,—
liningbadminton vn,Navigational,90,33,0.07999999821186066,0,,Loại,Ngoài phạm vi plan,Ngoài phạm vi,Informational,—
luật cầu,Informational,90,13,0,0,,Loại,Ngoài phạm vi plan,Ngoài phạm vi,Informational,—
luật cầu lông mới nhất,Informational,90,10,0,0,,Loại,Ngoài phạm vi plan,Ngoài phạm vi,Informational,—
luật phát cầu lông đánh đơn,Informational,90,9,0,0,,Loại,Ngoài phạm vi plan,Ngoài phạm vi,Informational,—
luật phát cầu lông đơn,Informational,90,8,0,0,,Loại,Ngoài phạm vi plan,Ngoài phạm vi,Informational,—
luật sân cầu lông đơn,Informational,90,9,0,0,,Loại,Ngoài phạm vi plan,Ngoài phạm vi,Informational,—
mua kính bơi,Commercial,90,13,0.11999999731779099,0,,Loại,Ngoài phạm vi plan,Ngoài phạm vi,Transactional,—
mũ fila,Navigational,90,18,0.029999999329447746,0,,Loại,Ngoài phạm vi plan,Ngoài phạm vi,Informational,—
mũ lưỡi trai chính hãng,Informational,90,11,0.03999999910593033,0,,Loại,Ngoài phạm vi plan,Ngoài phạm vi,Transactional,—
pazzion vietnam,Informational,90,24,0.05000000074505806,0,,Loại,Ngoài phạm vi plan,Ngoài phạm vi,Informational,—
picke,Informational,90,34,0,0,,Loại,Ngoài phạm vi plan,Ngoài phạm vi,Informational,—
sale giáng sinh,Informational,90,13,0,0,,Loại,Ngoài phạm vi plan,Ngoài phạm vi,Informational,—
shop comvn,Navigational,90,72,0.019999999552965164,0,,Loại,Ngoài phạm vi plan,Ngoài phạm vi,Transactional,—
smash trong cầu lông là gì,Informational,90,11,0,0,,Loại,Ngoài phạm vi plan,Ngoài phạm vi,Informational,—
sịp lưới,Informational,90,6,0,0,,Loại,Ngoài phạm vi plan,Ngoài phạm vi,Informational,—
sịp trong suốt,Informational,90,11,0,0,,Loại,Ngoài phạm vi plan,Ngoài phạm vi,Informational,—
sửa vợt cầu lông,Informational,90,12,0,0,,Loại,Ngoài phạm vi plan,Ngoài phạm vi,Informational,—
thay cán vợt cầu lông,"Informational, Transactional",90,7,0,0,,Loại,Ngoài phạm vi plan,Ngoài phạm vi,Comparison,—
turbo charging 20,Informational,90,8,0,0,,Loại,Ngoài phạm vi plan,Ngoài phạm vi,Informational,—
túi cầu lông mizuno,Informational,90,6,0,0,,Loại,Ngoài phạm vi plan,Ngoài phạm vi,Informational,—
túi reebok,Informational,90,13,0,0,,Loại,Ngoài phạm vi plan,Ngoài phạm vi,Informational,—
vợt cầu lông 500k,Informational,90,9,0,0,,Loại,Ngoài phạm vi plan,Ngoài phạm vi,Informational,—
vợt cầu lông nhẹ,Informational,90,8,0.029999999329447746,0,,Loại,Ngoài phạm vi plan,Ngoài phạm vi,Informational,—
vợt lining thiên công,Informational,90,7,0,0,,Loại,Ngoài phạm vi plan,Ngoài phạm vi,Informational,—
vợt phôi là gì,Informational,90,10,0,0,,Loại,Ngoài phạm vi plan,Ngoài phạm vi,Informational,—
vợt thủ,Informational,90,9,0,0,,Loại,Ngoài phạm vi plan,Ngoài phạm vi,Informational,—
xỏ dây,"Informational, Transactional",90,13,0,0,,Loại,Ngoài phạm vi plan,Ngoài phạm vi,Commercial investigation,—
đồ bơi liền,Informational,90,16,0,0,,Loại,Ngoài phạm vi plan,Ngoài phạm vi,Informational,—
6000 60,Informational,70,9,0,0,,Loại,Ngoài phạm vi plan,Ngoài phạm vi,Informational,—
aglet là gì,Informational,70,26,0,0,,Loại,Ngoài phạm vi plan,Ngoài phạm vi,Informational,—
bia bắn nỏ,Informational,70,26,0,0,,Loại,Ngoài phạm vi plan,Ngoài phạm vi,Transactional,—
biểu đồ vợt yonex,Informational,70,9,0,0,,Loại,Ngoài phạm vi plan,Ngoài phạm vi,Informational,—
cach phat cau,"Informational, Transactional",70,11,0,0,,Loại,Ngoài phạm vi plan,Ngoài phạm vi,Informational,—
caliba,Informational,70,25,0,0,,Loại,Ngoài phạm vi plan,Ngoài phạm vi,Informational,—
cách buộc giày đẹp,"Informational, Transactional",70,11,0,0,,Loại,Ngoài phạm vi plan,Ngoài phạm vi,Informational,—
cách kiểm tra giày nike chính hãng,Informational,70,5,0.12999999523162842,0,,Loại,Ngoài phạm vi plan,Ngoài phạm vi,Transactional,—
cách thắt dây giày sneaker,"Informational, Transactional",70,9,0,0,,Loại,Ngoài phạm vi plan,Ngoài phạm vi,Informational,—
cặp vợt cầu lông,Informational,70,54,0.03999999910593033,0,,Loại,Ngoài phạm vi plan,Ngoài phạm vi,Informational,—
deal giáng sinh,Informational,70,13,0,0,,Loại,Ngoài phạm vi plan,Ngoài phạm vi,Informational,—
dép hoa quả,Informational,70,17,0,0,,Loại,Ngoài phạm vi plan,Ngoài phạm vi,Informational,—
dép hàn quốc,Informational,70,12,0.07999999821186066,0,,Loại,Ngoài phạm vi plan,Ngoài phạm vi,Informational,—
dép sọc trắng đen,Informational,70,13,0,0,,Loại,Ngoài phạm vi plan,Ngoài phạm vi,Informational,—
giày bóng bàn butterfly chính hãng,Informational,70,7,0.07000000029802322,0,,Loại,Ngoài phạm vi plan,Ngoài phạm vi,Transactional,—
giày cầu lông rẻ,"Commercial, Informational",70,25,0.03999999910593033,0,,Loại,Ngoài phạm vi plan,Ngoài phạm vi,Commercial investigation,—
giày lining bóng rổ,"Informational, Transactional",70,10,0.03999999910593033,0,,Loại,Ngoài phạm vi plan,Ngoài phạm vi,Commercial investigation,—
giày supersoft,Informational,70,14,0,0,,Loại,Ngoài phạm vi plan,Ngoài phạm vi,Informational,—
hệ thống cửa hàng lining,Navigational,70,16,0,0,,Loại,Ngoài phạm vi plan,Ngoài phạm vi,Informational,—
lining 4000,Informational,70,9,0,0,,Loại,Ngoài phạm vi plan,Ngoài phạm vi,Informational,—
lining 4000b,Informational,70,6,0,0,,Loại,Ngoài phạm vi plan,Ngoài phạm vi,Informational,—
lining high carbon 1600,Informational,70,10,0,0,,Loại,Ngoài phạm vi plan,Ngoài phạm vi,Informational,—
lining thái nguyên,Commercial,70,16,0.019999999552965164,0,,Loại,Ngoài phạm vi plan,Ngoài phạm vi,Commercial investigation,—
lining trung quốc,"Informational, Transactional",70,51,0.09000000357627869,0,,Loại,Ngoài phạm vi plan,Ngoài phạm vi,Commercial investigation,—
lót nỉ,Informational,70,8,0,0,,Loại,Ngoài phạm vi plan,Ngoài phạm vi,Informational,—
lịch sử cầu lông,Informational,70,59,0,0,,Loại,Ngoài phạm vi plan,Ngoài phạm vi,Informational,—
midsole là gì,Informational,70,5,0,0,,Loại,Ngoài phạm vi plan,Ngoài phạm vi,Informational,—
mua giày đá bóng sân cỏ nhân tạo,Informational,70,19,0.11999999731779099,0,,Loại,Ngoài phạm vi plan,Ngoài phạm vi,Transactional,—
naqiyayabei,Informational,70,19,0.07000000029802322,0,,Loại,Ngoài phạm vi plan,Ngoài phạm vi,Informational,—
phát cầu,"Informational, Transactional",70,11,0,0,,Loại,Ngoài phạm vi plan,Ngoài phạm vi,Commercial investigation,—
phát cầu thuận tay,"Informational, Transactional",70,13,0,0,,Loại,Ngoài phạm vi plan,Ngoài phạm vi,Commercial investigation,—
sale noel,Informational,70,17,0,0,,Loại,Ngoài phạm vi plan,Ngoài phạm vi,Informational,—
thể thao cầu lông,Informational,70,22,0,0,,Loại,Ngoài phạm vi plan,Ngoài phạm vi,Informational,—
tẩy ố giày,Informational,70,9,0.10000000149011612,0,,Loại,Ngoài phạm vi plan,Ngoài phạm vi,Informational,—
vệ sinh giày trắng,Informational,70,7,0.05000000074505806,0,,Loại,Ngoài phạm vi plan,Ngoài phạm vi,Informational,—
vợt lining turbo charging,Informational,70,13,0,0,,Loại,Ngoài phạm vi plan,Ngoài phạm vi,Informational,—
điểm cân bằng vợt cầu lông,Informational,70,4,0,0,,Loại,Ngoài phạm vi plan,Ngoài phạm vi,Informational,—
đồ nỉ,Informational,70,22,0,0,,Loại,Ngoài phạm vi plan,Ngoài phạm vi,Informational,—
đồ đánh bóng chuyền,Informational,70,8,0,0,,Loại,Ngoài phạm vi plan,Ngoài phạm vi,Informational,—
đồng phục bóng chuyền,Informational,70,9,0.17000000178813934,0,,Loại,Ngoài phạm vi plan,Ngoài phạm vi,Informational,—
3d calibar 900,Informational,50,9,0,0,,Loại,Ngoài phạm vi plan,Ngoài phạm vi,Informational,—
92 trần bình trọng,"Informational, Transactional",50,17,0,0,,Loại,Ngoài phạm vi plan,Ngoài phạm vi,Commercial investigation,—
b40 shop,Navigational,50,26,0,0,,Loại,Ngoài phạm vi plan,Ngoài phạm vi,Informational,—
bentino,Informational,50,23,0,0,,Loại,Ngoài phạm vi plan,Ngoài phạm vi,Informational,—
beongo shop,Navigational,50,32,0,0,,Loại,Ngoài phạm vi plan,Ngoài phạm vi,Informational,—
buộc giầy,"Informational, Transactional",50,12,0,0,,Loại,Ngoài phạm vi plan,Ngoài phạm vi,Commercial investigation,—
băng cổ tay nike,Informational,50,6,0,0,,Loại,Ngoài phạm vi plan,Ngoài phạm vi,Informational,—
bọc cán vợt cầu lông,Informational,50,9,0.029999999329447746,0,,Loại,Ngoài phạm vi plan,Ngoài phạm vi,Informational,—
check mã vợt lining,Informational,50,9,0,0,,Loại,Ngoài phạm vi plan,Ngoài phạm vi,Informational,—
chơi cầu,Informational,50,16,0,0,,Loại,Ngoài phạm vi plan,Ngoài phạm vi,Informational,—
chương trình khuyến mãi giáng sinh,Informational,50,9,0,0,,Loại,Ngoài phạm vi plan,Ngoài phạm vi,Informational,—
cleat là gì,Informational,50,28,0,0,,Loại,Ngoài phạm vi plan,Ngoài phạm vi,Informational,—
các hãng giày sneaker nổi tiếng,Informational,50,6,0.05999999865889549,0,,Loại,Ngoài phạm vi plan,Ngoài phạm vi,Informational,—
các kiểu thắt dây giày,"Informational, Transactional",50,9,0,0,,Loại,Ngoài phạm vi plan,Ngoài phạm vi,Commercial investigation,—
cách chơi cầu lông cơ bản,Informational,50,16,0,0,,Loại,Ngoài phạm vi plan,Ngoài phạm vi,Informational,—
cách cột giày,"Informational, Transactional",50,11,0,0,,Loại,Ngoài phạm vi plan,Ngoài phạm vi,Informational,—
cách thắt dây giày thể thao đẹp,"Informational, Transactional",50,10,0.009999999776482582,0,,Loại,Ngoài phạm vi plan,Ngoài phạm vi,Informational,—
cách thắt nơ dây giày,"Informational, Transactional",50,25,0,0,,Loại,Ngoài phạm vi plan,Ngoài phạm vi,Informational,—
cách xỏ dây giày nike air,"Informational, Transactional",50,9,0,0,,Loại,Ngoài phạm vi plan,Ngoài phạm vi,Informational,—
căng dây vợt cầu lông bao nhiêu tiền,Informational,50,4,0,0,,Loại,Ngoài phạm vi plan,Ngoài phạm vi,Informational,—
dây buộc giày,Informational,50,9,0.03999999910593033,0,,Loại,Ngoài phạm vi plan,Ngoài phạm vi,Informational,—
dép 35k,Commercial,50,12,0,0,,Loại,Ngoài phạm vi plan,Ngoài phạm vi,Commercial investigation,—
dép calvin klein chính hãng,Navigational,50,11,0.05000000074505806,0,,Loại,Ngoài phạm vi plan,Ngoài phạm vi,Transactional,—
dép quai trong,Informational,50,15,0.14000000059604645,0,,Loại,Ngoài phạm vi plan,Ngoài phạm vi,Informational,—
dép xịn,Informational,50,16,0.07999999821186066,0,,Loại,Ngoài phạm vi plan,Ngoài phạm vi,Informational,—
dép đúc lining,Informational,50,9,0.07999999821186066,0,,Loại,Ngoài phạm vi plan,Ngoài phạm vi,Informational,—
dép đúc nike,Informational,50,9,0.05000000074505806,0,,Loại,Ngoài phạm vi plan,Ngoài phạm vi,Informational,—
ft lite,Informational,50,66,0,0,,Loại,Ngoài phạm vi plan,Ngoài phạm vi,Informational,—
giày bông,Informational,50,8,0,0,,Loại,Ngoài phạm vi plan,Ngoài phạm vi,Informational,—
giày bông lúa,Informational,50,2,0,0,,Loại,Ngoài phạm vi plan,Ngoài phạm vi,Informational,—
giày lining của nước nào,Informational,50,7,0,0,,Loại,Ngoài phạm vi plan,Ngoài phạm vi,Informational,—
giày thunder,Informational,50,7,0,0,,Loại,Ngoài phạm vi plan,Ngoài phạm vi,Informational,—
giày đánh bóng bàn,Informational,50,8,0.03999999910593033,0,,Loại,Ngoài phạm vi plan,Ngoài phạm vi,Informational,—
giày đế cứng,Informational,50,9,0,0,,Loại,Ngoài phạm vi plan,Ngoài phạm vi,Informational,—
giá kính bơi,Informational,50,7,0.029999999329447746,0,,Loại,Ngoài phạm vi plan,Ngoài phạm vi,Transactional,—
giầy lót lông,Informational,50,12,0,0,,Loại,Ngoài phạm vi plan,Ngoài phạm vi,Informational,—
highlining là gì,Informational,50,11,0,0,,Loại,Ngoài phạm vi plan,Ngoài phạm vi,Informational,—
kính bơi giá rẻ,Informational,50,16,0.03999999910593033,0,,Loại,Ngoài phạm vi plan,Ngoài phạm vi,Transactional,—
lau giày,Informational,50,8,0.029999999329447746,0,,Loại,Ngoài phạm vi plan,Ngoài phạm vi,Informational,—
li ning a700,Informational,50,4,0,0,,Loại,Ngoài phạm vi plan,Ngoài phạm vi,Informational,—
li ning basketball shoes,Informational,50,26,0.23000000417232513,0,,Loại,Ngoài phạm vi plan,Ngoài phạm vi,Informational,—
lightning vn,Informational,50,58,0,0,,Loại,Ngoài phạm vi plan,Ngoài phạm vi,Informational,—
lining hàng bông,Commercial,50,19,0,0,,Loại,Ngoài phạm vi plan,Ngoài phạm vi,Commercial investigation,—
luật cầu lông mới,Informational,50,7,0,0,,Loại,Ngoài phạm vi plan,Ngoài phạm vi,Informational,—
luật sân cầu lông,Informational,50,9,0,0,,Loại,Ngoài phạm vi plan,Ngoài phạm vi,Informational,—
môn thể thao cầu lông,Informational,50,10,0,0,,Loại,Ngoài phạm vi plan,Ngoài phạm vi,Informational,—
nubon,Informational,50,16,0.10000000149011612,0,,Loại,Ngoài phạm vi plan,Ngoài phạm vi,Informational,—
nỏ thể thao,Informational,50,17,0,0,,Loại,Ngoài phạm vi plan,Ngoài phạm vi,Informational,—
shop bán giày bóng chuyền,Commercial,50,15,0,0,,Loại,Ngoài phạm vi plan,Ngoài phạm vi,Transactional,—
shop jacket,Informational,50,16,0,0,,Loại,Ngoài phạm vi plan,Ngoài phạm vi,Transactional,—
đồ bơi cao cấp,Commercial,50,15,0.07000000029802322,0,,Loại,Ngoài phạm vi plan,Ngoài phạm vi,Commercial investigation,—
đồ bơi hàng hiệu,Informational,50,15,0.07999999821186066,0,,Loại,Ngoài phạm vi plan,Ngoài phạm vi,Informational,—
đồ bộ thu đông,Informational,50,9,0,0,,Loại,Ngoài phạm vi plan,Ngoài phạm vi,Informational,—
01d,Informational,40,7,0,0,,Loại,Ngoài phạm vi plan,Ngoài phạm vi,Informational,—
157 trần phú,Informational,40,26,0,0,,Loại,Ngoài phạm vi plan,Ngoài phạm vi,Informational,—
6000 160,Informational,40,9,0,0,,Loại,Ngoài phạm vi plan,Ngoài phạm vi,Informational,—
94 lê lợi hà đông,Informational,40,15,0,0,,Loại,Ngoài phạm vi plan,Ngoài phạm vi,Informational,—
aeronaut 7000b,Informational,40,7,0,0,,Loại,Ngoài phạm vi plan,Ngoài phạm vi,Informational,—
af90,Informational,40,15,0,0,,Loại,Ngoài phạm vi plan,Ngoài phạm vi,Informational,—
ba lô lính,"Informational, Transactional",40,11,0,0,,Loại,Ngoài phạm vi plan,Ngoài phạm vi,Commercial investigation,—
baking soda tẩy giày,Informational,40,5,0,0,,Loại,Ngoài phạm vi plan,Ngoài phạm vi,Informational,—
balo delune,Informational,40,19,0.10999999940395355,0,,Loại,Ngoài phạm vi plan,Ngoài phạm vi,Informational,—
bán mắt kính bơi,Commercial,40,15,0,0,,Loại,Ngoài phạm vi plan,Ngoài phạm vi,Transactional,—
bộ bơi liền,Informational,40,3,0,0,,Loại,Ngoài phạm vi plan,Ngoài phạm vi,Informational,—
bộ cầu lông xịn,Informational,40,54,0.019999999552965164,0,,Loại,Ngoài phạm vi plan,Ngoài phạm vi,Informational,—
bộ nỉ adidas chính hãng,"Informational, Transactional",40,17,0,0,,Loại,Ngoài phạm vi plan,Ngoài phạm vi,Transactional,—
cach buoc giay giay,"Informational, Transactional",40,11,0,0,,Loại,Ngoài phạm vi plan,Ngoài phạm vi,Informational,—
check giày,Informational,40,8,0,0,,Loại,Ngoài phạm vi plan,Ngoài phạm vi,Informational,—
con cầu lông,Informational,40,53,0,0,,Loại,Ngoài phạm vi plan,Ngoài phạm vi,Informational,—
các loại hãng giày,Informational,40,8,0,0,,Loại,Ngoài phạm vi plan,Ngoài phạm vi,Informational,—
cách buộc dây giày bằng 2 dây,"Informational, Transactional",40,9,0,0,,Loại,Ngoài phạm vi plan,Ngoài phạm vi,Informational,—
cách buộc dây giày dài 5 lỗ,Informational,40,9,0,0,,Loại,Ngoài phạm vi plan,Ngoài phạm vi,Informational,—
cách buộc dây giày nike air,"Informational, Transactional",40,9,0,0,,Loại,Ngoài phạm vi plan,Ngoài phạm vi,Informational,—
cách buộc nơ dây giày,"Informational, Transactional",40,9,0,0,,Loại,Ngoài phạm vi plan,Ngoài phạm vi,Informational,—
cách chơi cầu lông 2 người,Informational,40,17,0,0,,Loại,Ngoài phạm vi plan,Ngoài phạm vi,Informational,—
cách chơi môn cầu lông,Informational,40,16,0,0,,Loại,Ngoài phạm vi plan,Ngoài phạm vi,Informational,—
cách làm sạch giày trắng,"Informational, Transactional",40,10,0.019999999552965164,0,,Loại,Ngoài phạm vi plan,Ngoài phạm vi,Informational,—
cách làm trắng giày,Informational,40,16,0,0,,Loại,Ngoài phạm vi plan,Ngoài phạm vi,Informational,—
cách mua vợt cầu lông,Informational,40,9,0,0,,Loại,Ngoài phạm vi plan,Ngoài phạm vi,Transactional,—
cách phát cầu qua lưới,Informational,40,10,0,0,,Loại,Ngoài phạm vi plan,Ngoài phạm vi,Informational,—
cách tẩy vết bẩn trên giày,Informational,40,10,0,0,,Loại,Ngoài phạm vi plan,Ngoài phạm vi,Transactional,—
cách vệ sinh giày thể thao trắng,Informational,40,7,0.029999999329447746,0,,Loại,Ngoài phạm vi plan,Ngoài phạm vi,Informational,—
cách vệ sinh giày trắng,Informational,40,8,0.029999999329447746,0,,Loại,Ngoài phạm vi plan,Ngoài phạm vi,Informational,—
cách xỏ dây giày nike,"Informational, Transactional",40,9,0,0,,Loại,Ngoài phạm vi plan,Ngoài phạm vi,Informational,—
cách đập cầu lông đúng cách,"Informational, Transactional",40,12,0,0,,Loại,Ngoài phạm vi plan,Ngoài phạm vi,Informational,—
dán đế giày bóng chuyền,Informational,40,16,0,0,,Loại,Ngoài phạm vi plan,Ngoài phạm vi,Informational,—
dán đế giày thể thao bằng keo gì,Informational,40,8,0.019999999552965164,0,,Loại,Ngoài phạm vi plan,Ngoài phạm vi,Informational,—
dây giày bị dài,Informational,40,8,0,0,,Loại,Ngoài phạm vi plan,Ngoài phạm vi,Informational,—
dép rơm,Informational,40,15,0,0,,Loại,Ngoài phạm vi plan,Ngoài phạm vi,Informational,—
dép slipper,Informational,40,3,0.07999999821186066,0,,Loại,Ngoài phạm vi plan,Ngoài phạm vi,Informational,—
dép sục lót lông,Informational,40,15,0,0,,Loại,Ngoài phạm vi plan,Ngoài phạm vi,Informational,—
giày gripper,Informational,40,3,0,0,,Loại,Ngoài phạm vi plan,Ngoài phạm vi,Informational,—
giày nike cầu lông,Informational,40,8,0.10000000149011612,0,,Loại,Ngoài phạm vi plan,Ngoài phạm vi,Informational,—
giày nouvo,Informational,40,16,0,0,,Loại,Ngoài phạm vi plan,Ngoài phạm vi,Informational,—
giày sneaker lining,"Informational, Transactional",40,9,0.05999999865889549,0,,Loại,Ngoài phạm vi plan,Ngoài phạm vi,Commercial investigation,—
giày đinh đá sân cỏ nhân tạo được không,Informational,40,33,0,0,,Loại,Ngoài phạm vi plan,Ngoài phạm vi,Informational,—
hệ thống lining,Navigational,40,12,0,0,,Loại,Ngoài phạm vi plan,Ngoài phạm vi,Informational,—
kiến thức cơ bản về cầu lông,Informational,40,13,0,0,,Loại,Ngoài phạm vi plan,Ngoài phạm vi,Transactional,—
kính bơi seals,Informational,40,7,0.029999999329447746,0,,Loại,Ngoài phạm vi plan,Ngoài phạm vi,Informational,—
kỹ thuật cầm vợt cầu lông,"Informational, Transactional",40,10,0,0,,Loại,Ngoài phạm vi plan,Ngoài phạm vi,Commercial investigation,—
lee dong soo,Informational,40,24,0,0,,Loại,Ngoài phạm vi plan,Ngoài phạm vi,Informational,—
lining 3d calibar 500,Informational,40,9,0,0,,Loại,Ngoài phạm vi plan,Ngoài phạm vi,Informational,—
lining aeronaut 7000 combat,Informational,40,9,0,0,,Loại,Ngoài phạm vi plan,Ngoài phạm vi,Informational,—
lining sale off chính hãng,"Informational, Transactional",40,8,0.05999999865889549,0,,Loại,Ngoài phạm vi plan,Ngoài phạm vi,Transactional,—
luật chơi cầu lông đánh đôi,Informational,40,14,0.009999999776482582,0,,Loại,Ngoài phạm vi plan,Ngoài phạm vi,Informational,—
lyn royal city,Informational,40,19,0.03999999910593033,0,,Loại,Ngoài phạm vi plan,Ngoài phạm vi,Informational,—
lọ đánh giày trắng,Informational,40,8,0,0,,Loại,Ngoài phạm vi plan,Ngoài phạm vi,Informational,—
mũ bơi lining,Informational,40,5,0.05999999865889549,0,,Loại,Ngoài phạm vi plan,Ngoài phạm vi,Informational,—
những cây vợt cầu lông nhẹ nhất,Informational,40,7,0,0,,Loại,Ngoài phạm vi plan,Ngoài phạm vi,Informational,—
những cây vợt cầu lông tốt nhất,Informational,40,9,0,0,,Loại,Ngoài phạm vi plan,Ngoài phạm vi,Informational,—
những hãng giày nổi tiếng trên thế giới,Informational,40,6,0,0,,Loại,Ngoài phạm vi plan,Ngoài phạm vi,Informational,—
nike vincom phạm ngọc thạch,Commercial,40,23,0,0,,Loại,Ngoài phạm vi plan,Ngoài phạm vi,Commercial investigation,—
seago line,Informational,40,21,0,0,,Loại,Ngoài phạm vi plan,Ngoài phạm vi,Informational,—
sky 3,Commercial,40,27,0,0,,Loại,Ngoài phạm vi plan,Ngoài phạm vi,Commercial investigation,—
sw 415,Informational,40,11,0,0,,Loại,Ngoài phạm vi plan,Ngoài phạm vi,Informational,—
thắt dây giày cao cổ,Informational,40,10,0,0,,Loại,Ngoài phạm vi plan,Ngoài phạm vi,Informational,—
thẻ đỏ trong cầu lông,Informational,40,11,0,0,,Loại,Ngoài phạm vi plan,Ngoài phạm vi,Informational,—
thể thao lining,Navigational,40,34,0.05000000074505806,0,,Loại,Ngoài phạm vi plan,Ngoài phạm vi,Informational,—
tìm hiểu về môn cầu lông,Informational,40,5,0,0,,Loại,Ngoài phạm vi plan,Ngoài phạm vi,Informational,—
túi đựng vợt cầu lông giá rẻ,Informational,40,6,0.03999999910593033,0,,Loại,Ngoài phạm vi plan,Ngoài phạm vi,Transactional,—
vợt cầu lông nhật bản,Informational,40,10,0,0,,Loại,Ngoài phạm vi plan,Ngoài phạm vi,Informational,—
vợt cầu lông siêu nhẹ,Informational,40,5,0,0,,Loại,Ngoài phạm vi plan,Ngoài phạm vi,Informational,—
đan vợt cầu lông bao nhiêu kg là vừa,Informational,40,9,0,0,,Loại,Ngoài phạm vi plan,Ngoài phạm vi,Informational,—
đồ bóng chuyền mizuno,"Informational, Transactional",40,2,0.10000000149011612,0,,Loại,Ngoài phạm vi plan,Ngoài phạm vi,Commercial investigation,—
đồ bơi hội an,Commercial,40,19,0,0,,Loại,Ngoài phạm vi plan,Ngoài phạm vi,Commercial investigation,—
đồng hồ byino,Informational,40,10,0,0,,Loại,Ngoài phạm vi plan,Ngoài phạm vi,Informational,—
ưu đãi giáng sinh,Informational,40,11,0,0,,Loại,Ngoài phạm vi plan,Ngoài phạm vi,Informational,—
2no shop,Navigational,30,37,0,0,,Loại,Ngoài phạm vi plan,Ngoài phạm vi,Informational,—
340 trường chinh,Informational,30,7,0,0,,Loại,Ngoài phạm vi plan,Ngoài phạm vi,Informational,—
6000 12,Informational,30,6,0,0,,Loại,Ngoài phạm vi plan,Ngoài phạm vi,Informational,—
6000 224,Informational,30,16,0,0,,Loại,Ngoài phạm vi plan,Ngoài phạm vi,Informational,—
6000 2800,Informational,30,9,0,0,,Loại,Ngoài phạm vi plan,Ngoài phạm vi,Informational,—
6000 300,Informational,30,16,0,0,,Loại,Ngoài phạm vi plan,Ngoài phạm vi,Informational,—
6000 33,Informational,30,39,0,0,,Loại,Ngoài phạm vi plan,Ngoài phạm vi,Informational,—
6000 400,Informational,30,10,0,0,,Loại,Ngoài phạm vi plan,Ngoài phạm vi,Informational,—
6000 85,Informational,30,21,0,0,,Loại,Ngoài phạm vi plan,Ngoài phạm vi,Informational,—
aeronaut 700,Informational,30,8,0,0,,Loại,Ngoài phạm vi plan,Ngoài phạm vi,Informational,—
aeronaut 7000 boost,Informational,30,9,0,0,,Loại,Ngoài phạm vi plan,Ngoài phạm vi,Informational,—
anh văn sport,Navigational,30,25,0,0,,Loại,Ngoài phạm vi plan,Ngoài phạm vi,Informational,—
auto lining,Informational,30,25,0,0,,Loại,Ngoài phạm vi plan,Ngoài phạm vi,Informational,—
babino,Informational,30,25,0,0,,Loại,Ngoài phạm vi plan,Ngoài phạm vi,Informational,—
babolat n tense lite,Informational,30,-1,0,0,,Loại,Ngoài phạm vi plan,Ngoài phạm vi,Informational,—
baking soda làm sạch giày,Informational,30,6,0,0,,Loại,Ngoài phạm vi plan,Ngoài phạm vi,Informational,—
baladeo,Informational,30,10,0,0,,Loại,Ngoài phạm vi plan,Ngoài phạm vi,Informational,—
balo lining sale,"Informational, Transactional",30,9,0,0,,Loại,Ngoài phạm vi plan,Ngoài phạm vi,Commercial investigation,—
balo no,Navigational,30,37,0,0,,Loại,Ngoài phạm vi plan,Ngoài phạm vi,Informational,—
balo sport,Informational,30,8,0.05000000074505806,0,,Loại,Ngoài phạm vi plan,Ngoài phạm vi,Informational,—
balo thể thao giá rẻ,Informational,30,5,0,0,,Loại,Ngoài phạm vi plan,Ngoài phạm vi,Transactional,—
balo đựng vợt cầu lông giá rẻ,Informational,30,4,0,0,,Loại,Ngoài phạm vi plan,Ngoài phạm vi,Transactional,—
ban sip,Informational,30,18,0,0,,Loại,Ngoài phạm vi plan,Ngoài phạm vi,Transactional,—
banglinh,Navigational,30,29,0,0,,Loại,Ngoài phạm vi plan,Ngoài phạm vi,Informational,—
barno,Informational,30,27,0,0,,Loại,Ngoài phạm vi plan,Ngoài phạm vi,Informational,—
batino,Informational,30,13,0,0,,Loại,Ngoài phạm vi plan,Ngoài phạm vi,Informational,—
bda 047,Commercial,30,8,0,0,,Loại,Ngoài phạm vi plan,Ngoài phạm vi,Commercial investigation,—
bebond,Navigational,30,37,0,0,,Loại,Ngoài phạm vi plan,Ngoài phạm vi,Informational,—
bennio,Informational,30,15,0,0,,Loại,Ngoài phạm vi plan,Ngoài phạm vi,Informational,—
bentoni vn,Navigational,30,35,0,0,,Loại,Ngoài phạm vi plan,Ngoài phạm vi,Informational,—
binunaa,Informational,30,25,0,0,,Loại,Ngoài phạm vi plan,Ngoài phạm vi,Informational,—
blage,Informational,30,32,0,0,,Loại,Ngoài phạm vi plan,Ngoài phạm vi,Informational,—
bleuenn,Informational,30,21,0,0,,Loại,Ngoài phạm vi plan,Ngoài phạm vi,Informational,—
bo the thao thu dong,Informational,30,6,0,0,,Loại,Ngoài phạm vi plan,Ngoài phạm vi,Informational,—
bomber trơn,Informational,30,5,0,0,,Loại,Ngoài phạm vi plan,Ngoài phạm vi,Informational,—
bongiovani,Informational,30,18,0,0,,Loại,Ngoài phạm vi plan,Ngoài phạm vi,Informational,—
breeno,Informational,30,20,0,0,,Loại,Ngoài phạm vi plan,Ngoài phạm vi,Informational,—
bt no,Informational,30,28,0,0,,Loại,Ngoài phạm vi plan,Ngoài phạm vi,Informational,—
bulbal belona,"Informational, Transactional",30,8,0,0,,Loại,Ngoài phạm vi plan,Ngoài phạm vi,Commercial investigation,—
bullsone vietnam,Navigational,30,14,0,0,,Loại,Ngoài phạm vi plan,Ngoài phạm vi,Informational,—
buộc dây giày biti's hunter,Informational,30,13,0,0,,Loại,Ngoài phạm vi plan,Ngoài phạm vi,Informational,—
buộc dây giày da,"Informational, Transactional",30,5,0,0,,Loại,Ngoài phạm vi plan,Ngoài phạm vi,Commercial investigation,—
buộc dây giày sneaker,Informational,30,10,0,0,,Loại,Ngoài phạm vi plan,Ngoài phạm vi,Informational,—
buộc dây giày tiếng anh là gì,Informational,30,16,0,0,,Loại,Ngoài phạm vi plan,Ngoài phạm vi,Informational,—
buộc dây giày tròn,"Informational, Transactional",30,10,0,0,,Loại,Ngoài phạm vi plan,Ngoài phạm vi,Commercial investigation,—
buộc dây giày vans 5 lỗ,Informational,30,10,0,0,,Loại,Ngoài phạm vi plan,Ngoài phạm vi,Informational,—
buộc dây giày đá bóng,"Informational, Transactional",30,8,0,0,,Loại,Ngoài phạm vi plan,Ngoài phạm vi,Commercial investigation,—
buộc giày đẹp,"Informational, Transactional",30,10,0,0,,Loại,Ngoài phạm vi plan,Ngoài phạm vi,Commercial investigation,—
buộc giấu dây giày,Informational,30,5,0,0,,Loại,Ngoài phạm vi plan,Ngoài phạm vi,Informational,—
bài văn tả về môn cầu lông,Informational,30,9,0,0,,Loại,Ngoài phạm vi plan,Ngoài phạm vi,Informational,—
bình chùi giày,Informational,30,11,0,0,,Loại,Ngoài phạm vi plan,Ngoài phạm vi,Informational,—
bóng chuyền vinasport,Informational,30,3,0,0,,Loại,Ngoài phạm vi plan,Ngoài phạm vi,Informational,—
bóng chuyền đẹp,Informational,30,22,0,0,,Loại,Ngoài phạm vi plan,Ngoài phạm vi,Informational,—
bóng rổ lining,"Informational, Transactional",30,9,0,0,,Loại,Ngoài phạm vi plan,Ngoài phạm vi,Commercial investigation,—
bóng rổ outdoor,Informational,30,8,0.019999999552965164,0,,Loại,Ngoài phạm vi plan,Ngoài phạm vi,Informational,—
bóng rổ đường phố,"Informational, Transactional",30,19,0,0,,Loại,Ngoài phạm vi plan,Ngoài phạm vi,Commercial investigation,—
bóng đá lining,Navigational,30,16,0,0,,Loại,Ngoài phạm vi plan,Ngoài phạm vi,Informational,—
bóng đá sân nhân tạo,Informational,30,16,0,0,,Loại,Ngoài phạm vi plan,Ngoài phạm vi,Informational,—
bông rổ,Informational,30,23,0,0,,Loại,Ngoài phạm vi plan,Ngoài phạm vi,Informational,—
băng tay cầu lông,Informational,30,5,0.019999999552965164,0,,Loại,Ngoài phạm vi plan,Ngoài phạm vi,Informational,—
băng trán,Informational,30,4,0,0,,Loại,Ngoài phạm vi plan,Ngoài phạm vi,Informational,—
bảo vệ giày trắng,Informational,30,8,0,0,,Loại,Ngoài phạm vi plan,Ngoài phạm vi,Informational,—
bộ bơi liền thân,Informational,30,2,0,0,,Loại,Ngoài phạm vi plan,Ngoài phạm vi,Informational,—
bộ cầu lông giá rẻ,Informational,30,56,0,0,,Loại,Ngoài phạm vi plan,Ngoài phạm vi,Transactional,—
bộ gió thể thao lining,Transactional,30,8,0,0,,Loại,Ngoài phạm vi plan,Ngoài phạm vi,Commercial investigation,—
bộ môn cầu lông,Informational,30,16,0,0,,Loại,Ngoài phạm vi plan,Ngoài phạm vi,Informational,—
bộ nỉ thu đông,Informational,30,11,0.05000000074505806,0,,Loại,Ngoài phạm vi plan,Ngoài phạm vi,Informational,—
bộ sưu tập thời trang thu đông,"Informational, Transactional",30,8,0,0,,Loại,Ngoài phạm vi plan,Ngoài phạm vi,Commercial investigation,—
bộ thể thao cho bé gái,Informational,30,15,0,0,,Loại,Ngoài phạm vi plan,Ngoài phạm vi,Informational,—
bộ thể thao nhung,Informational,30,16,0,0,,Loại,Ngoài phạm vi plan,Ngoài phạm vi,Informational,—
bột lông vũ là gì,Informational,30,6,0,0,,Loại,Ngoài phạm vi plan,Ngoài phạm vi,Informational,—
cac loai giay the thao,Informational,30,9,0,0,,Loại,Ngoài phạm vi plan,Ngoài phạm vi,Informational,—
cach buoc day dep,"Informational, Transactional",30,10,0,0,,Loại,Ngoài phạm vi plan,Ngoài phạm vi,Informational,—
cach lam sach giay,"Informational, Transactional",30,10,0,0,,Loại,Ngoài phạm vi plan,Ngoài phạm vi,Informational,—
cach so day giay dep,"Informational, Transactional",30,10,0,0,,Loại,Ngoài phạm vi plan,Ngoài phạm vi,Informational,—
calbar,Informational,30,55,0,0,,Loại,Ngoài phạm vi plan,Ngoài phạm vi,Informational,—
cam vot cau long,"Informational, Transactional",30,14,0,0,,Loại,Ngoài phạm vi plan,Ngoài phạm vi,Commercial investigation,—
canon cannon,Informational,30,60,0,0,,Loại,Ngoài phạm vi plan,Ngoài phạm vi,Informational,—
chai tẩy giày trắng,Informational,30,5,0.05000000074505806,0,,Loại,Ngoài phạm vi plan,Ngoài phạm vi,Informational,—
chai tẩy trắng giày,"Informational, Transactional",30,3,0.05000000074505806,0,,Loại,Ngoài phạm vi plan,Ngoài phạm vi,Commercial investigation,—
check code giày,Informational,30,7,0,0,,Loại,Ngoài phạm vi plan,Ngoài phạm vi,Informational,—
check code giày fila,Informational,30,9,0,0,,Loại,Ngoài phạm vi plan,Ngoài phạm vi,Informational,—
check mã giày lining,Informational,30,5,0,0,,Loại,Ngoài phạm vi plan,Ngoài phạm vi,Informational,—
check mã qr lining,Informational,30,7,0,0,,Loại,Ngoài phạm vi plan,Ngoài phạm vi,Informational,—
check mã vợt victor,Informational,30,6,0,0,,Loại,Ngoài phạm vi plan,Ngoài phạm vi,Informational,—
chà giày bằng kem đánh răng,Informational,30,-1,0,0,,Loại,Ngoài phạm vi plan,Ngoài phạm vi,Informational,—
chất lượng giày lining,Informational,30,5,0,0,,Loại,Ngoài phạm vi plan,Ngoài phạm vi,Informational,—
chỉ số u và g trên vợt cầu lông,Informational,30,5,0,0,,Loại,Ngoài phạm vi plan,Ngoài phạm vi,Informational,—
chọn giày cầu lông,Informational,30,4,0,0,,Loại,Ngoài phạm vi plan,Ngoài phạm vi,Informational,—
chọn mua vợt cầu lông,Informational,30,16,0,0,,Loại,Ngoài phạm vi plan,Ngoài phạm vi,Transactional,—
chọn vợt cầu lông công thủ toàn diện,Informational,30,6,0,0,,Loại,Ngoài phạm vi plan,Ngoài phạm vi,Informational,—
cl24,Informational,30,11,0,0,,Loại,Ngoài phạm vi plan,Ngoài phạm vi,Informational,—
con gái đội mũ lưỡi trai,Informational,30,10,0,0,,Loại,Ngoài phạm vi plan,Ngoài phạm vi,Informational,—
các bài tập tăng lực đập cầu,Informational,30,6,0,0,,Loại,Ngoài phạm vi plan,Ngoài phạm vi,Informational,—
các bộ phận của vợt cầu lông,Informational,30,6,0,0,,Loại,Ngoài phạm vi plan,Ngoài phạm vi,Informational,—
các cách đan dây giày,Informational,30,10,0,0,,Loại,Ngoài phạm vi plan,Ngoài phạm vi,Informational,—
các dòng vợt cầu lông,Informational,30,6,0,0,,Loại,Ngoài phạm vi plan,Ngoài phạm vi,Informational,—
các hiệu giày thể thao,Informational,30,5,0,0,,Loại,Ngoài phạm vi plan,Ngoài phạm vi,Informational,—
các hãng giày bóng đá nổi tiếng,Informational,30,25,0,0,,Loại,Ngoài phạm vi plan,Ngoài phạm vi,Informational,—
các hãng giày sneaker đẹp,Informational,30,6,0,0,,Loại,Ngoài phạm vi plan,Ngoài phạm vi,Informational,—
các hãng giày đá bóng,Informational,30,3,0.019999999552965164,0,,Loại,Ngoài phạm vi plan,Ngoài phạm vi,Informational,—
các hãng giầy nổi tiếng thế giới,Informational,30,7,0,0,,Loại,Ngoài phạm vi plan,Ngoài phạm vi,Informational,—
các kiểu buộc dây giày,Informational,30,10,0,0,,Loại,Ngoài phạm vi plan,Ngoài phạm vi,Informational,—
các kiểu buộc dây giày da,Informational,30,10,0,0,,Loại,Ngoài phạm vi plan,Ngoài phạm vi,Informational,—
các kiểu buộc dây giày nike,Informational,30,9,0,0,,Loại,Ngoài phạm vi plan,Ngoài phạm vi,Informational,—
các kiểu cột dây giày,Informational,30,10,0,0,,Loại,Ngoài phạm vi plan,Ngoài phạm vi,Informational,—
các kiểu thắt dây giày converse,Informational,30,10,0,0,,Loại,Ngoài phạm vi plan,Ngoài phạm vi,Informational,—
các kiểu xâu dây giày đẹp,Informational,30,9,0,0,,Loại,Ngoài phạm vi plan,Ngoài phạm vi,Informational,—
các kiểu xỏ dây giày đẹp,"Informational, Transactional",30,9,0,0,,Loại,Ngoài phạm vi plan,Ngoài phạm vi,Commercial investigation,—
các ký hiệu trọng tài cầu lông,"Informational, Transactional",30,9,0,0,,Loại,Ngoài phạm vi plan,Ngoài phạm vi,Commercial investigation,—
các kỹ thuật cầu lông nâng cao,Informational,30,8,0,0,,Loại,Ngoài phạm vi plan,Ngoài phạm vi,Informational,—
các kỹ thuật đập cầu lông,Informational,30,9,0,0,,Loại,Ngoài phạm vi plan,Ngoài phạm vi,Informational,—
các loại giày hot nhất hiện nay,Informational,30,7,0,0,,Loại,Ngoài phạm vi plan,Ngoài phạm vi,Informational,—
các loại giày thể thao đẹp,Informational,30,9,0,0,,Loại,Ngoài phạm vi plan,Ngoài phạm vi,Informational,—
các loại giày được ưa chuộng nhất hiện nay,Informational,30,8,0,0,,Loại,Ngoài phạm vi plan,Ngoài phạm vi,Informational,—
các loại loafer,Informational,30,6,0,0,,Loại,Ngoài phạm vi plan,Ngoài phạm vi,Informational,—
các loại lưới cầu lông,Informational,30,6,0,0,,Loại,Ngoài phạm vi plan,Ngoài phạm vi,Informational,—
các thương hiệu giày noi tieng the gioi,Informational,30,7,0,0,,Loại,Ngoài phạm vi plan,Ngoài phạm vi,Informational,—
cách break in giày đá bóng,Informational,30,5,0,0,,Loại,Ngoài phạm vi plan,Ngoài phạm vi,Informational,—
cách buoc day day,Informational,30,10,0,0,,Loại,Ngoài phạm vi plan,Ngoài phạm vi,Informational,—
cách buộc dây giày 4 lỗ đẹp,Informational,30,9,0,0,,Loại,Ngoài phạm vi plan,Ngoài phạm vi,Informational,—
cách buộc dây giày 5 lỗ đẹp nhất,Informational,30,9,0,0,,Loại,Ngoài phạm vi plan,Ngoài phạm vi,Informational,—
cách buộc dây giày 6 lỗ đẹp nhất,Informational,30,4,0,0,,Loại,Ngoài phạm vi plan,Ngoài phạm vi,Informational,—
cách buộc dây giày adidas 5 lỗ,"Informational, Transactional",30,12,0,0,,Loại,Ngoài phạm vi plan,Ngoài phạm vi,Informational,—
cách buộc dây giày adidas 8 lỗ,"Informational, Transactional",30,12,0,0,,Loại,Ngoài phạm vi plan,Ngoài phạm vi,Informational,—
cách buộc dây giày adidas ultra boost,Informational,30,17,0,0,,Loại,Ngoài phạm vi plan,Ngoài phạm vi,Informational,—
cách buộc dây giày air force 1,Informational,30,17,0,0,,Loại,Ngoài phạm vi plan,Ngoài phạm vi,Informational,—
cách buộc dây giày bitis hunter x,Informational,30,13,0,0,,Loại,Ngoài phạm vi plan,Ngoài phạm vi,Informational,—
cách buộc dây giày bóng chuyền,Informational,30,10,0,0,,Loại,Ngoài phạm vi plan,Ngoài phạm vi,Informational,—
cách buộc dây giày bóng rổ,Informational,30,9,0,0,,Loại,Ngoài phạm vi plan,Ngoài phạm vi,Informational,—
cách buộc dây giày cho dây dài,Informational,30,9,0,0,,Loại,Ngoài phạm vi plan,Ngoài phạm vi,Informational,—
cách buộc dây giày có tai,Informational,30,10,0,0,,Loại,Ngoài phạm vi plan,Ngoài phạm vi,Informational,—
cách buộc dây giày da cao cổ,Informational,30,9,0,0,,Loại,Ngoài phạm vi plan,Ngoài phạm vi,Informational,—
cách buộc dây giày ghệt,Informational,30,10,0,0,,Loại,Ngoài phạm vi plan,Ngoài phạm vi,Informational,—
cách buộc dây giày louis vuitton,"Informational, Transactional",30,12,0,0,,Loại,Ngoài phạm vi plan,Ngoài phạm vi,Informational,—
cách buộc dây giày mizuno,Informational,30,10,0,0,,Loại,Ngoài phạm vi plan,Ngoài phạm vi,Informational,—
cách buộc dây giày nhanh,"Informational, Transactional",30,10,0,0,,Loại,Ngoài phạm vi plan,Ngoài phạm vi,Informational,—
cách buộc dây giày nơ đôi,"Informational, Transactional",30,16,0,0,,Loại,Ngoài phạm vi plan,Ngoài phạm vi,Informational,—
cách buộc dây giày oxford,"Informational, Transactional",30,5,0,0,,Loại,Ngoài phạm vi plan,Ngoài phạm vi,Informational,—
cách buộc dây giày puma,"Informational, Transactional",30,13,0,0,,Loại,Ngoài phạm vi plan,Ngoài phạm vi,Informational,—
cách buộc dây giày sneaker 4 lỗ,Informational,30,7,0,0,,Loại,Ngoài phạm vi plan,Ngoài phạm vi,Informational,—
cách buộc dây giày superstar,Informational,30,25,0,0,,Loại,Ngoài phạm vi plan,Ngoài phạm vi,Informational,—
cách buộc dây giày thể thao không bị tuột,Informational,30,22,0,0,,Loại,Ngoài phạm vi plan,Ngoài phạm vi,Informational,—
cách buộc dây giày to,"Informational, Transactional",30,10,0,0,,Loại,Ngoài phạm vi plan,Ngoài phạm vi,Informational,—
cách buộc dây giày trắng,Informational,30,10,0,0,,Loại,Ngoài phạm vi plan,Ngoài phạm vi,Informational,—
cách buộc dây giày đẹp nhất,"Informational, Transactional",30,10,0,0,,Loại,Ngoài phạm vi plan,Ngoài phạm vi,Informational,—
cách buộc dây giày đế cao,"Informational, Transactional",30,9,0,0,,Loại,Ngoài phạm vi plan,Ngoài phạm vi,Informational,—
cách buộc dây không bị tuột,"Informational, Transactional",30,19,0,0,,Loại,Ngoài phạm vi plan,Ngoài phạm vi,Informational,—
cách buộc giày cổ cao,"Informational, Transactional",30,10,0,0,,Loại,Ngoài phạm vi plan,Ngoài phạm vi,Informational,—
cách buộc giày giấu dây,"Informational, Transactional",30,10,0,0,,Loại,Ngoài phạm vi plan,Ngoài phạm vi,Informational,—
cách buộc giày thể thao đẹp,"Informational, Transactional",30,10,0,0,,Loại,Ngoài phạm vi plan,Ngoài phạm vi,Informational,—
cách buộc giày đẹp nhất,"Informational, Transactional",30,10,0,0,,Loại,Ngoài phạm vi plan,Ngoài phạm vi,Informational,—
cách check mã giày,Informational,30,5,0,0,,Loại,Ngoài phạm vi plan,Ngoài phạm vi,Informational,—
cách chà giày,Informational,30,10,0,0,,Loại,Ngoài phạm vi plan,Ngoài phạm vi,Informational,—
cách chà giày sạch,Informational,30,11,0,0,,Loại,Ngoài phạm vi plan,Ngoài phạm vi,Informational,—
cách chơi cầu lông đơn giản,Informational,30,9,0,0,,Loại,Ngoài phạm vi plan,Ngoài phạm vi,Informational,—
cách chọn giày thể thao,Informational,30,10,0,0,,Loại,Ngoài phạm vi plan,Ngoài phạm vi,Informational,—
cách chọn vợt cầu lông phù hợp,Informational,30,9,0,0,,Loại,Ngoài phạm vi plan,Ngoài phạm vi,Informational,—
cách căng cước vợt cầu lông,Informational,30,2,0,0,,Loại,Ngoài phạm vi plan,Ngoài phạm vi,Informational,—
cách căng vợt cầu lông,Informational,30,7,0,0,,Loại,Ngoài phạm vi plan,Ngoài phạm vi,Informational,—
cách cầm vợt chuẩn,"Informational, Transactional",30,9,0,0,,Loại,Ngoài phạm vi plan,Ngoài phạm vi,Informational,—
cách cầm vợt cầu lông khi smash,"Informational, Transactional",30,9,0,0,,Loại,Ngoài phạm vi plan,Ngoài phạm vi,Informational,—
cách cầm vợt khi đập cầu,"Informational, Transactional",30,9,0,0,,Loại,Ngoài phạm vi plan,Ngoài phạm vi,Informational,—
cách cột dây giày 3 lỗ,Informational,30,9,0,0,,Loại,Ngoài phạm vi plan,Ngoài phạm vi,Informational,—
cách cột dây giày không tuột,Informational,30,25,0,0,,Loại,Ngoài phạm vi plan,Ngoài phạm vi,Informational,—
cách cột dây giày đá banh,Informational,30,18,0,0,,Loại,Ngoài phạm vi plan,Ngoài phạm vi,Informational,—
cách cột giày thể thao,Informational,30,10,0,0,,Loại,Ngoài phạm vi plan,Ngoài phạm vi,Informational,—
cách dán giày dép,"Informational, Transactional",30,7,0,0,,Loại,Ngoài phạm vi plan,Ngoài phạm vi,Informational,—
cách dán giày thể thao,Informational,30,5,0,0,,Loại,Ngoài phạm vi plan,Ngoài phạm vi,Informational,—
cách dán đế giày,"Informational, Transactional",30,9,0,0,,Loại,Ngoài phạm vi plan,Ngoài phạm vi,Informational,—
cách dùng lọ tẩy trắng giày,Informational,30,11,0,0,,Loại,Ngoài phạm vi plan,Ngoài phạm vi,Informational,—
cách ghi biên bản cầu lông,"Informational, Transactional",30,12,0,0,,Loại,Ngoài phạm vi plan,Ngoài phạm vi,Transactional,—
cách ghi điểm trọng tài cầu lông,Informational,30,9,0,0,,Loại,Ngoài phạm vi plan,Ngoài phạm vi,Informational,—
cách giao cầu bổng,Informational,30,18,0,0,,Loại,Ngoài phạm vi plan,Ngoài phạm vi,Informational,—
cách gấp đồ lót gọn,"Informational, Transactional",30,9,0,0,,Loại,Ngoài phạm vi plan,Ngoài phạm vi,Informational,—
cách gọi tên các loại giày,Informational,30,5,0,0,,Loại,Ngoài phạm vi plan,Ngoài phạm vi,Informational,—
cách khâu giày đá bóng,Informational,30,5,0,0,,Loại,Ngoài phạm vi plan,Ngoài phạm vi,Informational,—
cách lau giày sạch,Informational,30,10,0,0,,Loại,Ngoài phạm vi plan,Ngoài phạm vi,Informational,—
cách luồn dây giày nike,"Informational, Transactional",30,10,0,0,,Loại,Ngoài phạm vi plan,Ngoài phạm vi,Informational,—
cách làm mới giày,Informational,30,12,0,0,,Loại,Ngoài phạm vi plan,Ngoài phạm vi,Informational,—
cách làm sạch dép trắng,Informational,30,9,0,0,,Loại,Ngoài phạm vi plan,Ngoài phạm vi,Informational,—
cách làm sạch giày thể thao màu trắng,Informational,30,7,0,0,,Loại,Ngoài phạm vi plan,Ngoài phạm vi,Informational,—
cách làm sạch đế giày,Informational,30,5,0,0,,Loại,Ngoài phạm vi plan,Ngoài phạm vi,Informational,—
cách làm sạch đế giày trắng,Informational,30,4,0,0,,Loại,Ngoài phạm vi plan,Ngoài phạm vi,Informational,—
cách làm trắng dây giày,Informational,30,9,0,0,,Loại,Ngoài phạm vi plan,Ngoài phạm vi,Informational,—
cách làm trắng giày bata,"Informational, Transactional",30,9,0,0,,Loại,Ngoài phạm vi plan,Ngoài phạm vi,Informational,—
cách làm vợt cầu lông,"Informational, Transactional",30,9,0,0,,Loại,Ngoài phạm vi plan,Ngoài phạm vi,Informational,—
cách mang giày giấu dây,Informational,30,7,0,0,,Loại,Ngoài phạm vi plan,Ngoài phạm vi,Informational,—
cách mang giày đá bóng cổ cao,"Informational, Transactional",30,5,0,0,,Loại,Ngoài phạm vi plan,Ngoài phạm vi,Informational,—
cách mài đinh giày đá bóng,"Informational, Transactional",30,16,0,0,,Loại,Ngoài phạm vi plan,Ngoài phạm vi,Informational,—
cách nhận biết giày hàng hiệu,Informational,30,3,0,0,,Loại,Ngoài phạm vi plan,Ngoài phạm vi,Informational,—
cách phát cầu lông chuẩn,"Informational, Transactional",30,11,0,0,,Loại,Ngoài phạm vi plan,Ngoài phạm vi,Informational,—
cách phát cầu lông thuận tay,Informational,30,9,0,0,,Loại,Ngoài phạm vi plan,Ngoài phạm vi,Informational,—
cách phân biệt giày lining thật giả,Informational,30,8,0,0,,Loại,Ngoài phạm vi plan,Ngoài phạm vi,Informational,—
cách phơi giày trắng không bị ố vàng,Informational,30,8,0,0,,Loại,Ngoài phạm vi plan,Ngoài phạm vi,Informational,—
cách phối giày,Informational,30,9,0,0,,Loại,Ngoài phạm vi plan,Ngoài phạm vi,Informational,—
cách so day giay,"Informational, Transactional",30,11,0,0,,Loại,Ngoài phạm vi plan,Ngoài phạm vi,Informational,—
cách so dây giày thể thao,"Informational, Transactional",30,7,0,0,,Loại,Ngoài phạm vi plan,Ngoài phạm vi,Informational,—
cách sử dụng keo dán giày super glue,Informational,30,0,0,0,,Loại,Ngoài phạm vi plan,Ngoài phạm vi,Informational,—
cách sử dụng nước tẩy giày,Informational,30,9,0,0,,Loại,Ngoài phạm vi plan,Ngoài phạm vi,Informational,—
cách thac day giay,"Informational, Transactional",30,11,0,0,,Loại,Ngoài phạm vi plan,Ngoài phạm vi,Informational,—
cách tháo đế giày,Informational,30,7,0,0,,Loại,Ngoài phạm vi plan,Ngoài phạm vi,Informational,—
cách thâu dây giày,"Informational, Transactional",30,18,0,0,,Loại,Ngoài phạm vi plan,Ngoài phạm vi,Informational,—
cách thắt dây giày 2 dây,"Informational, Transactional",30,9,0,0,,Loại,Ngoài phạm vi plan,Ngoài phạm vi,Informational,—
cách thắt dây giày 3 lỗ giấu dây,Informational,30,-1,0,0,,Loại,Ngoài phạm vi plan,Ngoài phạm vi,Informational,—
cách thắt dây giày 5 lỗ,Informational,30,8,0,0,,Loại,Ngoài phạm vi plan,Ngoài phạm vi,Informational,—
cách thắt dây giày adidas,Informational,30,18,0,0,,Loại,Ngoài phạm vi plan,Ngoài phạm vi,Informational,—
cách thắt dây giày balenciaga,Informational,30,27,0,0,,Loại,Ngoài phạm vi plan,Ngoài phạm vi,Informational,—
cách thắt dây giày fila,Informational,30,9,0,0,,Loại,Ngoài phạm vi plan,Ngoài phạm vi,Informational,—
cách thắt dây giày không cần buộc,"Informational, Transactional",30,9,0,0,,Loại,Ngoài phạm vi plan,Ngoài phạm vi,Informational,—
cách thắt dây giày louis vuitton,"Informational, Transactional",30,9,0,0,,Loại,Ngoài phạm vi plan,Ngoài phạm vi,Informational,—
cách thắt dây giày nike air force 1,"Informational, Transactional",30,4,0,0,,Loại,Ngoài phạm vi plan,Ngoài phạm vi,Informational,—
cách thắt dây giày sneaker đẹp,Informational,30,10,0,0,,Loại,Ngoài phạm vi plan,Ngoài phạm vi,Informational,—
cách thắt dây giày vans cổ cao,Informational,30,-1,0,0,,Loại,Ngoài phạm vi plan,Ngoài phạm vi,Informational,—
cách thắt dây giày đúng,"Informational, Transactional",30,10,0,0,,Loại,Ngoài phạm vi plan,Ngoài phạm vi,Informational,—
cách thắt dây giày đúng cách,"Informational, Transactional",30,10,0,0,,Loại,Ngoài phạm vi plan,Ngoài phạm vi,Informational,—
cách thắt giày 2 dây,"Informational, Transactional",30,10,0,0,,Loại,Ngoài phạm vi plan,Ngoài phạm vi,Informational,—
cách thắt giày 6 lỗ,Informational,30,5,0,0,,Loại,Ngoài phạm vi plan,Ngoài phạm vi,Informational,—
cách thắt giày bóng đá,Informational,30,18,0,0,,Loại,Ngoài phạm vi plan,Ngoài phạm vi,Informational,—
cách thắt giày giấu dây,"Informational, Transactional",30,9,0,0,,Loại,Ngoài phạm vi plan,Ngoài phạm vi,Informational,—
cách thắt giày đơn giản,"Informational, Transactional",30,10,0,0,,Loại,Ngoài phạm vi plan,Ngoài phạm vi,Informational,—
cách thắt nơ giày đẹp,"Informational, Transactional",30,25,0,0,,Loại,Ngoài phạm vi plan,Ngoài phạm vi,Informational,—
cách tẩy giày trắng bị bẩn,Informational,30,12,0,0,,Loại,Ngoài phạm vi plan,Ngoài phạm vi,Informational,—
cách tẩy giày trắng bị ố vàng tại nhà,"Informational, Transactional",30,10,0.009999999776482582,0,,Loại,Ngoài phạm vi plan,Ngoài phạm vi,Informational,—
cách tẩy màu trên giày trắng,Informational,30,9,0,0,,Loại,Ngoài phạm vi plan,Ngoài phạm vi,Informational,—
cách tẩy sạch giày trắng,Commercial,30,8,0,0,,Loại,Ngoài phạm vi plan,Ngoài phạm vi,Informational,—
cách tẩy trắng giày,Informational,30,5,0,0,,Loại,Ngoài phạm vi plan,Ngoài phạm vi,Informational,—
cách tẩy trắng giày bằng baking soda,Informational,30,5,0,0,,Loại,Ngoài phạm vi plan,Ngoài phạm vi,Informational,—
cách tẩy trắng vết ố vàng trên giày,Informational,30,8,0,0,,Loại,Ngoài phạm vi plan,Ngoài phạm vi,Informational,—
cách tẩy vết rỉ sét trên giày,Informational,30,18,0,0,,Loại,Ngoài phạm vi plan,Ngoài phạm vi,Informational,—
cách tẩy ố giày trắng,Informational,30,12,0.029999999329447746,0,,Loại,Ngoài phạm vi plan,Ngoài phạm vi,Informational,—
cách tẩy ố vàng trên giày,Informational,30,8,0.019999999552965164,0,,Loại,Ngoài phạm vi plan,Ngoài phạm vi,Informational,—
cách vệ sinh giày cầu lông,Informational,30,6,0,0,,Loại,Ngoài phạm vi plan,Ngoài phạm vi,Informational,—
cách vệ sinh giày patin,Informational,30,8,0,0,,Loại,Ngoài phạm vi plan,Ngoài phạm vi,Informational,—
cách vụt cầu lông,"Informational, Transactional",30,18,0,0,,Loại,Ngoài phạm vi plan,Ngoài phạm vi,Informational,—
cách xâu dây giày đẹp nhất,"Informational, Transactional",30,9,0,0,,Loại,Ngoài phạm vi plan,Ngoài phạm vi,Informational,—
cách xếp đồ gọn,"Informational, Transactional",30,15,0,0,,Loại,Ngoài phạm vi plan,Ngoài phạm vi,Informational,—
cách xếp đồ không bị nhăn,"Informational, Transactional",30,8,0,0,,Loại,Ngoài phạm vi plan,Ngoài phạm vi,Informational,—
cách xếp đồ đẹp,"Informational, Transactional",30,20,0,0,,Loại,Ngoài phạm vi plan,Ngoài phạm vi,Informational,—
cách xỏ dây giày bộ đội,"Informational, Transactional",30,25,0,0,,Loại,Ngoài phạm vi plan,Ngoài phạm vi,Informational,—
cách xỏ dây giày nike air force 1,Informational,30,24,0,0,,Loại,Ngoài phạm vi plan,Ngoài phạm vi,Informational,—
cách xỏ dây giày puma,"Informational, Transactional",30,9,0,0,,Loại,Ngoài phạm vi plan,Ngoài phạm vi,Informational,—
cách xỏ dây giày sneaker,Informational,30,5,0,0,,Loại,Ngoài phạm vi plan,Ngoài phạm vi,Informational,—
cách xử lý giày trắng bị ố vàng,Informational,30,9,0.019999999552965164,0,,Loại,Ngoài phạm vi plan,Ngoài phạm vi,Informational,—
cách xử lý vết ố vàng trên giày trắng,Informational,30,8,0,0,,Loại,Ngoài phạm vi plan,Ngoài phạm vi,Informational,—
cách đan dây giày thể thao,"Informational, Transactional",30,12,0,0,,Loại,Ngoài phạm vi plan,Ngoài phạm vi,Informational,—
cách đan dây giày đẹp,"Informational, Transactional",30,10,0,0,,Loại,Ngoài phạm vi plan,Ngoài phạm vi,Informational,—
cách đeo túi đựng vợt cầu lông,"Informational, Transactional",30,4,0,0,,Loại,Ngoài phạm vi plan,Ngoài phạm vi,Informational,—
cách đi giày đá bóng,Informational,30,4,0,0,,Loại,Ngoài phạm vi plan,Ngoài phạm vi,Informational,—
cách đánh đơn cầu lông,Informational,30,10,0,0,,Loại,Ngoài phạm vi plan,Ngoài phạm vi,Informational,—
cách đóng gói giày dép,Informational,30,11,0,0,,Loại,Ngoài phạm vi plan,Ngoài phạm vi,Informational,—
cách đập cầu lông hiệu quả,Informational,30,14,0,0,,Loại,Ngoài phạm vi plan,Ngoài phạm vi,Informational,—
cách đập cầu lông mạnh nhất,"Informational, Transactional",30,12,0,0,,Loại,Ngoài phạm vi plan,Ngoài phạm vi,Informational,—
cách để giày trắng không bị bẩn,Commercial,30,12,0,0,,Loại,Ngoài phạm vi plan,Ngoài phạm vi,Informational,—
có nên dán đế giày,Informational,30,3,0,0,,Loại,Ngoài phạm vi plan,Ngoài phạm vi,Informational,—
công dụng của giày,Informational,30,3,0,0,,Loại,Ngoài phạm vi plan,Ngoài phạm vi,Informational,—
công ty tnhh dofy phát triển thể thao,Informational,30,10,0,0,,Loại,Ngoài phạm vi plan,Ngoài phạm vi,Informational,—
căng dây,"Informational, Transactional",30,14,0,0,,Loại,Ngoài phạm vi plan,Ngoài phạm vi,Commercial investigation,—
căng vợt cầu lông chuẩn,Informational,30,4,0,0,,Loại,Ngoài phạm vi plan,Ngoài phạm vi,Informational,—
cước cầu lông trợ lực,Informational,30,7,0,0,,Loại,Ngoài phạm vi plan,Ngoài phạm vi,Informational,—
cấu tạo đôi giày,Informational,30,3,0,0,,Loại,Ngoài phạm vi plan,Ngoài phạm vi,Informational,—
cầu lông bao nhiêu lông,Informational,30,13,0,0,,Loại,Ngoài phạm vi plan,Ngoài phạm vi,Informational,—
cầu lông vn,Informational,30,62,0,0,,Loại,Ngoài phạm vi plan,Ngoài phạm vi,Informational,—
cặp vợt cầu lông giá bao nhiêu,Informational,30,55,0,0,,Loại,Ngoài phạm vi plan,Ngoài phạm vi,Transactional,—
cột dây giày adidas,"Informational, Transactional",30,10,0,0,,Loại,Ngoài phạm vi plan,Ngoài phạm vi,Commercial investigation,—
cột dây giày nike,Informational,30,10,0,0,,Loại,Ngoài phạm vi plan,Ngoài phạm vi,Informational,—
cột dây giày đá bóng,"Informational, Transactional",30,9,0,0,,Loại,Ngoài phạm vi plan,Ngoài phạm vi,Commercial investigation,—
cột giày,"Informational, Transactional",30,16,0,0,,Loại,Ngoài phạm vi plan,Ngoài phạm vi,Commercial investigation,—
cột nơ giày,"Informational, Transactional",30,9,0,0,,Loại,Ngoài phạm vi plan,Ngoài phạm vi,Commercial investigation,—
cửa hàng calvin klein tại tphcm,Informational,30,20,0.009999999776482582,0,,Loại,Ngoài phạm vi plan,Ngoài phạm vi,Informational,—
cửa hàng lining cầu giấy,Navigational,30,14,0,0,,Loại,Ngoài phạm vi plan,Ngoài phạm vi,Informational,—
cửa hàng lyn nguyễn trãi,"Informational, Transactional",30,20,0,0,,Loại,Ngoài phạm vi plan,Ngoài phạm vi,Commercial investigation,—
cửa hàng maybelline ở hà nội,Informational,30,10,0,0,,Loại,Ngoài phạm vi plan,Ngoài phạm vi,Informational,—
cửa hàng nine west tại tphcm,Navigational,30,28,0,0,,Loại,Ngoài phạm vi plan,Ngoài phạm vi,Informational,—
cửa hàng okono,Commercial,30,18,0,0,,Loại,Ngoài phạm vi plan,Ngoài phạm vi,Commercial investigation,—
cửa hàng samsonite tại hà nội,Transactional,30,27,0.20999999344348907,0,,Loại,Ngoài phạm vi plan,Ngoài phạm vi,Commercial investigation,—
dep noir,Informational,30,16,0,0,,Loại,Ngoài phạm vi plan,Ngoài phạm vi,Informational,—
depvn,Commercial,30,21,0,0,,Loại,Ngoài phạm vi plan,Ngoài phạm vi,Commercial investigation,—
dung dịch làm trắng giày,Informational,30,6,0,0,,Loại,Ngoài phạm vi plan,Ngoài phạm vi,Informational,—
dunk rổ,Informational,30,28,0,0,,Loại,Ngoài phạm vi plan,Ngoài phạm vi,Informational,—
dán giày bằng keo gì,Informational,30,12,0.019999999552965164,0,,Loại,Ngoài phạm vi plan,Ngoài phạm vi,Informational,—
dán giày dép bằng keo gì,Informational,30,9,0.03999999910593033,0,,Loại,Ngoài phạm vi plan,Ngoài phạm vi,Informational,—
dán giày thể thao hà nội,Commercial,30,10,0.11999999731779099,0,,Loại,Ngoài phạm vi plan,Ngoài phạm vi,Commercial investigation,—
dán đế giày adidas,Informational,30,5,0.09000000357627869,0,,Loại,Ngoài phạm vi plan,Ngoài phạm vi,Informational,—
dán đế giày bóng rổ,Informational,30,13,0.07999999821186066,0,,Loại,Ngoài phạm vi plan,Ngoài phạm vi,Informational,—
dây buộc giày tây,Informational,30,3,0,0,,Loại,Ngoài phạm vi plan,Ngoài phạm vi,Informational,—
dây giày bị ngắn,Informational,30,8,0,0,,Loại,Ngoài phạm vi plan,Ngoài phạm vi,Informational,—
dây giày ngắn,Informational,30,6,0,0,,Loại,Ngoài phạm vi plan,Ngoài phạm vi,Informational,—
dây giày quá dài phải làm sao,Informational,30,5,0,0,,Loại,Ngoài phạm vi plan,Ngoài phạm vi,Informational,—
dây giày shoelaces,Informational,30,16,0,0,,Loại,Ngoài phạm vi plan,Ngoài phạm vi,Informational,—
dây giày đen,"Informational, Transactional",30,3,0,0,,Loại,Ngoài phạm vi plan,Ngoài phạm vi,Commercial investigation,—
dây vợt cầu lông tốt,Informational,30,7,0,0,,Loại,Ngoài phạm vi plan,Ngoài phạm vi,Informational,—
dây đan vợt,Informational,30,9,0,0,,Loại,Ngoài phạm vi plan,Ngoài phạm vi,Informational,—
dép 10k,Informational,30,24,0,0,,Loại,Ngoài phạm vi plan,Ngoài phạm vi,Informational,—
dép bioline,"Informational, Transactional",30,22,0,0,,Loại,Ngoài phạm vi plan,Ngoài phạm vi,Commercial investigation,—
dép cam,Informational,30,11,0,0,,Loại,Ngoài phạm vi plan,Ngoài phạm vi,Informational,—
dép cặp,Informational,30,19,0,0,,Loại,Ngoài phạm vi plan,Ngoài phạm vi,Informational,—
dép fila quai ngang,Informational,30,9,0,0,,Loại,Ngoài phạm vi plan,Ngoài phạm vi,Informational,—
dép fila trắng,Informational,30,10,0,0,,Loại,Ngoài phạm vi plan,Ngoài phạm vi,Informational,—
dép hai quai ngang,Informational,30,3,0,0,,Loại,Ngoài phạm vi plan,Ngoài phạm vi,Informational,—
dép hình chuối,Informational,30,19,0,0,,Loại,Ngoài phạm vi plan,Ngoài phạm vi,Informational,—
dép hình sầu riêng,Informational,30,22,0,0,,Loại,Ngoài phạm vi plan,Ngoài phạm vi,Informational,—
dép kẹp fila,Informational,30,9,0,0,,Loại,Ngoài phạm vi plan,Ngoài phạm vi,Informational,—
dép lai giày,Informational,30,16,0,0,,Loại,Ngoài phạm vi plan,Ngoài phạm vi,Informational,—
dép lining chính hãng,Navigational,30,15,0.07000000029802322,0,,Loại,Ngoài phạm vi plan,Ngoài phạm vi,Transactional,—
dép lê màu đen,Informational,30,16,0,0,,Loại,Ngoài phạm vi plan,Ngoài phạm vi,Informational,—
dép lông trẻ em,Informational,30,8,0,0,,Loại,Ngoài phạm vi plan,Ngoài phạm vi,Informational,—
dép nhựa sline,Informational,30,14,0,0,,Loại,Ngoài phạm vi plan,Ngoài phạm vi,Informational,—
dép phao,"Informational, Transactional",30,23,0,0,,Loại,Ngoài phạm vi plan,Ngoài phạm vi,Commercial investigation,—
dép routine,Navigational,30,23,0,0,,Loại,Ngoài phạm vi plan,Ngoài phạm vi,Informational,—
dép salt,Informational,30,6,0,0,,Loại,Ngoài phạm vi plan,Ngoài phạm vi,Informational,—
dép trắng đen,Informational,30,21,0,0,,Loại,Ngoài phạm vi plan,Ngoài phạm vi,Informational,—
dép tông trắng,Informational,30,19,0,0,,Loại,Ngoài phạm vi plan,Ngoài phạm vi,Informational,—
dép veblen,Informational,30,8,0,0,,Loại,Ngoài phạm vi plan,Ngoài phạm vi,Informational,—
dép ôn đột,Informational,30,12,0,0,,Loại,Ngoài phạm vi plan,Ngoài phạm vi,Informational,—
dép đế đúc,Informational,30,5,0,0,,Loại,Ngoài phạm vi plan,Ngoài phạm vi,Informational,—
dùng keo 502 dán giày,Informational,30,11,0,0,,Loại,Ngoài phạm vi plan,Ngoài phạm vi,Informational,—
dùng keo gì để dán giày,Informational,30,9,0,0,,Loại,Ngoài phạm vi plan,Ngoài phạm vi,Informational,—
dạ bông,Informational,30,24,0,0,,Loại,Ngoài phạm vi plan,Ngoài phạm vi,Informational,—
dạy trẻ kỹ năng buộc dây giày,Informational,30,9,0,0,,Loại,Ngoài phạm vi plan,Ngoài phạm vi,Informational,—
dải rút,"Informational, Transactional",30,21,0,0,,Loại,Ngoài phạm vi plan,Ngoài phạm vi,Commercial investigation,—
dụng cụ hỗ trợ tập cầu lông,Informational,30,12,0,0,,Loại,Ngoài phạm vi plan,Ngoài phạm vi,Informational,—
feiying,Informational,30,9,0,0,,Loại,Ngoài phạm vi plan,Ngoài phạm vi,Informational,—
fong là gì,Informational,30,15,0,0,,Loại,Ngoài phạm vi plan,Ngoài phạm vi,Informational,—
gao ning,Informational,30,27,0,0,,Loại,Ngoài phạm vi plan,Ngoài phạm vi,Informational,—
gia giay lining,"Informational, Transactional",30,12,0,0,,Loại,Ngoài phạm vi plan,Ngoài phạm vi,Transactional,—
giay bong da co nhan tao chinh hang,Informational,30,24,0,0,,Loại,Ngoài phạm vi plan,Ngoài phạm vi,Transactional,—
giay cot day,"Informational, Transactional",30,5,0,0,,Loại,Ngoài phạm vi plan,Ngoài phạm vi,Commercial investigation,—
giay lining khuyen mai,"Informational, Transactional",30,17,0.05999999865889549,0,,Loại,Ngoài phạm vi plan,Ngoài phạm vi,Commercial investigation,—
giay san co tu nhien,Informational,30,5,0,0,,Loại,Ngoài phạm vi plan,Ngoài phạm vi,Informational,—
giay thoi trang the thao,Informational,30,6,0,0,,Loại,Ngoài phạm vi plan,Ngoài phạm vi,Informational,—
giay thể thao trẻ em,Informational,30,17,0,0,,Loại,Ngoài phạm vi plan,Ngoài phạm vi,Informational,—
giaychinhhang,Informational,30,20,0.03999999910593033,0,,Loại,Ngoài phạm vi plan,Ngoài phạm vi,Informational,—
giaày lining,"Informational, Transactional",30,9,0,0,,Loại,Ngoài phạm vi plan,Ngoài phạm vi,Commercial investigation,—
giày 1tr,Informational,30,10,0,0,,Loại,Ngoài phạm vi plan,Ngoài phạm vi,Informational,—
giày adidas bị hở keo,Informational,30,3,0,0,,Loại,Ngoài phạm vi plan,Ngoài phạm vi,Informational,—
giày adweina,Informational,30,22,0,0,,Loại,Ngoài phạm vi plan,Ngoài phạm vi,Informational,—
giày beyono chính hãng,Informational,30,9,0.019999999552965164,0,,Loại,Ngoài phạm vi plan,Ngoài phạm vi,Transactional,—
giày bomber,Informational,30,15,0,0,,Loại,Ngoài phạm vi plan,Ngoài phạm vi,Informational,—
giày butter,Navigational,30,20,0,0,,Loại,Ngoài phạm vi plan,Ngoài phạm vi,Informational,—
giày bóng bàn hà nội,Informational,30,1,0,0,,Loại,Ngoài phạm vi plan,Ngoài phạm vi,Transactional,—
giày bóng bàn nike,Informational,30,3,0.03999999910593033,0,,Loại,Ngoài phạm vi plan,Ngoài phạm vi,Transactional,—
giày bóng chuyền adidas chính hãng,Informational,30,18,0,0,,Loại,Ngoài phạm vi plan,Ngoài phạm vi,Transactional,—
giày bóng chuyền lining,Informational,30,8,0,0,,Loại,Ngoài phạm vi plan,Ngoài phạm vi,Informational,—
giày bóng chuyền tphcm,Navigational,30,21,0,0,,Loại,Ngoài phạm vi plan,Ngoài phạm vi,Informational,—
giày bóng chuyền tốt nhất,Informational,30,3,0,0,,Loại,Ngoài phạm vi plan,Ngoài phạm vi,Informational,—
giày bóng rổ cho trẻ em,Informational,30,5,0.07000000029802322,0,,Loại,Ngoài phạm vi plan,Ngoài phạm vi,Informational,—
giày bóng rổ trắng,Informational,30,7,0,0,,Loại,Ngoài phạm vi plan,Ngoài phạm vi,Informational,—
giày bóng rổ trẻ em giá rẻ,Informational,30,9,0,0,,Loại,Ngoài phạm vi plan,Ngoài phạm vi,Transactional,—
giày bông cúc,Informational,30,13,0,0,,Loại,Ngoài phạm vi plan,Ngoài phạm vi,Informational,—
giày chạy 100m,Informational,30,23,0.019999999552965164,0,,Loại,Ngoài phạm vi plan,Ngoài phạm vi,Comparison,—
giày có mấy loại,Informational,30,6,0,0,,Loại,Ngoài phạm vi plan,Ngoài phạm vi,Informational,—
giày cầu lông hà nội,Commercial,30,14,0.07999999821186066,0,,Loại,Ngoài phạm vi plan,Ngoài phạm vi,Commercial investigation,—
giày cầu lông khuyến mãi,Informational,30,21,0,0,,Loại,Ngoài phạm vi plan,Ngoài phạm vi,Informational,—
giày cầu lông lining sale,Informational,30,8,0.05000000074505806,0,,Loại,Ngoài phạm vi plan,Ngoài phạm vi,Informational,—
giày cầu lông tphcm,Commercial,30,4,0,0,,Loại,Ngoài phạm vi plan,Ngoài phạm vi,Commercial investigation,—
giày cầu lông winba,Informational,30,5,0,0,,Loại,Ngoài phạm vi plan,Ngoài phạm vi,Informational,—
giày da lộn buộc dây,"Informational, Transactional",30,3,0,0,,Loại,Ngoài phạm vi plan,Ngoài phạm vi,Commercial investigation,—
giày da trắng bị ố vàng phải làm sao,Informational,30,6,0.029999999329447746,0,,Loại,Ngoài phạm vi plan,Ngoài phạm vi,Informational,—
giày fake và real,Informational,30,4,0,0,,Loại,Ngoài phạm vi plan,Ngoài phạm vi,Informational,—
giày giấu đế,Informational,30,6,0,0,,Loại,Ngoài phạm vi plan,Ngoài phạm vi,Informational,—
giày hãng sport,Informational,30,13,0,0,,Loại,Ngoài phạm vi plan,Ngoài phạm vi,Informational,—
giày hỗ trợ lực sút,Informational,30,3,0,0,,Loại,Ngoài phạm vi plan,Ngoài phạm vi,Informational,—
giày lace up là gì,Informational,30,5,0,0,,Loại,Ngoài phạm vi plan,Ngoài phạm vi,Informational,—
giày lai dép,Informational,30,8,0,0,,Loại,Ngoài phạm vi plan,Ngoài phạm vi,Informational,—
giày legit là gì,Informational,30,13,0,0,,Loại,Ngoài phạm vi plan,Ngoài phạm vi,Informational,—
giày lihsing,Informational,30,22,0,0,,Loại,Ngoài phạm vi plan,Ngoài phạm vi,Informational,—
giày lining china,Informational,30,14,0,0,,Loại,Ngoài phạm vi plan,Ngoài phạm vi,Informational,—
giày lining hà nội,Navigational,30,21,0,0,,Loại,Ngoài phạm vi plan,Ngoài phạm vi,Informational,—
giày lining hồng,Informational,30,5,0,0,,Loại,Ngoài phạm vi plan,Ngoài phạm vi,Informational,—
giày lining sonic boom,Informational,30,9,0,0,,Loại,Ngoài phạm vi plan,Ngoài phạm vi,Informational,—
giày lining đỏ,Informational,30,5,0,0,,Loại,Ngoài phạm vi plan,Ngoài phạm vi,Informational,—
giày lười cột dây,Informational,30,2,0,0,,Loại,Ngoài phạm vi plan,Ngoài phạm vi,Informational,—
giày lưỡi gà,Informational,30,13,0,0,,Loại,Ngoài phạm vi plan,Ngoài phạm vi,Informational,—
giày lịch sự,Informational,30,6,0,0,,Loại,Ngoài phạm vi plan,Ngoài phạm vi,Informational,—
giày mọi là gì,Informational,30,8,0,0,,Loại,Ngoài phạm vi plan,Ngoài phạm vi,Informational,—
giày nhiều lỗ,Informational,30,10,0,0,,Loại,Ngoài phạm vi plan,Ngoài phạm vi,Informational,—
giày nike bóng chuyền,Informational,30,7,0,0,,Loại,Ngoài phạm vi plan,Ngoài phạm vi,Informational,—
giày nike êm nhất,Informational,30,8,0,0,,Loại,Ngoài phạm vi plan,Ngoài phạm vi,Informational,—
giày nào mang êm chân,Informational,30,5,0,0,,Loại,Ngoài phạm vi plan,Ngoài phạm vi,Informational,—
giày porta kobe,Informational,30,-1,0,0,,Loại,Ngoài phạm vi plan,Ngoài phạm vi,Informational,—
giày rọ trẻ em,Informational,30,14,0,0,,Loại,Ngoài phạm vi plan,Ngoài phạm vi,Informational,—
giày thiếu nhi,Informational,30,15,0,0,,Loại,Ngoài phạm vi plan,Ngoài phạm vi,Informational,—
giày thắt nơ,"Informational, Transactional",30,-1,0,0,,Loại,Ngoài phạm vi plan,Ngoài phạm vi,Commercial investigation,—
giày thể thao cho trẻ em,Informational,30,9,0.05999999865889549,0,,Loại,Ngoài phạm vi plan,Ngoài phạm vi,Informational,—
giày thể thao dành cho trẻ em,Informational,30,6,0,0,,Loại,Ngoài phạm vi plan,Ngoài phạm vi,Informational,—
giày thể thao dưới 2 triệu,Informational,30,7,0,0,,Loại,Ngoài phạm vi plan,Ngoài phạm vi,Informational,—
giày thể thao lining chính hãng,Informational,30,8,0.05999999865889549,0,,Loại,Ngoài phạm vi plan,Ngoài phạm vi,Transactional,—
giày thể thao nào tốt nhất,Informational,30,4,0,0,,Loại,Ngoài phạm vi plan,Ngoài phạm vi,Informational,—
giày trắng trơn,Informational,30,18,0,0,,Loại,Ngoài phạm vi plan,Ngoài phạm vi,Informational,—
giày tăng lực sút,Informational,30,3,0,0,,Loại,Ngoài phạm vi plan,Ngoài phạm vi,Informational,—
giày tập,Informational,30,12,0.10000000149011612,0,,Loại,Ngoài phạm vi plan,Ngoài phạm vi,Informational,—
giày tự buộc dây,Informational,30,9,0,0,,Loại,Ngoài phạm vi plan,Ngoài phạm vi,Informational,—
giày zx,Informational,30,9,0,0,,Loại,Ngoài phạm vi plan,Ngoài phạm vi,Informational,—
giày đi bộ cho người già,Informational,30,10,0,0,,Loại,Ngoài phạm vi plan,Ngoài phạm vi,Informational,—
giày đinh cỏ nhân tạo,Informational,30,31,0,0,,Loại,Ngoài phạm vi plan,Ngoài phạm vi,Informational,—
giày đinh đá bóng sân cỏ nhân tạo,Informational,30,26,0,0,,Loại,Ngoài phạm vi plan,Ngoài phạm vi,Informational,—
giày đá bóng cho sân cỏ nhân tạo,Informational,30,16,0,0,,Loại,Ngoài phạm vi plan,Ngoài phạm vi,Informational,—
giày đá bóng da mềm,Informational,30,6,0,0,,Loại,Ngoài phạm vi plan,Ngoài phạm vi,Informational,—
giày đá bóng sân cỏ nhân tạo màu hồng,Informational,30,14,0,0,,Loại,Ngoài phạm vi plan,Ngoài phạm vi,Informational,—
giày đá bóng sân cỏ nhân tạo siêu nhẹ,Informational,30,10,0,0,,Loại,Ngoài phạm vi plan,Ngoài phạm vi,Informational,—
giày đá bóng sân cỏ nhân tạo tphcm,Commercial,30,15,0.05000000074505806,0,,Loại,Ngoài phạm vi plan,Ngoài phạm vi,Commercial investigation,—
giày đá bóng sân cỏ nhân tạo tốt nhất,Informational,30,9,0.029999999329447746,0,,Loại,Ngoài phạm vi plan,Ngoài phạm vi,Informational,—
giày đá sân cỏ nhân tạo tốt nhất,Informational,30,13,0.029999999329447746,0,,Loại,Ngoài phạm vi plan,Ngoài phạm vi,Informational,—
giày đánh bóng chuyền hơi,Informational,30,10,0.019999999552965164,0,,Loại,Ngoài phạm vi plan,Ngoài phạm vi,Informational,—
giày đánh cầu lông trẻ em,Informational,30,6,0,0,,Loại,Ngoài phạm vi plan,Ngoài phạm vi,Informational,—
giá bóng chuyền 7400,Informational,30,6,0,0,,Loại,Ngoài phạm vi plan,Ngoài phạm vi,Transactional,—
giá căng dây vợt cầu lông,Informational,30,9,0,0,,Loại,Ngoài phạm vi plan,Ngoài phạm vi,Transactional,—
giá giày cầu lông lining,Informational,30,13,0,0,,Loại,Ngoài phạm vi plan,Ngoài phạm vi,Transactional,—
giá giày lining chính hãng,Informational,30,8,0.019999999552965164,0,,Loại,Ngoài phạm vi plan,Ngoài phạm vi,Transactional,—
giá lining windstorm 72,Informational,30,7,0,0,,Loại,Ngoài phạm vi plan,Ngoài phạm vi,Transactional,—
giá mũ lưỡi trai,Informational,30,10,0.10000000149011612,0,,Loại,Ngoài phạm vi plan,Ngoài phạm vi,Transactional,—
giá tiền vợt cầu lông,Informational,30,48,0,0,,Loại,Ngoài phạm vi plan,Ngoài phạm vi,Transactional,—
giầy lining giảm giá,"Informational, Transactional",30,16,0.05999999865889549,0,,Loại,Ngoài phạm vi plan,Ngoài phạm vi,Commercial investigation,—
goose down là gì,Informational,30,13,0,0,,Loại,Ngoài phạm vi plan,Ngoài phạm vi,Informational,—
high ling,Informational,30,24,0,0,,Loại,Ngoài phạm vi plan,Ngoài phạm vi,Informational,—
hypertec,Navigational,30,34,0,0,,Loại,Ngoài phạm vi plan,Ngoài phạm vi,Informational,—
hypertex,Informational,30,23,0,0,,Loại,Ngoài phạm vi plan,Ngoài phạm vi,Informational,—
hãng lining của nước nào,Informational,30,7,0,0,,Loại,Ngoài phạm vi plan,Ngoài phạm vi,Informational,—
hướng dẫn cách buộc dây giày,"Informational, Transactional",30,10,0,0,,Loại,Ngoài phạm vi plan,Ngoài phạm vi,Informational,—
hướng dẫn làm trọng tài cầu lông,"Informational, Transactional",30,4,0,0,,Loại,Ngoài phạm vi plan,Ngoài phạm vi,Commercial investigation,—
hướng dẫn thắt dây giày,"Informational, Transactional",30,10,0,0,,Loại,Ngoài phạm vi plan,Ngoài phạm vi,Commercial investigation,—
hướng dẫn đập cầu mạnh,"Informational, Transactional",30,12,0,0,,Loại,Ngoài phạm vi plan,Ngoài phạm vi,Commercial investigation,—
học đan vợt cầu lông,Informational,30,2,0,0,,Loại,Ngoài phạm vi plan,Ngoài phạm vi,Informational,—
infinity 5,Informational,30,16,0,0,,Loại,Ngoài phạm vi plan,Ngoài phạm vi,Informational,—
izuno,Informational,30,28,0,0,,Loại,Ngoài phạm vi plan,Ngoài phạm vi,Informational,—
jacket đẹp,Informational,30,26,0,0,,Loại,Ngoài phạm vi plan,Ngoài phạm vi,Informational,—
jinyibaini,Informational,30,18,0,0,,Loại,Ngoài phạm vi plan,Ngoài phạm vi,Informational,—
keo dinh giay the thao,Informational,30,5,0,0,,Loại,Ngoài phạm vi plan,Ngoài phạm vi,Informational,—
keo dán bảo vệ đế giày,Informational,30,8,0,0,,Loại,Ngoài phạm vi plan,Ngoài phạm vi,Informational,—
keo dán giày thể thao chuyên dụng,Informational,30,5,0.03999999910593033,0,,Loại,Ngoài phạm vi plan,Ngoài phạm vi,Informational,—
keo dán giày thể thao nike,Informational,30,3,0,0,,Loại,Ngoài phạm vi plan,Ngoài phạm vi,Informational,—
keo dán giày đá bóng,Informational,30,6,0.05999999865889549,0,,Loại,Ngoài phạm vi plan,Ngoài phạm vi,Informational,—
keo dán đế giày tây,Informational,30,6,0.05999999865889549,0,,Loại,Ngoài phạm vi plan,Ngoài phạm vi,Informational,—
keo gắn giày,Informational,30,11,0.05000000074505806,0,,Loại,Ngoài phạm vi plan,Ngoài phạm vi,Informational,—
khi dây giày quá dài,Informational,30,6,0,0,,Loại,Ngoài phạm vi plan,Ngoài phạm vi,Informational,—
khoác nỉ,Informational,30,11,0,0,,Loại,Ngoài phạm vi plan,Ngoài phạm vi,Informational,—
khăn lau mồ hôi tay,Informational,30,3,0,0,,Loại,Ngoài phạm vi plan,Ngoài phạm vi,Informational,—
khăn thấm mồ hôi,Informational,30,5,0,0,,Loại,Ngoài phạm vi plan,Ngoài phạm vi,Informational,—
kiểu thắt dây giày,"Informational, Transactional",30,10,0,0,,Loại,Ngoài phạm vi plan,Ngoài phạm vi,Commercial investigation,—
ky thuat dap cau,Informational,30,7,0,0,,Loại,Ngoài phạm vi plan,Ngoài phạm vi,Informational,—
kylin vietnam,Informational,30,16,0,0,,Loại,Ngoài phạm vi plan,Ngoài phạm vi,Informational,—
kích chân là gì,Informational,30,4,0,0,,Loại,Ngoài phạm vi plan,Ngoài phạm vi,Informational,—
kính bơi cận lining,Informational,30,16,0.05000000074505806,0,,Loại,Ngoài phạm vi plan,Ngoài phạm vi,Informational,—
kính bơi giá bao nhiêu,Informational,30,10,0.019999999552965164,0,,Loại,Ngoài phạm vi plan,Ngoài phạm vi,Transactional,—
kính bơi gò vấp,Commercial,30,7,0,0,,Loại,Ngoài phạm vi plan,Ngoài phạm vi,Commercial investigation,—
kính bơi lining trẻ em,Informational,30,-1,0,0,,Loại,Ngoài phạm vi plan,Ngoài phạm vi,Informational,—
kính bơi màu đen,Informational,30,5,0,0,,Loại,Ngoài phạm vi plan,Ngoài phạm vi,Informational,—
kết hợp đồ với giày thể thao,Informational,30,-1,0,0,,Loại,Ngoài phạm vi plan,Ngoài phạm vi,Informational,—
kỹ thuật cầu lông,"Informational, Transactional",30,11,0,0,,Loại,Ngoài phạm vi plan,Ngoài phạm vi,Commercial investigation,—
kỹ thuật giao cầu lông,"Informational, Transactional",30,9,0,0,,Loại,Ngoài phạm vi plan,Ngoài phạm vi,Commercial investigation,—
kỹ thuật đánh cầu lông đơn,Informational,30,9,0,0,,Loại,Ngoài phạm vi plan,Ngoài phạm vi,Informational,—
laibin,Informational,30,28,0,0,,Loại,Ngoài phạm vi plan,Ngoài phạm vi,Informational,—
lead storm,Informational,30,21,0,0,,Loại,Ngoài phạm vi plan,Ngoài phạm vi,Informational,—
len nỉ,Informational,30,9,0,0,,Loại,Ngoài phạm vi plan,Ngoài phạm vi,Informational,—
leten future pro,Informational,30,10,0,0,,Loại,Ngoài phạm vi plan,Ngoài phạm vi,Informational,—
li ni,"Informational, Navigational",30,54,0,0,,Loại,Ngoài phạm vi plan,Ngoài phạm vi,Informational,—
li ning casual shoes,"Informational, Transactional",30,26,0,0,,Loại,Ngoài phạm vi plan,Ngoài phạm vi,Commercial investigation,—
li ning esport,Informational,30,23,0,0,,Loại,Ngoài phạm vi plan,Ngoài phạm vi,Informational,—
li ning smart shoes,Informational,30,22,0,0,,Loại,Ngoài phạm vi plan,Ngoài phạm vi,Informational,—
lifan com,Informational,30,6,0,0,,Loại,Ngoài phạm vi plan,Ngoài phạm vi,Informational,—
light ling,Informational,30,10,0,0,,Loại,Ngoài phạm vi plan,Ngoài phạm vi,Informational,—
lightning com,Informational,30,72,0,0,,Loại,Ngoài phạm vi plan,Ngoài phạm vi,Informational,—
liin vn,Navigational,30,28,0,0,,Loại,Ngoài phạm vi plan,Ngoài phạm vi,Informational,—
lin dep,Informational,30,9,0,0,,Loại,Ngoài phạm vi plan,Ngoài phạm vi,Informational,—
lin ning,Navigational,30,54,0,0,,Loại,Ngoài phạm vi plan,Ngoài phạm vi,Informational,—
lined bras,Informational,30,20,0,0,,Loại,Ngoài phạm vi plan,Ngoài phạm vi,Informational,—
linfa,Informational,30,29,0,0,,Loại,Ngoài phạm vi plan,Ngoài phạm vi,Informational,—
ling store,Commercial,30,40,0,0,,Loại,Ngoài phạm vi plan,Ngoài phạm vi,Commercial investigation,—
lingding,Informational,30,26,0,0,,Loại,Ngoài phạm vi plan,Ngoài phạm vi,Informational,—
linglight,Informational,30,23,0,0,,Loại,Ngoài phạm vi plan,Ngoài phạm vi,Informational,—
linh ni,Informational,30,8,0,0,,Loại,Ngoài phạm vi plan,Ngoài phạm vi,Informational,—
lining 361,Informational,30,16,0.05999999865889549,0,,Loại,Ngoài phạm vi plan,Ngoài phạm vi,Informational,—
lining 70c,Informational,30,9,0,0,,Loại,Ngoài phạm vi plan,Ngoài phạm vi,Informational,—
lining 9 td,Informational,30,9,0,0,,Loại,Ngoài phạm vi plan,Ngoài phạm vi,Informational,—
lining 90 td,Informational,30,7,0,0,,Loại,Ngoài phạm vi plan,Ngoài phạm vi,Informational,—
lining 90 tf,Informational,30,5,0,0,,Loại,Ngoài phạm vi plan,Ngoài phạm vi,Informational,—
lining aeronaut 4000 boost,Commercial,30,7,0,0,,Loại,Ngoài phạm vi plan,Ngoài phạm vi,Commercial investigation,—
lining aeronaut 7000c,Informational,30,9,0,0,,Loại,Ngoài phạm vi plan,Ngoài phạm vi,Informational,—
lining aeronaut 8000,"Informational, Transactional",30,8,0,0,,Loại,Ngoài phạm vi plan,Ngoài phạm vi,Commercial investigation,—
lining aeronaut 9000d,Informational,30,14,0,0,,Loại,Ngoài phạm vi plan,Ngoài phạm vi,Informational,—
lining banner,Informational,30,13,0,0,,Loại,Ngoài phạm vi plan,Ngoài phạm vi,Informational,—
lining black friday,Informational,30,26,0.07999999821186066,0,,Loại,Ngoài phạm vi plan,Ngoài phạm vi,Informational,—
lining blazer,Informational,30,11,0,0,,Loại,Ngoài phạm vi plan,Ngoài phạm vi,Informational,—
lining bmt,Navigational,30,37,0.03999999910593033,0,,Loại,Ngoài phạm vi plan,Ngoài phạm vi,Informational,—
lining calibar 600i,Informational,30,4,0,0,,Loại,Ngoài phạm vi plan,Ngoài phạm vi,Informational,—
lining company,Informational,30,63,0,0,,Loại,Ngoài phạm vi plan,Ngoài phạm vi,Informational,—
lining cầu đất hải phòng,Informational,30,16,0,0,,Loại,Ngoài phạm vi plan,Ngoài phạm vi,Informational,—
lining flame f360,Informational,30,9,0,0,,Loại,Ngoài phạm vi plan,Ngoài phạm vi,Informational,—
lining g5,Informational,30,13,0,0,,Loại,Ngoài phạm vi plan,Ngoài phạm vi,Informational,—
lining hc 1250,Informational,30,9,0,0,,Loại,Ngoài phạm vi plan,Ngoài phạm vi,Informational,—
lining larun,Informational,30,43,0,0,,Loại,Ngoài phạm vi plan,Ngoài phạm vi,Informational,—
lining lazada,"Navigational, Transactional",30,19,0,0,,Loại,Ngoài phạm vi plan,Ngoài phạm vi,Commercial investigation,—
lining light foam,Informational,30,11,0,0,,Loại,Ngoài phạm vi plan,Ngoài phạm vi,Informational,—
lining lightning,Navigational,30,14,0,0,,Loại,Ngoài phạm vi plan,Ngoài phạm vi,Informational,—
lining lotte,Navigational,30,15,0,0,,Loại,Ngoài phạm vi plan,Ngoài phạm vi,Informational,—
lining snake,Informational,30,13,0,0,,Loại,Ngoài phạm vi plan,Ngoài phạm vi,Informational,—
lining t shirts,"Informational, Transactional",30,8,0,0,,Loại,Ngoài phạm vi plan,Ngoài phạm vi,Commercial investigation,—
lining taobao,Navigational,30,24,0,0,,Loại,Ngoài phạm vi plan,Ngoài phạm vi,Informational,—
lining thể thao,Navigational,30,64,0.03999999910593033,0,,Loại,Ngoài phạm vi plan,Ngoài phạm vi,Informational,—
lining times city,Informational,30,19,0.05000000074505806,0,,Loại,Ngoài phạm vi plan,Ngoài phạm vi,Informational,—
lining trần duy hưng,Informational,30,21,0.05999999865889549,0,,Loại,Ngoài phạm vi plan,Ngoài phạm vi,Informational,—
lining turbo charging 01,Commercial,30,-1,0,0,,Loại,Ngoài phạm vi plan,Ngoài phạm vi,Commercial investigation,—
lining turbo charging 50c,Informational,30,15,0,0,,Loại,Ngoài phạm vi plan,Ngoài phạm vi,Informational,—
lining turbo charging 70d,Informational,30,14,0,0,,Loại,Ngoài phạm vi plan,Ngoài phạm vi,Informational,—
lining turbocharging 50,Informational,30,7,0,0,,Loại,Ngoài phạm vi plan,Ngoài phạm vi,Informational,—
lining vietnam sale,Navigational,30,14,0,0,,Loại,Ngoài phạm vi plan,Ngoài phạm vi,Informational,—
lining vot,Informational,30,42,0,0,,Loại,Ngoài phạm vi plan,Ngoài phạm vi,Informational,—
lining windstorm 600,Commercial,30,8,0,0,,Loại,Ngoài phạm vi plan,Ngoài phạm vi,Commercial investigation,—
lining windstorm 72 blk,Informational,30,7,0,0,,Loại,Ngoài phạm vi plan,Ngoài phạm vi,Informational,—
lining woods n80,Informational,30,7,0,0,,Loại,Ngoài phạm vi plan,Ngoài phạm vi,Informational,—
linnong,Informational,30,46,0,0,,Loại,Ngoài phạm vi plan,Ngoài phạm vi,Informational,—
loại cầu lông nào tốt,Informational,30,5,0,0,,Loại,Ngoài phạm vi plan,Ngoài phạm vi,Informational,—
luật chơi bóng cửa,Informational,30,14,0,0,,Loại,Ngoài phạm vi plan,Ngoài phạm vi,Informational,—
luật phát cầu trong đá cầu,Informational,30,9,0,0,,Loại,Ngoài phạm vi plan,Ngoài phạm vi,Informational,—
luật phát cầu đôi,Informational,30,10,0,0,,Loại,Ngoài phạm vi plan,Ngoài phạm vi,Informational,—
luật thi đá cầu,Informational,30,12,0,0,,Loại,Ngoài phạm vi plan,Ngoài phạm vi,Informational,—
luật thi đấu đá cầu đôi,Informational,30,8,0,0,,Loại,Ngoài phạm vi plan,Ngoài phạm vi,Informational,—
luật đá cầu đơn,Informational,30,17,0,0,,Loại,Ngoài phạm vi plan,Ngoài phạm vi,Informational,—
ly sports,Navigational,30,47,0,0,,Loại,Ngoài phạm vi plan,Ngoài phạm vi,Informational,—
lyn saigon center,"Informational, Navigational",30,22,0,0,,Loại,Ngoài phạm vi plan,Ngoài phạm vi,Informational,—
làm sao để giày hết ố vàng,Informational,30,5,0,0,,Loại,Ngoài phạm vi plan,Ngoài phạm vi,Informational,—
làm sao để đập cầu mạnh,Informational,30,9,0,0,,Loại,Ngoài phạm vi plan,Ngoài phạm vi,Informational,—
làm sạch giày,Transactional,30,11,0.10999999940395355,0,,Loại,Ngoài phạm vi plan,Ngoài phạm vi,Commercial investigation,—
làm sạch giày thể thao,Informational,30,12,0.029999999329447746,0,,Loại,Ngoài phạm vi plan,Ngoài phạm vi,Informational,—
làm sạch giày thể thao trắng,Informational,30,8,0.029999999329447746,0,,Loại,Ngoài phạm vi plan,Ngoài phạm vi,Informational,—
làm trắng đế giày,Informational,30,4,0.029999999329447746,0,,Loại,Ngoài phạm vi plan,Ngoài phạm vi,Informational,—
lót giày lông cừu,Informational,30,21,0,0,,Loại,Ngoài phạm vi plan,Ngoài phạm vi,Informational,—
lót giày ortholite adidas,"Informational, Transactional",30,17,0,0,,Loại,Ngoài phạm vi plan,Ngoài phạm vi,Commercial investigation,—
lưới lining,Informational,30,9,0,0,,Loại,Ngoài phạm vi plan,Ngoài phạm vi,Informational,—
lưỡi giày,Informational,30,13,0,0,,Loại,Ngoài phạm vi plan,Ngoài phạm vi,Informational,—
lưỡi gà giày converse bị lệch,Informational,30,6,0,0,,Loại,Ngoài phạm vi plan,Ngoài phạm vi,Informational,—
lực căng của vợt cầu lông,Informational,30,5,0,0,,Loại,Ngoài phạm vi plan,Ngoài phạm vi,Informational,—
mang giày thể thao bị đau ngón chân,Informational,30,7,0,0,,Loại,Ngoài phạm vi plan,Ngoài phạm vi,Informational,—
manticano,Informational,30,24,0,0,,Loại,Ngoài phạm vi plan,Ngoài phạm vi,Informational,—
markono,Navigational,30,34,0,0,,Loại,Ngoài phạm vi plan,Ngoài phạm vi,Informational,—
merno,Informational,30,28,0,0,,Loại,Ngoài phạm vi plan,Ngoài phạm vi,Informational,—
mesh lining,Informational,30,7,0,0,,Loại,Ngoài phạm vi plan,Ngoài phạm vi,Informational,—
migsu 1250,Informational,30,12,0,0,,Loại,Ngoài phạm vi plan,Ngoài phạm vi,Informational,—
mix giày,Informational,30,8,0,0,,Loại,Ngoài phạm vi plan,Ngoài phạm vi,Informational,—
monono,Informational,30,-1,0,0,,Loại,Ngoài phạm vi plan,Ngoài phạm vi,Informational,—
mu dep gia re,Informational,30,9,0,0,,Loại,Ngoài phạm vi plan,Ngoài phạm vi,Transactional,—
mu dep nhat hien nay,Informational,30,7,0,0,,Loại,Ngoài phạm vi plan,Ngoài phạm vi,Informational,—
mu luoi,Informational,30,12,0,0,,Loại,Ngoài phạm vi plan,Ngoài phạm vi,Informational,—
mu luoi trai den,Informational,30,9,0,0,,Loại,Ngoài phạm vi plan,Ngoài phạm vi,Informational,—
mua giày cầu lông lining,Commercial,30,10,0,0,,Loại,Ngoài phạm vi plan,Ngoài phạm vi,Transactional,—
mua giày hãng nào tốt,Informational,30,5,0,0,,Loại,Ngoài phạm vi plan,Ngoài phạm vi,Transactional,—
mua giày lining,"Informational, Transactional",30,9,0.05999999865889549,0,,Loại,Ngoài phạm vi plan,Ngoài phạm vi,Transactional,—
mua nón thời trang,Informational,30,15,0,0,,Loại,Ngoài phạm vi plan,Ngoài phạm vi,Transactional,—
mua vợt cầu lông giá rẻ,Informational,30,61,0,0,,Loại,Ngoài phạm vi plan,Ngoài phạm vi,Transactional,—
mua vợt cầu lông loại nào tốt,Informational,30,16,0.019999999552965164,0,,Loại,Ngoài phạm vi plan,Ngoài phạm vi,Transactional,—
mua vợt cầu lông online,Commercial,30,56,0,0,,Loại,Ngoài phạm vi plan,Ngoài phạm vi,Transactional,—
môn cầu lông là gì,Informational,30,9,0,0,,Loại,Ngoài phạm vi plan,Ngoài phạm vi,Informational,—
mũ bunny,Informational,30,16,0,0,,Loại,Ngoài phạm vi plan,Ngoài phạm vi,Informational,—
mũ lưỡi trai có khuyên,Informational,30,8,0,0,,Loại,Ngoài phạm vi plan,Ngoài phạm vi,Informational,—
mặc long,Informational,30,14,0,0,,Loại,Ngoài phạm vi plan,Ngoài phạm vi,Informational,—
mẹo chà giày trắng,Informational,30,9,0,0,,Loại,Ngoài phạm vi plan,Ngoài phạm vi,Informational,—
mẹo làm sạch giày thể thao,Informational,30,9,0.009999999776482582,0,,Loại,Ngoài phạm vi plan,Ngoài phạm vi,Informational,—
một số cách buộc dây giày đẹp,"Informational, Transactional",30,10,0,0,,Loại,Ngoài phạm vi plan,Ngoài phạm vi,Informational,—
một số hãng giày nổi tiếng,Informational,30,7,0,0,,Loại,Ngoài phạm vi plan,Ngoài phạm vi,Informational,—
nai ling,"Informational, Navigational",30,60,0,0,,Loại,Ngoài phạm vi plan,Ngoài phạm vi,Informational,—
nbvo,Navigational,30,22,0,0,,Loại,Ngoài phạm vi plan,Ngoài phạm vi,Informational,—
nhãn hiệu sản phẩm thể thao,Informational,30,6,0,0,,Loại,Ngoài phạm vi plan,Ngoài phạm vi,Informational,—
những kiểu buộc dây giày đẹp,"Informational, Transactional",30,10,0,0,,Loại,Ngoài phạm vi plan,Ngoài phạm vi,Commercial investigation,—
những kiểu giày,Informational,30,6,0,0,,Loại,Ngoài phạm vi plan,Ngoài phạm vi,Informational,—
những mẫu giày,Informational,30,8,0,0,,Loại,Ngoài phạm vi plan,Ngoài phạm vi,Informational,—
những đôi giày,"Informational, Transactional",30,6,0,0,,Loại,Ngoài phạm vi plan,Ngoài phạm vi,Commercial investigation,—
những đôi giày chạy tốt nhất,Informational,30,9,0,0,,Loại,Ngoài phạm vi plan,Ngoài phạm vi,Comparison,—
nibon,"Informational, Transactional",30,31,0,0,,Loại,Ngoài phạm vi plan,Ngoài phạm vi,Commercial investigation,—
nike vincom bien hoa,Informational,30,21,0,0,,Loại,Ngoài phạm vi plan,Ngoài phạm vi,Informational,—
no pick,Informational,30,9,0,0,,Loại,Ngoài phạm vi plan,Ngoài phạm vi,Informational,—
non luoi trai nike,Informational,30,3,0,0,,Loại,Ngoài phạm vi plan,Ngoài phạm vi,Informational,—
non marking là gì,Informational,30,12,0,0,,Loại,Ngoài phạm vi plan,Ngoài phạm vi,Informational,—
nonthaitri vn,Navigational,30,10,0,0,,Loại,Ngoài phạm vi plan,Ngoài phạm vi,Informational,—
nên dán giày bằng keo gì,Informational,30,11,0,0,,Loại,Ngoài phạm vi plan,Ngoài phạm vi,Informational,—
nên mua giày thể thao hãng nào,Informational,30,4,0,0,,Loại,Ngoài phạm vi plan,Ngoài phạm vi,Transactional,—
nên mua vợt cầu lông nào,Informational,30,33,0.009999999776482582,0,,Loại,Ngoài phạm vi plan,Ngoài phạm vi,Transactional,—
nón nike lưới,Informational,30,10,0,0,,Loại,Ngoài phạm vi plan,Ngoài phạm vi,Informational,—
nỉ trơn,Informational,30,9,0,0,,Loại,Ngoài phạm vi plan,Ngoài phạm vi,Informational,—
nội quy clb cầu lông,Informational,30,9,0,0,,Loại,Ngoài phạm vi plan,Ngoài phạm vi,Informational,—
nội quy sân cầu lông,Informational,30,8,0,0,,Loại,Ngoài phạm vi plan,Ngoài phạm vi,Informational,—
nội quy đánh cầu lông,Informational,30,6,0,0,,Loại,Ngoài phạm vi plan,Ngoài phạm vi,Informational,—
okono tuyển dụng,Informational,30,15,0,0,,Loại,Ngoài phạm vi plan,Ngoài phạm vi,Informational,—
olino shop giày thể thao đẹp,Informational,30,19,0,0,,Loại,Ngoài phạm vi plan,Ngoài phạm vi,Transactional,—
order giày lining,Informational,30,7,0,0,,Loại,Ngoài phạm vi plan,Ngoài phạm vi,Informational,—
padno,Transactional,30,28,0,0,,Loại,Ngoài phạm vi plan,Ngoài phạm vi,Commercial investigation,—
phân biệt giày chính hãng,Informational,30,4,0,0,,Loại,Ngoài phạm vi plan,Ngoài phạm vi,Transactional,—
phơi giày trắng bị ố vàng,Informational,30,9,0,0,,Loại,Ngoài phạm vi plan,Ngoài phạm vi,Informational,—
pick label,Informational,30,9,0,0,,Loại,Ngoài phạm vi plan,Ngoài phạm vi,Informational,—
pink blade,Informational,30,9,0,0,,Loại,Ngoài phạm vi plan,Ngoài phạm vi,Informational,—
pocket lining,Informational,30,-1,0,0,,Loại,Ngoài phạm vi plan,Ngoài phạm vi,Informational,—
power 50,Informational,30,24,0,0,,Loại,Ngoài phạm vi plan,Ngoài phạm vi,Informational,—
pảino,Commercial,30,28,0,0,,Loại,Ngoài phạm vi plan,Ngoài phạm vi,Commercial investigation,—
qhono,Informational,30,27,0,0,,Loại,Ngoài phạm vi plan,Ngoài phạm vi,Informational,—
quả cầu lông lining,Informational,30,10,0,0,,Loại,Ngoài phạm vi plan,Ngoài phạm vi,Informational,—
review dép,Informational,30,11,0,0,,Loại,Ngoài phạm vi plan,Ngoài phạm vi,Informational,—
rửa giày,Transactional,30,18,0.03999999910593033,0,,Loại,Ngoài phạm vi plan,Ngoài phạm vi,Commercial investigation,—
rửa giày trắng,Informational,30,9,0.029999999329447746,0,,Loại,Ngoài phạm vi plan,Ngoài phạm vi,Informational,—
sandal buoc day,"Informational, Transactional",30,15,0,0,,Loại,Ngoài phạm vi plan,Ngoài phạm vi,Commercial investigation,—
set bộ thể thao,Informational,30,3,0,0,,Loại,Ngoài phạm vi plan,Ngoài phạm vi,Informational,—
set the thao,Informational,30,6,0,0,,Loại,Ngoài phạm vi plan,Ngoài phạm vi,Informational,—
shirt lining,Informational,30,11,0,0,,Loại,Ngoài phạm vi plan,Ngoài phạm vi,Informational,—
shop do boi,Commercial,30,46,0,0,,Loại,Ngoài phạm vi plan,Ngoài phạm vi,Transactional,—
shop thể thao online,Informational,30,57,0,0,,Loại,Ngoài phạm vi plan,Ngoài phạm vi,Transactional,—
shop thời trang mùa đông,Informational,30,8,0,0,,Loại,Ngoài phạm vi plan,Ngoài phạm vi,Transactional,—
shopbongchuyen,Navigational,30,23,0,0,,Loại,Ngoài phạm vi plan,Ngoài phạm vi,Informational,—
sky 323,Informational,30,20,0,0,,Loại,Ngoài phạm vi plan,Ngoài phạm vi,Informational,—
skylight giày,Navigational,30,19,0,0,,Loại,Ngoài phạm vi plan,Ngoài phạm vi,Informational,—
sooc là gì,Informational,30,15,0,0,,Loại,Ngoài phạm vi plan,Ngoài phạm vi,Informational,—
sp03,Informational,30,4,0,0,,Loại,Ngoài phạm vi plan,Ngoài phạm vi,Informational,—
sport van,Informational,30,39,0,0,,Loại,Ngoài phạm vi plan,Ngoài phạm vi,Informational,—
sports accessories,Informational,30,26,0,0,,Loại,Ngoài phạm vi plan,Ngoài phạm vi,Informational,—
sportuno,Navigational,30,31,0,0,,Loại,Ngoài phạm vi plan,Ngoài phạm vi,Informational,—
storm shop cơ sở 2,Commercial,30,30,0,0,,Loại,Ngoài phạm vi plan,Ngoài phạm vi,Transactional,—
swimwear vietnam,Commercial,30,20,0.10999999940395355,0,,Loại,Ngoài phạm vi plan,Ngoài phạm vi,Commercial investigation,—
sân cỏ nhân tạo và sân cỏ tự nhiên,Informational,30,2,0,0,,Loại,Ngoài phạm vi plan,Ngoài phạm vi,Informational,—
sịp không dây,Informational,30,9,0,0,,Loại,Ngoài phạm vi plan,Ngoài phạm vi,Informational,—
sịp trunk,Informational,30,11,0,0,,Loại,Ngoài phạm vi plan,Ngoài phạm vi,Informational,—
số u trên vợt cầu lông,Informational,30,6,0,0,,Loại,Ngoài phạm vi plan,Ngoài phạm vi,Informational,—
sửa cán vợt cầu lông,Informational,30,8,0,0,,Loại,Ngoài phạm vi plan,Ngoài phạm vi,Informational,—
t shirt description,Informational,30,31,0,0,,Loại,Ngoài phạm vi plan,Ngoài phạm vi,Informational,—
takono,Informational,30,22,0.23000000417232513,0,,Loại,Ngoài phạm vi plan,Ngoài phạm vi,Informational,—
tay cầm vợt cầu lông,"Informational, Transactional",30,10,0,0,,Loại,Ngoài phạm vi plan,Ngoài phạm vi,Commercial investigation,—
thông số lbs trên vợt cầu lông,Informational,30,3,0,0,,Loại,Ngoài phạm vi plan,Ngoài phạm vi,Informational,—
thông số u trên vợt cầu lông,Informational,30,5,0,0,,Loại,Ngoài phạm vi plan,Ngoài phạm vi,Informational,—
thương hiệu đồ bơi nổi tiếng,Informational,30,10,0,0,,Loại,Ngoài phạm vi plan,Ngoài phạm vi,Informational,—
thắt dây giày converse cổ cao,"Informational, Transactional",30,12,0,0,,Loại,Ngoài phạm vi plan,Ngoài phạm vi,Commercial investigation,—
thắt dây giày da,Informational,30,9,0,0,,Loại,Ngoài phạm vi plan,Ngoài phạm vi,Informational,—
thắt dây giày hình con bướm,"Informational, Transactional",30,9,0,0,,Loại,Ngoài phạm vi plan,Ngoài phạm vi,Commercial investigation,—
thắt dây giày nike đẹp,Informational,30,18,0,0,,Loại,Ngoài phạm vi plan,Ngoài phạm vi,Informational,—
thắt dây giày thể thao đẹp,"Informational, Transactional",30,14,0,0,,Loại,Ngoài phạm vi plan,Ngoài phạm vi,Commercial investigation,—
thắt dây giày tây đẹp,"Informational, Transactional",30,6,0,0,,Loại,Ngoài phạm vi plan,Ngoài phạm vi,Commercial investigation,—
thắt giày đẹp,"Informational, Transactional",30,10,0,0,,Loại,Ngoài phạm vi plan,Ngoài phạm vi,Commercial investigation,—
thẻ vàng trong cầu lông,Informational,30,9,0,0,,Loại,Ngoài phạm vi plan,Ngoài phạm vi,Informational,—
thời trang line,Informational,30,23,0.07000000029802322,0,,Loại,Ngoài phạm vi plan,Ngoài phạm vi,Informational,—
thời trang với giày thể thao,Informational,30,9,0,0,,Loại,Ngoài phạm vi plan,Ngoài phạm vi,Informational,—
tin tức về giày thể thao,Informational,30,6,0,0,,Loại,Ngoài phạm vi plan,Ngoài phạm vi,Informational,—
tiêu chuẩn vợt cầu lông,Informational,30,8,0,0,,Loại,Ngoài phạm vi plan,Ngoài phạm vi,Informational,—
tiến minh căng vợt bao nhiêu kg,Informational,30,19,0,0,,Loại,Ngoài phạm vi plan,Ngoài phạm vi,Informational,—
tmall lining,Informational,30,19,0,0,,Loại,Ngoài phạm vi plan,Ngoài phạm vi,Informational,—
tongue lining,Informational,30,9,0,0,,Loại,Ngoài phạm vi plan,Ngoài phạm vi,Informational,—
top hãng giày sneaker,Informational,30,5,0,0,,Loại,Ngoài phạm vi plan,Ngoài phạm vi,Informational,—
tr003,Informational,30,17,0,0,,Loại,Ngoài phạm vi plan,Ngoài phạm vi,Informational,—
tên giày,Informational,30,6,0,0,,Loại,Ngoài phạm vi plan,Ngoài phạm vi,Informational,—
túi đựng vợt cầu lông 2 ngăn,Informational,30,1,0.019999999552965164,0,,Loại,Ngoài phạm vi plan,Ngoài phạm vi,Informational,—
vợt cầu lông giá,Informational,30,54,0.019999999552965164,0,,Loại,Ngoài phạm vi plan,Ngoài phạm vi,Informational,—
vợt cầu lông giá bao nhiêu,Informational,30,31,0.029999999329447746,0,,Loại,Ngoài phạm vi plan,Ngoài phạm vi,Transactional,—
vợt cầu lông hcm,Commercial,30,41,0.019999999552965164,0,,Loại,Ngoài phạm vi plan,Ngoài phạm vi,Commercial investigation,—
vợt cầu lông loại tốt,Informational,30,14,0.019999999552965164,0,,Loại,Ngoài phạm vi plan,Ngoài phạm vi,Informational,—
vợt cầu lông xịn giá rẻ,Informational,30,52,0.019999999552965164,0,,Loại,Ngoài phạm vi plan,Ngoài phạm vi,Transactional,—
vợt đánh cầu,Informational,30,48,0.019999999552965164,0,,Loại,Ngoài phạm vi plan,Ngoài phạm vi,Informational,—
vợt đánh cầu lông loại nào tốt,Informational,30,9,0.019999999552965164,0,,Loại,Ngoài phạm vi plan,Ngoài phạm vi,Informational,—
xử lý giày trắng bị ố vàng,Informational,30,8,0.029999999329447746,0,,Loại,Ngoài phạm vi plan,Ngoài phạm vi,Informational,—
đế giày thể thao bị mòn,Informational,30,5,0.05000000074505806,0,,Loại,Ngoài phạm vi plan,Ngoài phạm vi,Informational,—
đồ bơi chính hãng,Informational,30,18,0.09000000357627869,0,,Loại,Ngoài phạm vi plan,Ngoài phạm vi,Transactional,—
đồ bơi lining,"Informational, Transactional",30,9,0.05000000074505806,0,,Loại,Ngoài phạm vi plan,Ngoài phạm vi,Commercial investigation,—
phụ kiện cầu lông,Informational,480,5,0.03999999910593033,0,,Loại,Ngoài phạm vi plan,Phụ kiện trang phục,Informational,—
tất thể thao,Informational,320,10,0.07000000029802322,0,,Loại,Ngoài phạm vi plan,Phụ kiện trang phục,Informational,—
tất cầu lông,Informational,170,11,0.03999999910593033,0,,Loại,Ngoài phạm vi plan,Phụ kiện trang phục,Informational,—
tất lining,"Informational, Transactional",140,10,0.029999999329447746,0,,Loại,Ngoài phạm vi plan,Phụ kiện trang phục,Commercial investigation,—
vớ ngắn,Informational,140,10,0.07999999821186066,0,,Loại,Ngoài phạm vi plan,Phụ kiện trang phục,Informational,—
tất lông,Informational,90,10,0,0,,Loại,Ngoài phạm vi plan,Phụ kiện trang phục,Informational,—
băng đô nike,Informational,70,10,0.07000000029802322,0,,Loại,Ngoài phạm vi plan,Phụ kiện trang phục,Informational,—
tất jordan,Informational,70,6,0,0,,Loại,Ngoài phạm vi plan,Phụ kiện trang phục,Informational,—
vớ bóng rổ,Informational,40,3,0.05999999865889549,0,,Loại,Ngoài phạm vi plan,Phụ kiện trang phục,Informational,—
băng đô tay thể thao,Informational,30,9,0,0,,Loại,Ngoài phạm vi plan,Phụ kiện trang phục,Informational,—
băng đô trán thể thao,Informational,30,5,0,0,,Loại,Ngoài phạm vi plan,Phụ kiện trang phục,Informational,—
cách gấp tất gọn gàng,Informational,30,23,0,0,,Loại,Ngoài phạm vi plan,Phụ kiện trang phục,Informational,—
cách xếp vớ gọn,Informational,30,25,0,0,,Loại,Ngoài phạm vi plan,Phụ kiện trang phục,Informational,—
giày trắng đi với tất màu gì,Informational,30,6,0,0,,Loại,Ngoài phạm vi plan,Phụ kiện trang phục,Informational,—
mix tất với giày thể thao,Informational,30,6,0,0,,Loại,Ngoài phạm vi plan,Phụ kiện trang phục,Informational,—
vớ lining,Commercial,30,9,0.07000000029802322,0,,Loại,Ngoài phạm vi plan,Phụ kiện trang phục,Commercial investigation,—
so sánh anta và lining,Informational,90,19,0,0,,Loại,Ngoài phạm vi plan,So sánh lựa chọn,Comparison,—
giày đá bóng nên mang rộng hay chật,Informational,30,7,0,0,,Loại,Ngoài phạm vi plan,So sánh lựa chọn,Comparison,—
so sánh adidas và lining,Informational,30,8,0,0,,Loại,Ngoài phạm vi plan,So sánh lựa chọn,Comparison,—
so sánh giày anta và lining,Informational,30,11,0,0,,Loại,Ngoài phạm vi plan,So sánh lựa chọn,Comparison,—
vợt pickleball,Informational,22200,16,0.05000000074505806,0,,Loại,Pickleball,Kiến thức Pickleball hỗ trợ chọn đồ,Informational,—
giày pickleball,Informational,2400,12,0.07999999821186066,0,,Loại,Pickleball,Kiến thức Pickleball hỗ trợ chọn đồ,Informational,—
pickleball shoes,Informational,390,19,0.11999999731779099,0,,Loại,Pickleball,Kiến thức Pickleball hỗ trợ chọn đồ,Informational,—
giặt giày,Transactional,5400,14,0.1599999964237213,0,,Loại,"Size, fit & chăm sóc","Giặt, khử mùi và bảo quản",Care / Informational,—
giặt giày bằng máy giặt,Informational,390,15,0.019999999552965164,0,,Loại,"Size, fit & chăm sóc","Giặt, khử mùi và bảo quản",Care / Informational,—
cách giặt giày thể thao,Informational,320,14,0.009999999776482582,0,,Loại,"Size, fit & chăm sóc","Giặt, khử mùi và bảo quản",Care / Informational,—
cách giặt giày trắng,Informational,260,14,0.009999999776482582,0,,Loại,"Size, fit & chăm sóc","Giặt, khử mùi và bảo quản",Care / Informational,—
giặt giày thể thao,Informational,260,16,0.07999999821186066,0,,Loại,"Size, fit & chăm sóc","Giặt, khử mùi và bảo quản",Care / Informational,—
giặt giày trắng,Informational,170,16,0.11999999731779099,0,,Loại,"Size, fit & chăm sóc","Giặt, khử mùi và bảo quản",Care / Informational,—
cách giặt giày bằng máy giặt,Informational,110,17,0.009999999776482582,0,,Loại,"Size, fit & chăm sóc","Giặt, khử mùi và bảo quản",Care / Informational,—
cách giặt giày thể thao trắng,Informational,110,11,0.009999999776482582,0,,Loại,"Size, fit & chăm sóc","Giặt, khử mùi và bảo quản",Care / Informational,—
cách làm sạch giày trắng không cần giặt,Informational,110,5,0,0,,Loại,"Size, fit & chăm sóc","Giặt, khử mùi và bảo quản",Care / Informational,—
máy giặt giày thể thao,Informational,50,11,0.05999999865889549,0,,Loại,"Size, fit & chăm sóc","Giặt, khử mùi và bảo quản",Care / Informational,—
có nên giặt giày,Informational,40,11,0,0,,Loại,"Size, fit & chăm sóc","Giặt, khử mùi và bảo quản",Care / Informational,—
giặt giày trắng đúng cách,Informational,40,10,0.009999999776482582,0,,Loại,"Size, fit & chăm sóc","Giặt, khử mùi và bảo quản",Care / Informational,—
bảo quản vợt cầu lông,Informational,30,4,0,0,,Loại,"Size, fit & chăm sóc","Giặt, khử mùi và bảo quản",Care / Informational,—
bỏ giày vào máy giặt,Informational,30,15,0,0,,Loại,"Size, fit & chăm sóc","Giặt, khử mùi và bảo quản",Care / Informational,—
bột giặt giày,Informational,30,18,0.05999999865889549,0,,Loại,"Size, fit & chăm sóc","Giặt, khử mùi và bảo quản",Care / Informational,—
cách bảo quản vợt bóng bàn,Informational,30,5,0,0,,Loại,"Size, fit & chăm sóc","Giặt, khử mùi và bảo quản",Care / Informational,—
cách giặt dép adidas,Informational,30,10,0,0,,Loại,"Size, fit & chăm sóc","Giặt, khử mùi và bảo quản",Care / Informational,—
cách giặt giày adidas,Informational,30,10,0.009999999776482582,0,,Loại,"Size, fit & chăm sóc","Giặt, khử mùi và bảo quản",Care / Informational,—
cách giặt giày bóng rổ,"Informational, Transactional",30,5,0,0,,Loại,"Size, fit & chăm sóc","Giặt, khử mùi và bảo quản",Care / Informational,—
cách giặt giày bóng đá,Informational,30,6,0,0,,Loại,"Size, fit & chăm sóc","Giặt, khử mùi và bảo quản",Care / Informational,—
cách giặt giày bằng kem đánh răng,Informational,30,9,0,0,,Loại,"Size, fit & chăm sóc","Giặt, khử mùi và bảo quản",Care / Informational,—
cách giặt giày sneaker trắng,Informational,30,9,0,0,,Loại,"Size, fit & chăm sóc","Giặt, khử mùi và bảo quản",Care / Informational,—
cách giặt giày thể thao màu trắng,Informational,30,10,0.009999999776482582,0,,Loại,"Size, fit & chăm sóc","Giặt, khử mùi và bảo quản",Care / Informational,—
cách giặt giày trắng bị ố vàng,Informational,30,8,0.029999999329447746,0,,Loại,"Size, fit & chăm sóc","Giặt, khử mùi và bảo quản",Care / Informational,—
cách giặt giày tại nhà,Informational,30,13,0.009999999776482582,0,,Loại,"Size, fit & chăm sóc","Giặt, khử mùi và bảo quản",Care / Informational,—
cách giặt giầy trắng không bị ố vàng,Informational,30,9,0.009999999776482582,0,,Loại,"Size, fit & chăm sóc","Giặt, khử mùi và bảo quản",Care / Informational,—
dùng baking soda giặt giày,Informational,30,9,0,0,,Loại,"Size, fit & chăm sóc","Giặt, khử mùi và bảo quản",Care / Informational,—
giày mới mua có nên giặt không,Informational,30,16,0,0,,Loại,"Size, fit & chăm sóc","Giặt, khử mùi và bảo quản",Care / Informational,—
giày thể thao có nên giặt,Informational,30,10,0,0,,Loại,"Size, fit & chăm sóc","Giặt, khử mùi và bảo quản",Care / Informational,—
giày trắng giặt xong bị ố vàng,Informational,30,9,0.009999999776482582,0,,Loại,"Size, fit & chăm sóc","Giặt, khử mùi và bảo quản",Care / Informational,—
giặt dây giày,Informational,30,11,0,0,,Loại,"Size, fit & chăm sóc","Giặt, khử mùi và bảo quản",Care / Informational,—
giặt giày bằng thuốc tẩy,Informational,30,14,0,0,,Loại,"Size, fit & chăm sóc","Giặt, khử mùi và bảo quản",Care / Informational,—
giặt giày như thế nào,Informational,30,15,0,0,,Loại,"Size, fit & chăm sóc","Giặt, khử mùi và bảo quản",Care / Informational,—
giặt giày trắng bằng gì,Informational,30,10,0,0,,Loại,"Size, fit & chăm sóc","Giặt, khử mùi và bảo quản",Care / Informational,—
giặt giày trắng bị ố,Informational,30,9,0,0,,Loại,"Size, fit & chăm sóc","Giặt, khử mùi và bảo quản",Care / Informational,—
giặt giày trắng xong bị ố vàng,Informational,30,10,0,0,,Loại,"Size, fit & chăm sóc","Giặt, khử mùi và bảo quản",Care / Informational,—
giặt giày tại nhà,Informational,30,11,0.03999999910593033,0,,Loại,"Size, fit & chăm sóc","Giặt, khử mùi và bảo quản",Care / Informational,—
giặt giày vans,Informational,30,6,0,0,,Loại,"Size, fit & chăm sóc","Giặt, khử mùi và bảo quản",Care / Informational,—
giặt giày với baking soda,Informational,30,8,0,0,,Loại,"Size, fit & chăm sóc","Giặt, khử mùi và bảo quản",Care / Informational,—
hướng dẫn cách giặt giày thể thao,Informational,30,7,0,0,,Loại,"Size, fit & chăm sóc","Giặt, khử mùi và bảo quản",Care / Informational,—
nước giặt giày sneaker,Informational,30,7,0,0,,Loại,"Size, fit & chăm sóc","Giặt, khử mùi và bảo quản",Care / Informational,—
size giày lining,Informational,320,12,0,0,,Loại,"Size, fit & chăm sóc",Size và đo cơ thể,Size / Conversion support,—
bảng size giày lining,Informational,260,8,0,0,,Loại,"Size, fit & chăm sóc",Size và đo cơ thể,Size / Conversion support,—
kích thước vợt cầu lông,Informational,170,8,0,0,,Loại,"Size, fit & chăm sóc",Size và đo cơ thể,Size / Conversion support,—
size giày lining nam,Informational,140,8,0.029999999329447746,0,,Loại,"Size, fit & chăm sóc",Size và đo cơ thể,Size / Conversion support,—
bảng size giày lining nam,Informational,110,9,0,0,,Loại,"Size, fit & chăm sóc",Size và đo cơ thể,Size / Conversion support,—
size lining,"Informational, Transactional",110,12,0,0,,Loại,"Size, fit & chăm sóc",Size và đo cơ thể,Size / Conversion support,—
bảng size giày lining nữ,Informational,50,7,0,0,,Loại,"Size, fit & chăm sóc",Size và đo cơ thể,Size / Conversion support,—
bảng size áo bóng chuyền nữ,Informational,40,1,0,0,,Loại,"Size, fit & chăm sóc",Size và đo cơ thể,Size / Conversion support,—
bảng size giày nam lining,Informational,30,6,0,0,,Loại,"Size, fit & chăm sóc",Size và đo cơ thể,Size / Conversion support,—
bảng size áo khoác lining nam,Informational,30,8,0,0,,Loại,"Size, fit & chăm sóc",Size và đo cơ thể,Size / Conversion support,—
lining size,Informational,30,9,0,0,,Loại,"Size, fit & chăm sóc",Size và đo cơ thể,Size / Conversion support,—
giày chạy bộ nam,Informational,2900,11,0.10000000149011612,0,,Loại,Tennis & Running,Chọn đồ nam,Comparison,—
giày running nam,Informational,720,10,0.05000000074505806,0,,Loại,Tennis & Running,Chọn đồ nam,Informational,—
giầy tennis nam,Informational,320,10,0.05000000074505806,0,,Loại,Tennis & Running,Chọn đồ nam,Informational,—
giày chạy bộ nam nike,Informational,210,14,0.05999999865889549,0,,Loại,Tennis & Running,Chọn đồ nam,Comparison,—
giày chạy bộ nike nam,Informational,170,10,0.07000000029802322,0,,Loại,Tennis & Running,Chọn đồ nam,Comparison,—
giày chạy bộ lining nam,Informational,140,9,0.05000000074505806,0,,Loại,Tennis & Running,Chọn đồ nam,Comparison,—
giày nike chay bo nam,Informational,110,9,0.05999999865889549,0,,Loại,Tennis & Running,Chọn đồ nam,Comparison,—
giày chạy bộ nam chính hãng,Informational,90,22,0.05999999865889549,0,,Loại,Tennis & Running,Chọn đồ nam,Comparison,—
giày chạy bộ nam siêu nhẹ,Informational,70,9,0.05000000074505806,0,,Loại,Tennis & Running,Chọn đồ nam,Comparison,—
giày thể thao chạy bộ nam,Informational,40,9,0.10000000149011612,0,,Loại,Tennis & Running,Chọn đồ nam,Comparison,—
giày chạy bộ nam giá rẻ tphcm,Informational,30,8,0,0,,Loại,Tennis & Running,Chọn đồ nam,Comparison,—
giày chạy bộ nam hà nội,Informational,30,6,0,0,,Loại,Tennis & Running,Chọn đồ nam,Comparison,—
giày chạy bộ nam tốt nhất,Informational,30,13,0.029999999329447746,0,,Loại,Tennis & Running,Chọn đồ nam,Comparison,—
giày nike nam chạy bộ,Informational,30,8,0.05999999865889549,0,,Loại,Tennis & Running,Chọn đồ nam,Comparison,—
giày thể thao chạy bộ cho nam,Informational,30,14,0,0,,Loại,Tennis & Running,Chọn đồ nam,Comparison,—
giày chạy bộ nữ,Informational,1000,10,0.05000000074505806,0,,Loại,Tennis & Running,Chọn đồ nữ,Comparison,—
giày tennis nữ,Informational,390,9,0.05000000074505806,0,,Loại,Tennis & Running,Chọn đồ nữ,Informational,—
giày chạy bộ nữ nike,Informational,140,10,0.05000000074505806,0,,Loại,Tennis & Running,Chọn đồ nữ,Comparison,—
giày chạy bộ lining nữ,"Informational, Transactional",110,9,0.07000000029802322,0,,Loại,Tennis & Running,Chọn đồ nữ,Comparison,—
giày chạy bộ nike nữ,Informational,110,13,0.05999999865889549,0,,Loại,Tennis & Running,Chọn đồ nữ,Comparison,—
giày chạy bộ nữ êm chân,Informational,90,7,0.05000000074505806,0,,Loại,Tennis & Running,Chọn đồ nữ,Comparison,—
giày chạy bộ nữ nên mua loại nào,Informational,70,9,0.029999999329447746,0,,Loại,Tennis & Running,Chọn đồ nữ,Comparison,—
giày chạy bộ nữ giá rẻ,Informational,30,8,0.05999999865889549,0,,Loại,Tennis & Running,Chọn đồ nữ,Comparison,—
giày nike nữ chạy bộ,Informational,30,6,0.05000000074505806,0,,Loại,Tennis & Running,Chọn đồ nữ,Comparison,—
giày running nữ,Informational,30,9,0.05000000074505806,0,,Loại,Tennis & Running,Chọn đồ nữ,Informational,—
giày tennis cho nữ,Informational,30,8,0.019999999552965164,0,,Loại,Tennis & Running,Chọn đồ nữ,Informational,—
giày thể thao nữ chạy bộ,Informational,30,7,0.07000000029802322,0,,Loại,Tennis & Running,Chọn đồ nữ,Comparison,—
giày chạy bộ,Informational,8100,12,0.07999999821186066,0,,Loại,Tennis & Running,Kiến thức Tennis/Running hỗ trợ chọn đồ,Comparison,—
giày tennis,Informational,2400,16,0.05000000074505806,0,,Loại,Tennis & Running,Kiến thức Tennis/Running hỗ trợ chọn đồ,Informational,—
giày chạy bộ lining,"Informational, Transactional",720,10,0.05000000074505806,0,,Loại,Tennis & Running,Kiến thức Tennis/Running hỗ trợ chọn đồ,Comparison,—
giày running,Informational,390,10,0.03999999910593033,0,,Loại,Tennis & Running,Kiến thức Tennis/Running hỗ trợ chọn đồ,Informational,—
giày chạy marathon,Informational,170,9,0.03999999910593033,0,,Loại,Tennis & Running,Kiến thức Tennis/Running hỗ trợ chọn đồ,Comparison,—
giày chạy bộ chính hãng,Informational,140,18,0.05999999865889549,0,,Loại,Tennis & Running,Kiến thức Tennis/Running hỗ trợ chọn đồ,Comparison,—
giày chạy bộ tốt,Informational,140,15,0.07999999821186066,0,,Loại,Tennis & Running,Kiến thức Tennis/Running hỗ trợ chọn đồ,Comparison,—
giày lining chạy bộ,"Informational, Transactional",140,9,0.03999999910593033,0,,Loại,Tennis & Running,Kiến thức Tennis/Running hỗ trợ chọn đồ,Comparison,—
li ning running shoes,"Informational, Transactional",140,22,0.03999999910593033,0,,Loại,Tennis & Running,Kiến thức Tennis/Running hỗ trợ chọn đồ,Commercial investigation,—
giày chuyên chạy bộ,Informational,110,9,0.03999999910593033,0,,Loại,Tennis & Running,Kiến thức Tennis/Running hỗ trợ chọn đồ,Comparison,—
quấn cán vợt tennis,Informational,110,6,0.019999999552965164,0,,Loại,Tennis & Running,Kiến thức Tennis/Running hỗ trợ chọn đồ,Informational,—
shop giày chạy bộ,Commercial,110,15,0.05000000074505806,0,,Loại,Tennis & Running,Kiến thức Tennis/Running hỗ trợ chọn đồ,Comparison,—
giày chạy bộ trẻ em,Informational,90,9,0.03999999910593033,0,,Loại,Tennis & Running,Kiến thức Tennis/Running hỗ trợ chọn đồ,Comparison,—
giày tennis chính hãng,Informational,90,13,0.05999999865889549,0,,Loại,Tennis & Running,Kiến thức Tennis/Running hỗ trợ chọn đồ,Transactional,—
giày đánh tennis,Informational,90,10,0.05000000074505806,0,,Loại,Tennis & Running,Kiến thức Tennis/Running hỗ trợ chọn đồ,Informational,—
mua giày chạy bộ,Informational,90,9,0.10999999940395355,0,,Loại,Tennis & Running,Kiến thức Tennis/Running hỗ trợ chọn đồ,Comparison,—
quấn vợt tennis,Informational,70,9,0.029999999329447746,0,,Loại,Tennis & Running,Kiến thức Tennis/Running hỗ trợ chọn đồ,Informational,—
cách buộc dây giày chạy bộ,"Informational, Transactional",50,9,0,0,,Loại,Tennis & Running,Kiến thức Tennis/Running hỗ trợ chọn đồ,Comparison,—
dán đế giày tennis,Informational,50,6,0,0,,Loại,Tennis & Running,Kiến thức Tennis/Running hỗ trợ chọn đồ,Informational,—
chạy bộ nên mua giày nào,Informational,30,9,0.019999999552965164,0,,Loại,Tennis & Running,Kiến thức Tennis/Running hỗ trợ chọn đồ,Comparison,—
cuốn cán vợt tennis,"Informational, Transactional",30,4,0.05000000074505806,0,,Loại,Tennis & Running,Kiến thức Tennis/Running hỗ trợ chọn đồ,Commercial investigation,—
các thông số trên vợt tennis,Informational,30,5,0,0,,Loại,Tennis & Running,Kiến thức Tennis/Running hỗ trợ chọn đồ,Informational,—
cách cầm vợt tennis cơ bản,"Informational, Transactional",30,6,0,0,,Loại,Tennis & Running,Kiến thức Tennis/Running hỗ trợ chọn đồ,Informational,—
cách mở vợt trong tennis,Informational,30,9,0,0,,Loại,Tennis & Running,Kiến thức Tennis/Running hỗ trợ chọn đồ,Informational,—
cách quấn cán vợt tennis,"Informational, Transactional",30,25,0,0,,Loại,Tennis & Running,Kiến thức Tennis/Running hỗ trợ chọn đồ,Informational,—
cách thắt dây giày chạy bộ,"Informational, Transactional",30,7,0,0,,Loại,Tennis & Running,Kiến thức Tennis/Running hỗ trợ chọn đồ,Comparison,—
căng vợt tennis bao nhiêu kg,Informational,30,8,0,0,,Loại,Tennis & Running,Kiến thức Tennis/Running hỗ trợ chọn đồ,Informational,—
cốt vợt tennis,Informational,30,4,0,0,,Loại,Tennis & Running,Kiến thức Tennis/Running hỗ trợ chọn đồ,Informational,—
giày chuyên chạy marathon,Informational,30,7,0,0,,Loại,Tennis & Running,Kiến thức Tennis/Running hỗ trợ chọn đồ,Comparison,—
giày chạy bộ chống nước,Informational,30,7,0.03999999910593033,0,,Loại,Tennis & Running,Kiến thức Tennis/Running hỗ trợ chọn đồ,Comparison,—
giày chạy bộ giá dưới 1 triệu,Informational,30,10,0,0,,Loại,Tennis & Running,Kiến thức Tennis/Running hỗ trợ chọn đồ,Comparison,—
giày chạy bộ hcm,Informational,30,12,0,0,,Loại,Tennis & Running,Kiến thức Tennis/Running hỗ trợ chọn đồ,Comparison,—
giày chạy bộ nên mua loại nào,Informational,30,10,0.019999999552965164,0,,Loại,Tennis & Running,Kiến thức Tennis/Running hỗ trợ chọn đồ,Comparison,—
giày chạy bộ tốt giá rẻ,"Informational, Transactional",30,9,0.019999999552965164,0,,Loại,Tennis & Running,Kiến thức Tennis/Running hỗ trợ chọn đồ,Comparison,—
giày chạy bộ tốt nhất hiện nay,Informational,30,7,0.029999999329447746,0,,Loại,Tennis & Running,Kiến thức Tennis/Running hỗ trợ chọn đồ,Comparison,—
giày running lining,Informational,30,9,0.029999999329447746,0,,Loại,Tennis & Running,Kiến thức Tennis/Running hỗ trợ chọn đồ,Informational,—
giày running shoes,Informational,30,9,0,0,,Loại,Tennis & Running,Kiến thức Tennis/Running hỗ trợ chọn đồ,Informational,—
giày thể thao tennis,Informational,30,5,0.05999999865889549,0,,Loại,Tennis & Running,Kiến thức Tennis/Running hỗ trợ chọn đồ,Informational,—
giày tập chạy bộ,Informational,30,15,0,0,,Loại,Tennis & Running,Kiến thức Tennis/Running hỗ trợ chọn đồ,Comparison,—
giày tập tennis,Informational,30,-1,0,0,,Loại,Tennis & Running,Kiến thức Tennis/Running hỗ trợ chọn đồ,Informational,—
hình ảnh vợt tennis,Informational,30,16,0,0,,Loại,Tennis & Running,Kiến thức Tennis/Running hỗ trợ chọn đồ,Informational,—
kỹ thuật đoa bóng tennis,Informational,30,11,0,0,,Loại,Tennis & Running,Kiến thức Tennis/Running hỗ trợ chọn đồ,Informational,—
kỹ thuật đè bóng trong tennis,Informational,30,17,0,0,,Loại,Tennis & Running,Kiến thức Tennis/Running hỗ trợ chọn đồ,Informational,—
lining running,"Navigational, Transactional",30,18,0.05000000074505806,0,,Loại,Tennis & Running,Kiến thức Tennis/Running hỗ trợ chọn đồ,Commercial investigation,—
nên mua giày chạy bộ nào,Informational,30,10,0.029999999329447746,0,,Loại,Tennis & Running,Kiến thức Tennis/Running hỗ trợ chọn đồ,Comparison,—
nên mua giày tennis hãng nào,Informational,30,9,0,0,,Loại,Tennis & Running,Kiến thức Tennis/Running hỗ trợ chọn đồ,Transactional,—
quấn cán vợt tennis babolat,"Informational, Transactional",30,9,0,0,,Loại,Tennis & Running,Kiến thức Tennis/Running hỗ trợ chọn đồ,Commercial investigation,—
giày chạy bộ khác giày đi bộ,Informational,30,-1,0,0,,Loại,Tennis & Running,So sánh lựa chọn,Comparison,—
